USE [master]
GO
/****** Object:  Database [Wagemanagement]    Script Date: 2022/1/19 12:17:25 ******/
CREATE DATABASE [Wagemanagement]
 CONTAINMENT = NONE
 ON  PRIMARY 
( NAME = N'Wagemanagement', FILENAME = N'F:\RJ\SQL\MSSQL15.MSSQLSERVER\MSSQL\DATA\Wagemanagement.mdf' , SIZE = 8192KB , MAXSIZE = UNLIMITED, FILEGROWTH = 65536KB )
 LOG ON 
( NAME = N'Wagemanagement_log', FILENAME = N'F:\RJ\SQL\MSSQL15.MSSQLSERVER\MSSQL\DATA\Wagemanagement_log.ldf' , SIZE = 8192KB , MAXSIZE = 2048GB , FILEGROWTH = 65536KB )
 WITH CATALOG_COLLATION = DATABASE_DEFAULT
GO
ALTER DATABASE [Wagemanagement] SET COMPATIBILITY_LEVEL = 150
GO
IF (1 = FULLTEXTSERVICEPROPERTY('IsFullTextInstalled'))
begin
EXEC [Wagemanagement].[dbo].[sp_fulltext_database] @action = 'enable'
end
GO
ALTER DATABASE [Wagemanagement] SET ANSI_NULL_DEFAULT OFF 
GO
ALTER DATABASE [Wagemanagement] SET ANSI_NULLS OFF 
GO
ALTER DATABASE [Wagemanagement] SET ANSI_PADDING OFF 
GO
ALTER DATABASE [Wagemanagement] SET ANSI_WARNINGS OFF 
GO
ALTER DATABASE [Wagemanagement] SET ARITHABORT OFF 
GO
ALTER DATABASE [Wagemanagement] SET AUTO_CLOSE OFF 
GO
ALTER DATABASE [Wagemanagement] SET AUTO_SHRINK OFF 
GO
ALTER DATABASE [Wagemanagement] SET AUTO_UPDATE_STATISTICS ON 
GO
ALTER DATABASE [Wagemanagement] SET CURSOR_CLOSE_ON_COMMIT OFF 
GO
ALTER DATABASE [Wagemanagement] SET CURSOR_DEFAULT  GLOBAL 
GO
ALTER DATABASE [Wagemanagement] SET CONCAT_NULL_YIELDS_NULL OFF 
GO
ALTER DATABASE [Wagemanagement] SET NUMERIC_ROUNDABORT OFF 
GO
ALTER DATABASE [Wagemanagement] SET QUOTED_IDENTIFIER OFF 
GO
ALTER DATABASE [Wagemanagement] SET RECURSIVE_TRIGGERS OFF 
GO
ALTER DATABASE [Wagemanagement] SET  DISABLE_BROKER 
GO
ALTER DATABASE [Wagemanagement] SET AUTO_UPDATE_STATISTICS_ASYNC OFF 
GO
ALTER DATABASE [Wagemanagement] SET DATE_CORRELATION_OPTIMIZATION OFF 
GO
ALTER DATABASE [Wagemanagement] SET TRUSTWORTHY OFF 
GO
ALTER DATABASE [Wagemanagement] SET ALLOW_SNAPSHOT_ISOLATION OFF 
GO
ALTER DATABASE [Wagemanagement] SET PARAMETERIZATION SIMPLE 
GO
ALTER DATABASE [Wagemanagement] SET READ_COMMITTED_SNAPSHOT OFF 
GO
ALTER DATABASE [Wagemanagement] SET HONOR_BROKER_PRIORITY OFF 
GO
ALTER DATABASE [Wagemanagement] SET RECOVERY FULL 
GO
ALTER DATABASE [Wagemanagement] SET  MULTI_USER 
GO
ALTER DATABASE [Wagemanagement] SET PAGE_VERIFY CHECKSUM  
GO
ALTER DATABASE [Wagemanagement] SET DB_CHAINING OFF 
GO
ALTER DATABASE [Wagemanagement] SET FILESTREAM( NON_TRANSACTED_ACCESS = OFF ) 
GO
ALTER DATABASE [Wagemanagement] SET TARGET_RECOVERY_TIME = 60 SECONDS 
GO
ALTER DATABASE [Wagemanagement] SET DELAYED_DURABILITY = DISABLED 
GO
ALTER DATABASE [Wagemanagement] SET ACCELERATED_DATABASE_RECOVERY = OFF  
GO
EXEC sys.sp_db_vardecimal_storage_format N'Wagemanagement', N'ON'
GO
ALTER DATABASE [Wagemanagement] SET QUERY_STORE = OFF
GO
USE [Wagemanagement]
GO
/****** Object:  Table [dbo].[Bonus]    Script Date: 2022/1/19 12:17:25 ******/
SET ANSI_NULLS ON
GO
SET QUOTED_IDENTIFIER ON
GO
CREATE TABLE [dbo].[Bonus](
	[Bonus_Id] [int] IDENTITY(1,1) NOT NULL,
	[BonusName] [nvarchar](50) NOT NULL,
	[Bonus_pirce] [decimal](18, 0) NOT NULL,
 CONSTRAINT [PK_Bonus] PRIMARY KEY CLUSTERED 
(
	[Bonus_Id] ASC
)WITH (PAD_INDEX = OFF, STATISTICS_NORECOMPUTE = OFF, IGNORE_DUP_KEY = OFF, ALLOW_ROW_LOCKS = ON, ALLOW_PAGE_LOCKS = ON, OPTIMIZE_FOR_SEQUENTIAL_KEY = OFF) ON [PRIMARY]
) ON [PRIMARY]
GO
/****** Object:  Table [dbo].[Bonus_Records]    Script Date: 2022/1/19 12:17:25 ******/
SET ANSI_NULLS ON
GO
SET QUOTED_IDENTIFIER ON
GO
CREATE TABLE [dbo].[Bonus_Records](
	[BR_id] [int] IDENTITY(1,1) NOT NULL,
	[Staff_id] [int] NOT NULL,
	[Bonus_Id] [int] NOT NULL,
	[CR_date] [date] NOT NULL,
 CONSTRAINT [PK_Bonus_Records] PRIMARY KEY CLUSTERED 
(
	[BR_id] ASC
)WITH (PAD_INDEX = OFF, STATISTICS_NORECOMPUTE = OFF, IGNORE_DUP_KEY = OFF, ALLOW_ROW_LOCKS = ON, ALLOW_PAGE_LOCKS = ON, OPTIMIZE_FOR_SEQUENTIAL_KEY = OFF) ON [PRIMARY]
) ON [PRIMARY]
GO
/****** Object:  Table [dbo].[Store]    Script Date: 2022/1/19 12:17:25 ******/
SET ANSI_NULLS ON
GO
SET QUOTED_IDENTIFIER ON
GO
CREATE TABLE [dbo].[Store](
	[Store_Id] [int] IDENTITY(1,1) NOT NULL,
	[Store_Name] [nvarchar](50) NOT NULL,
	[Store_Address] [nvarchar](50) NOT NULL,
	[StoreLeader] [nvarchar](50) NOT NULL,
	[Store_state] [nvarchar](50) NOT NULL,
	[Store_Remarks] [nvarchar](50) NULL,
 CONSTRAINT [PK_Store)] PRIMARY KEY CLUSTERED 
(
	[Store_Id] ASC
)WITH (PAD_INDEX = OFF, STATISTICS_NORECOMPUTE = OFF, IGNORE_DUP_KEY = OFF, ALLOW_ROW_LOCKS = ON, ALLOW_PAGE_LOCKS = ON, OPTIMIZE_FOR_SEQUENTIAL_KEY = OFF) ON [PRIMARY]
) ON [PRIMARY]
GO
/****** Object:  Table [dbo].[Staff]    Script Date: 2022/1/19 12:17:25 ******/
SET ANSI_NULLS ON
GO
SET QUOTED_IDENTIFIER ON
GO
CREATE TABLE [dbo].[Staff](
	[Staff_id] [int] NOT NULL,
	[Staff_Pwd] [nvarchar](20) NOT NULL,
	[Staff_Name] [nvarchar](50) NOT NULL,
	[Sraff_State] [nvarchar](50) NOT NULL,
	[Role_id] [int] NOT NULL,
	[Grade_Id] [int] NOT NULL,
	[Department_Id] [int] NOT NULL,
	[Staff_Sex] [int] NOT NULL,
	[Staff_Address] [nvarchar](50) NOT NULL,
	[Staff_Phone] [nvarchar](50) NOT NULL,
	[Store_Id] [int] NOT NULL,
	[Staff_Email] [nvarchar](50) NOT NULL,
	[Staff_hiredate] [date] NULL,
	[Staff_Remark] [nvarchar](50) NULL,
 CONSTRAINT [PK_Staff_1] PRIMARY KEY CLUSTERED 
(
	[Staff_id] ASC
)WITH (PAD_INDEX = OFF, STATISTICS_NORECOMPUTE = OFF, IGNORE_DUP_KEY = OFF, ALLOW_ROW_LOCKS = ON, ALLOW_PAGE_LOCKS = ON, OPTIMIZE_FOR_SEQUENTIAL_KEY = OFF) ON [PRIMARY]
) ON [PRIMARY]
GO
/****** Object:  View [dbo].[Bonus_Rd_View]    Script Date: 2022/1/19 12:17:25 ******/
SET ANSI_NULLS ON
GO
SET QUOTED_IDENTIFIER ON
GO
CREATE VIEW [dbo].[Bonus_Rd_View]
AS
SELECT  dbo.Bonus_Records.BR_id, dbo.Bonus_Records.Staff_id, dbo.Bonus.BonusName, dbo.Staff.Staff_Name, 
                   dbo.Bonus_Records.CR_date, dbo.Store.Store_Name
FROM      dbo.Bonus_Records INNER JOIN
                   dbo.Bonus ON dbo.Bonus_Records.Bonus_Id = dbo.Bonus.Bonus_Id INNER JOIN
                   dbo.Staff ON dbo.Bonus_Records.Staff_id = dbo.Staff.Staff_id INNER JOIN
                   dbo.Store ON dbo.Staff.Store_Id = dbo.Store.Store_Id
GO
/****** Object:  Table [dbo].[Cwa_Records]    Script Date: 2022/1/19 12:17:25 ******/
SET ANSI_NULLS ON
GO
SET QUOTED_IDENTIFIER ON
GO
CREATE TABLE [dbo].[Cwa_Records](
	[CR_id] [int] IDENTITY(1,1) NOT NULL,
	[Staff_id] [int] NOT NULL,
	[Cwa_id] [int] NOT NULL,
	[CR_Frequency] [decimal](18, 0) NOT NULL,
	[CR_date] [date] NOT NULL,
 CONSTRAINT [PK_Cwa_Records] PRIMARY KEY CLUSTERED 
(
	[CR_id] ASC
)WITH (PAD_INDEX = OFF, STATISTICS_NORECOMPUTE = OFF, IGNORE_DUP_KEY = OFF, ALLOW_ROW_LOCKS = ON, ALLOW_PAGE_LOCKS = ON, OPTIMIZE_FOR_SEQUENTIAL_KEY = OFF) ON [PRIMARY]
) ON [PRIMARY]
GO
/****** Object:  Table [dbo].[Cwa]    Script Date: 2022/1/19 12:17:25 ******/
SET ANSI_NULLS ON
GO
SET QUOTED_IDENTIFIER ON
GO
CREATE TABLE [dbo].[Cwa](
	[Cwa_id] [int] IDENTITY(1,1) NOT NULL,
	[Cwa_Name] [nvarchar](50) NOT NULL,
	[Cwa_pirce] [decimal](18, 1) NOT NULL,
 CONSTRAINT [PK_Cwa] PRIMARY KEY CLUSTERED 
(
	[Cwa_id] ASC
)WITH (PAD_INDEX = OFF, STATISTICS_NORECOMPUTE = OFF, IGNORE_DUP_KEY = OFF, ALLOW_ROW_LOCKS = ON, ALLOW_PAGE_LOCKS = ON, OPTIMIZE_FOR_SEQUENTIAL_KEY = OFF) ON [PRIMARY]
) ON [PRIMARY]
GO
/****** Object:  View [dbo].[Cwa_Rd_View]    Script Date: 2022/1/19 12:17:25 ******/
SET ANSI_NULLS ON
GO
SET QUOTED_IDENTIFIER ON
GO
CREATE VIEW [dbo].[Cwa_Rd_View]
AS
SELECT  dbo.Cwa_Records.CR_id, dbo.Cwa_Records.Staff_id, dbo.Staff.Staff_Name, dbo.Cwa.Cwa_Name, 
                   dbo.Cwa_Records.CR_Frequency, dbo.Cwa_Records.CR_date, dbo.Store.Store_Name
FROM      dbo.Cwa INNER JOIN
                   dbo.Cwa_Records ON dbo.Cwa.Cwa_id = dbo.Cwa_Records.Cwa_id INNER JOIN
                   dbo.Staff ON dbo.Cwa_Records.Staff_id = dbo.Staff.Staff_id INNER JOIN
                   dbo.Store ON dbo.Staff.Store_Id = dbo.Store.Store_Id
GO
/****** Object:  Table [dbo].[Subsidy]    Script Date: 2022/1/19 12:17:25 ******/
SET ANSI_NULLS ON
GO
SET QUOTED_IDENTIFIER ON
GO
CREATE TABLE [dbo].[Subsidy](
	[Subsidy_id] [int] IDENTITY(1,1) NOT NULL,
	[Subsidy_Name] [nvarchar](50) NOT NULL,
	[Subsidy_pirce] [decimal](18, 0) NOT NULL,
 CONSTRAINT [PK_Subsidy] PRIMARY KEY CLUSTERED 
(
	[Subsidy_id] ASC
)WITH (PAD_INDEX = OFF, STATISTICS_NORECOMPUTE = OFF, IGNORE_DUP_KEY = OFF, ALLOW_ROW_LOCKS = ON, ALLOW_PAGE_LOCKS = ON, OPTIMIZE_FOR_SEQUENTIAL_KEY = OFF) ON [PRIMARY]
) ON [PRIMARY]
GO
/****** Object:  Table [dbo].[Subsidy_Records]    Script Date: 2022/1/19 12:17:25 ******/
SET ANSI_NULLS ON
GO
SET QUOTED_IDENTIFIER ON
GO
CREATE TABLE [dbo].[Subsidy_Records](
	[SR_Id] [int] IDENTITY(1,1) NOT NULL,
	[Staff_id] [int] NOT NULL,
	[Subsidy_id] [int] NOT NULL,
	[SR_date] [date] NOT NULL,
 CONSTRAINT [PK_Subsidy_Records] PRIMARY KEY CLUSTERED 
(
	[SR_Id] ASC
)WITH (PAD_INDEX = OFF, STATISTICS_NORECOMPUTE = OFF, IGNORE_DUP_KEY = OFF, ALLOW_ROW_LOCKS = ON, ALLOW_PAGE_LOCKS = ON, OPTIMIZE_FOR_SEQUENTIAL_KEY = OFF) ON [PRIMARY]
) ON [PRIMARY]
GO
/****** Object:  View [dbo].[Subsidy_View]    Script Date: 2022/1/19 12:17:25 ******/
SET ANSI_NULLS ON
GO
SET QUOTED_IDENTIFIER ON
GO
CREATE VIEW [dbo].[Subsidy_View]
AS
SELECT  dbo.Subsidy_Records.SR_Id, dbo.Subsidy_Records.Staff_id, dbo.Staff.Staff_Name, dbo.Subsidy_Records.SR_date, 
                   dbo.Subsidy.Subsidy_Name
FROM      dbo.Subsidy INNER JOIN
                   dbo.Subsidy_Records ON dbo.Subsidy.Subsidy_id = dbo.Subsidy_Records.Subsidy_id INNER JOIN
                   dbo.Staff ON dbo.Subsidy_Records.Staff_id = dbo.Staff.Staff_id
GO
/****** Object:  Table [dbo].[Department]    Script Date: 2022/1/19 12:17:25 ******/
SET ANSI_NULLS ON
GO
SET QUOTED_IDENTIFIER ON
GO
CREATE TABLE [dbo].[Department](
	[Department_Id] [int] IDENTITY(1,1) NOT NULL,
	[Dt_Name] [nvarchar](50) NOT NULL,
 CONSTRAINT [PK_Department] PRIMARY KEY CLUSTERED 
(
	[Department_Id] ASC
)WITH (PAD_INDEX = OFF, STATISTICS_NORECOMPUTE = OFF, IGNORE_DUP_KEY = OFF, ALLOW_ROW_LOCKS = ON, ALLOW_PAGE_LOCKS = ON, OPTIMIZE_FOR_SEQUENTIAL_KEY = OFF) ON [PRIMARY]
) ON [PRIMARY]
GO
/****** Object:  Table [dbo].[Grade]    Script Date: 2022/1/19 12:17:25 ******/
SET ANSI_NULLS ON
GO
SET QUOTED_IDENTIFIER ON
GO
CREATE TABLE [dbo].[Grade](
	[Grade_Id] [int] IDENTITY(1,1) NOT NULL,
	[GradeName] [nvarchar](50) NOT NULL,
	[Grade_price] [decimal](18, 2) NOT NULL,
 CONSTRAINT [PK_Grade] PRIMARY KEY CLUSTERED 
(
	[Grade_Id] ASC
)WITH (PAD_INDEX = OFF, STATISTICS_NORECOMPUTE = OFF, IGNORE_DUP_KEY = OFF, ALLOW_ROW_LOCKS = ON, ALLOW_PAGE_LOCKS = ON, OPTIMIZE_FOR_SEQUENTIAL_KEY = OFF) ON [PRIMARY]
) ON [PRIMARY]
GO
/****** Object:  Table [dbo].[Role]    Script Date: 2022/1/19 12:17:25 ******/
SET ANSI_NULLS ON
GO
SET QUOTED_IDENTIFIER ON
GO
CREATE TABLE [dbo].[Role](
	[Role_id] [int] IDENTITY(1,1) NOT NULL,
	[Role_Name] [nvarchar](50) NOT NULL,
 CONSTRAINT [PK_Role] PRIMARY KEY CLUSTERED 
(
	[Role_id] ASC
)WITH (PAD_INDEX = OFF, STATISTICS_NORECOMPUTE = OFF, IGNORE_DUP_KEY = OFF, ALLOW_ROW_LOCKS = ON, ALLOW_PAGE_LOCKS = ON, OPTIMIZE_FOR_SEQUENTIAL_KEY = OFF) ON [PRIMARY]
) ON [PRIMARY]
GO
/****** Object:  View [dbo].[Staff_View]    Script Date: 2022/1/19 12:17:25 ******/
SET ANSI_NULLS ON
GO
SET QUOTED_IDENTIFIER ON
GO
CREATE VIEW [dbo].[Staff_View]
AS
SELECT  dbo.Staff.Staff_id, dbo.Staff.Staff_Name, dbo.Grade.GradeName, dbo.Role.Role_Name, dbo.Department.Dt_Name, 
                   dbo.Store.Store_Name, dbo.Staff.Staff_Address, dbo.Staff.Staff_Phone, dbo.Staff.Sraff_State, dbo.Staff.Staff_Sex, 
                   dbo.Staff.Staff_Email, dbo.Staff.Staff_hiredate, dbo.Staff.Staff_Remark
FROM      dbo.Store INNER JOIN
                   dbo.Staff ON dbo.Store.Store_Id = dbo.Staff.Store_Id INNER JOIN
                   dbo.Role ON dbo.Staff.Role_id = dbo.Role.Role_id INNER JOIN
                   dbo.Grade ON dbo.Staff.Grade_Id = dbo.Grade.Grade_Id INNER JOIN
                   dbo.Department ON dbo.Staff.Department_Id = dbo.Department.Department_Id
GO
/****** Object:  Table [dbo].[Wages_Records]    Script Date: 2022/1/19 12:17:25 ******/
SET ANSI_NULLS ON
GO
SET QUOTED_IDENTIFIER ON
GO
CREATE TABLE [dbo].[Wages_Records](
	[WR_id] [int] IDENTITY(1,1) NOT NULL,
	[Staff_id] [int] NOT NULL,
	[Grade_Id] [int] NOT NULL,
	[Store_Id] [int] NOT NULL,
	[SubsidyAmount] [decimal](18, 2) NULL,
	[WR_Bonus] [decimal](18, 2) NULL,
	[Deduction] [decimal](18, 2) NULL,
	[WR_Pay] [decimal](18, 2) NULL,
	[Real_Wage] [decimal](18, 2) NULL,
	[pay_of] [nvarchar](50) NULL,
	[WR_remarks] [nvarchar](50) NULL,
 CONSTRAINT [PK_Wages_Records] PRIMARY KEY CLUSTERED 
(
	[WR_id] ASC
)WITH (PAD_INDEX = OFF, STATISTICS_NORECOMPUTE = OFF, IGNORE_DUP_KEY = OFF, ALLOW_ROW_LOCKS = ON, ALLOW_PAGE_LOCKS = ON, OPTIMIZE_FOR_SEQUENTIAL_KEY = OFF) ON [PRIMARY]
) ON [PRIMARY]
GO
/****** Object:  View [dbo].[Wages_View]    Script Date: 2022/1/19 12:17:25 ******/
SET ANSI_NULLS ON
GO
SET QUOTED_IDENTIFIER ON
GO
CREATE VIEW [dbo].[Wages_View]
AS
SELECT  dbo.Wages_Records.WR_id, dbo.Wages_Records.Staff_id, dbo.Staff.Staff_Name, dbo.Store.Store_Name, 
                   dbo.Grade.GradeName, dbo.Grade.Grade_price, dbo.Wages_Records.SubsidyAmount, dbo.Wages_Records.WR_Bonus, 
                   dbo.Wages_Records.Deduction, dbo.Wages_Records.WR_Pay, dbo.Wages_Records.Real_Wage, 
                   dbo.Wages_Records.WR_remarks, dbo.Wages_Records.pay_of
FROM      dbo.Grade INNER JOIN
                   dbo.Wages_Records ON dbo.Grade.Grade_Id = dbo.Wages_Records.Grade_Id INNER JOIN
                   dbo.Store ON dbo.Wages_Records.Store_Id = dbo.Store.Store_Id INNER JOIN
                   dbo.Staff ON dbo.Grade.Grade_Id = dbo.Staff.Grade_Id AND dbo.Wages_Records.Staff_id = dbo.Staff.Staff_id AND 
                   dbo.Store.Store_Id = dbo.Staff.Store_Id
GO
/****** Object:  Table [dbo].[News]    Script Date: 2022/1/19 12:17:25 ******/
SET ANSI_NULLS ON
GO
SET QUOTED_IDENTIFIER ON
GO
CREATE TABLE [dbo].[News](
	[New_id] [int] IDENTITY(1,1) NOT NULL,
	[New_content] [varchar](max) NULL,
	[New_Show] [int] NULL,
 CONSTRAINT [PK_News] PRIMARY KEY CLUSTERED 
(
	[New_id] ASC
)WITH (PAD_INDEX = OFF, STATISTICS_NORECOMPUTE = OFF, IGNORE_DUP_KEY = OFF, ALLOW_ROW_LOCKS = ON, ALLOW_PAGE_LOCKS = ON, OPTIMIZE_FOR_SEQUENTIAL_KEY = OFF) ON [PRIMARY]
) ON [PRIMARY] TEXTIMAGE_ON [PRIMARY]
GO
SET IDENTITY_INSERT [dbo].[Bonus] ON 
GO
INSERT [dbo].[Bonus] ([Bonus_Id], [BonusName], [Bonus_pirce]) VALUES (1, N'年度最佳员工', CAST(2000 AS Decimal(18, 0)))
GO
INSERT [dbo].[Bonus] ([Bonus_Id], [BonusName], [Bonus_pirce]) VALUES (7, N'年度模范奖', CAST(3000 AS Decimal(18, 0)))
GO
INSERT [dbo].[Bonus] ([Bonus_Id], [BonusName], [Bonus_pirce]) VALUES (15, N'勤奋奖', CAST(500 AS Decimal(18, 0)))
GO
INSERT [dbo].[Bonus] ([Bonus_Id], [BonusName], [Bonus_pirce]) VALUES (16, N'年终奖', CAST(10000 AS Decimal(18, 0)))
GO
INSERT [dbo].[Bonus] ([Bonus_Id], [BonusName], [Bonus_pirce]) VALUES (17, N'最佳店长奖', CAST(3011 AS Decimal(18, 0)))
GO
SET IDENTITY_INSERT [dbo].[Bonus] OFF
GO
SET IDENTITY_INSERT [dbo].[Bonus_Records] ON 
GO
INSERT [dbo].[Bonus_Records] ([BR_id], [Staff_id], [Bonus_Id], [CR_date]) VALUES (4, 202105200, 1, CAST(N'2021-06-03' AS Date))
GO
INSERT [dbo].[Bonus_Records] ([BR_id], [Staff_id], [Bonus_Id], [CR_date]) VALUES (10, 202105252, 7, CAST(N'2021-06-02' AS Date))
GO
INSERT [dbo].[Bonus_Records] ([BR_id], [Staff_id], [Bonus_Id], [CR_date]) VALUES (12, 202105201, 1, CAST(N'2021-06-06' AS Date))
GO
INSERT [dbo].[Bonus_Records] ([BR_id], [Staff_id], [Bonus_Id], [CR_date]) VALUES (13, 202105251, 7, CAST(N'2021-06-06' AS Date))
GO
INSERT [dbo].[Bonus_Records] ([BR_id], [Staff_id], [Bonus_Id], [CR_date]) VALUES (17, 202105251, 1, CAST(N'2021-05-01' AS Date))
GO
INSERT [dbo].[Bonus_Records] ([BR_id], [Staff_id], [Bonus_Id], [CR_date]) VALUES (19, 202105251, 1, CAST(N'2021-04-29' AS Date))
GO
INSERT [dbo].[Bonus_Records] ([BR_id], [Staff_id], [Bonus_Id], [CR_date]) VALUES (23, 202105200, 7, CAST(N'2021-06-01' AS Date))
GO
INSERT [dbo].[Bonus_Records] ([BR_id], [Staff_id], [Bonus_Id], [CR_date]) VALUES (30, 202105251, 1, CAST(N'2021-06-28' AS Date))
GO
INSERT [dbo].[Bonus_Records] ([BR_id], [Staff_id], [Bonus_Id], [CR_date]) VALUES (31, 202105253, 1, CAST(N'2021-06-28' AS Date))
GO
INSERT [dbo].[Bonus_Records] ([BR_id], [Staff_id], [Bonus_Id], [CR_date]) VALUES (32, 202105200, 15, CAST(N'2021-06-28' AS Date))
GO
INSERT [dbo].[Bonus_Records] ([BR_id], [Staff_id], [Bonus_Id], [CR_date]) VALUES (33, 202105200, 7, CAST(N'2021-07-14' AS Date))
GO
INSERT [dbo].[Bonus_Records] ([BR_id], [Staff_id], [Bonus_Id], [CR_date]) VALUES (34, 202105258, 17, CAST(N'2021-07-14' AS Date))
GO
INSERT [dbo].[Bonus_Records] ([BR_id], [Staff_id], [Bonus_Id], [CR_date]) VALUES (35, 202105258, 7, CAST(N'2021-07-14' AS Date))
GO
INSERT [dbo].[Bonus_Records] ([BR_id], [Staff_id], [Bonus_Id], [CR_date]) VALUES (36, 202105200, 16, CAST(N'2021-07-15' AS Date))
GO
SET IDENTITY_INSERT [dbo].[Bonus_Records] OFF
GO
SET IDENTITY_INSERT [dbo].[Cwa] ON 
GO
INSERT [dbo].[Cwa] ([Cwa_id], [Cwa_Name], [Cwa_pirce]) VALUES (1, N'迟到', CAST(1.5 AS Decimal(18, 1)))
GO
INSERT [dbo].[Cwa] ([Cwa_id], [Cwa_Name], [Cwa_pirce]) VALUES (2, N'早退', CAST(1.5 AS Decimal(18, 1)))
GO
INSERT [dbo].[Cwa] ([Cwa_id], [Cwa_Name], [Cwa_pirce]) VALUES (3, N'旷工', CAST(2.0 AS Decimal(18, 1)))
GO
INSERT [dbo].[Cwa] ([Cwa_id], [Cwa_Name], [Cwa_pirce]) VALUES (5, N'请假', CAST(1.5 AS Decimal(18, 1)))
GO
SET IDENTITY_INSERT [dbo].[Cwa] OFF
GO
SET IDENTITY_INSERT [dbo].[Cwa_Records] ON 
GO
INSERT [dbo].[Cwa_Records] ([CR_id], [Staff_id], [Cwa_id], [CR_Frequency], [CR_date]) VALUES (1, 202105200, 1, CAST(1 AS Decimal(18, 0)), CAST(N'2021-01-01' AS Date))
GO
INSERT [dbo].[Cwa_Records] ([CR_id], [Staff_id], [Cwa_id], [CR_Frequency], [CR_date]) VALUES (2, 202105200, 3, CAST(2 AS Decimal(18, 0)), CAST(N'2021-06-28' AS Date))
GO
INSERT [dbo].[Cwa_Records] ([CR_id], [Staff_id], [Cwa_id], [CR_Frequency], [CR_date]) VALUES (4, 202105251, 5, CAST(5 AS Decimal(18, 0)), CAST(N'2021-06-28' AS Date))
GO
INSERT [dbo].[Cwa_Records] ([CR_id], [Staff_id], [Cwa_id], [CR_Frequency], [CR_date]) VALUES (9, 202105252, 2, CAST(4 AS Decimal(18, 0)), CAST(N'2021-06-27' AS Date))
GO
INSERT [dbo].[Cwa_Records] ([CR_id], [Staff_id], [Cwa_id], [CR_Frequency], [CR_date]) VALUES (10, 202105251, 5, CAST(3 AS Decimal(18, 0)), CAST(N'2021-05-28' AS Date))
GO
INSERT [dbo].[Cwa_Records] ([CR_id], [Staff_id], [Cwa_id], [CR_Frequency], [CR_date]) VALUES (12, 202105200, 1, CAST(2 AS Decimal(18, 0)), CAST(N'2021-06-27' AS Date))
GO
INSERT [dbo].[Cwa_Records] ([CR_id], [Staff_id], [Cwa_id], [CR_Frequency], [CR_date]) VALUES (17, 202105252, 1, CAST(3 AS Decimal(18, 0)), CAST(N'2021-06-28' AS Date))
GO
INSERT [dbo].[Cwa_Records] ([CR_id], [Staff_id], [Cwa_id], [CR_Frequency], [CR_date]) VALUES (19, 202105258, 5, CAST(3 AS Decimal(18, 0)), CAST(N'2021-07-14' AS Date))
GO
INSERT [dbo].[Cwa_Records] ([CR_id], [Staff_id], [Cwa_id], [CR_Frequency], [CR_date]) VALUES (20, 202105251, 1, CAST(2 AS Decimal(18, 0)), CAST(N'2021-07-01' AS Date))
GO
INSERT [dbo].[Cwa_Records] ([CR_id], [Staff_id], [Cwa_id], [CR_Frequency], [CR_date]) VALUES (21, 202105252, 1, CAST(1 AS Decimal(18, 0)), CAST(N'2021-07-15' AS Date))
GO
SET IDENTITY_INSERT [dbo].[Cwa_Records] OFF
GO
SET IDENTITY_INSERT [dbo].[Department] ON 
GO
INSERT [dbo].[Department] ([Department_Id], [Dt_Name]) VALUES (1, N'门店部')
GO
INSERT [dbo].[Department] ([Department_Id], [Dt_Name]) VALUES (2, N'营销部')
GO
INSERT [dbo].[Department] ([Department_Id], [Dt_Name]) VALUES (3, N'产品策划部')
GO
INSERT [dbo].[Department] ([Department_Id], [Dt_Name]) VALUES (4, N'技术指导部')
GO
INSERT [dbo].[Department] ([Department_Id], [Dt_Name]) VALUES (5, N'人事部')
GO
INSERT [dbo].[Department] ([Department_Id], [Dt_Name]) VALUES (6, N'财务部')
GO
SET IDENTITY_INSERT [dbo].[Department] OFF
GO
SET IDENTITY_INSERT [dbo].[Grade] ON 
GO
INSERT [dbo].[Grade] ([Grade_Id], [GradeName], [Grade_price]) VALUES (1, N'店长', CAST(7000.00 AS Decimal(18, 2)))
GO
INSERT [dbo].[Grade] ([Grade_Id], [GradeName], [Grade_price]) VALUES (2, N'店员', CAST(3500.00 AS Decimal(18, 2)))
GO
INSERT [dbo].[Grade] ([Grade_Id], [GradeName], [Grade_price]) VALUES (3, N'实习生', CAST(2500.00 AS Decimal(18, 2)))
GO
INSERT [dbo].[Grade] ([Grade_Id], [GradeName], [Grade_price]) VALUES (4, N'部长', CAST(6510.00 AS Decimal(18, 2)))
GO
INSERT [dbo].[Grade] ([Grade_Id], [GradeName], [Grade_price]) VALUES (8, N'员工', CAST(3510.00 AS Decimal(18, 2)))
GO
SET IDENTITY_INSERT [dbo].[Grade] OFF
GO
SET IDENTITY_INSERT [dbo].[News] ON 
GO
INSERT [dbo].[News] ([New_id], [New_content], [New_Show]) VALUES (1, N'MTIz', NULL)
GO
INSERT [dbo].[News] ([New_id], [New_content], [New_Show]) VALUES (2, N'MTIz', NULL)
GO
INSERT [dbo].[News] ([New_id], [New_content], [New_Show]) VALUES (3, N'MQ==', NULL)
GO
INSERT [dbo].[News] ([New_id], [New_content], [New_Show]) VALUES (4, N'MTIz', 0)
GO
INSERT [dbo].[News] ([New_id], [New_content], [New_Show]) VALUES (5, N'PGI+MTIzPC9iPg==', 0)
GO
INSERT [dbo].[News] ([New_id], [New_content], [New_Show]) VALUES (6, N'PHA+MjEzPC9wPg==', 0)
GO
INSERT [dbo].[News] ([New_id], [New_content], [New_Show]) VALUES (7, N'PHA+PGI+MjEzPC9iPjwvcD4=', 0)
GO
INSERT [dbo].[News] ([New_id], [New_content], [New_Show]) VALUES (8, N'PHA+PGI+PGk+MjEzPC9pPjwvYj48L3A+', 0)
GO
INSERT [dbo].[News] ([New_id], [New_content], [New_Show]) VALUES (9, N'PHA+PGI+PGk+PHU+MjEzPC91PjwvaT48L2I+PC9wPg==', 0)
GO
INSERT [dbo].[News] ([New_id], [New_content], [New_Show]) VALUES (10, N'PGI+QUQxPC9iPg==', 0)
GO
INSERT [dbo].[News] ([New_id], [New_content], [New_Show]) VALUES (11, N'PGI+PGk+YWQ8L2k+PC9iPg==', 0)
GO
INSERT [dbo].[News] ([New_id], [New_content], [New_Show]) VALUES (12, N'JTNDYiUzRSVFNyU4OCVCMSVFNCVCQyU5RiVFNiVCQiVCNCUzQyUyRmIlM0U=', 0)
GO
INSERT [dbo].[News] ([New_id], [New_content], [New_Show]) VALUES (13, N'JTNDYiUzRSUzQ2klM0UlM0N1JTNFJUU3JTg4JUIxJUU0JUJDJTlGJUU2JUJCJUI0JUU2JTg4JTkxYXolM0MlMkZ1JTNFJTNDJTJGaSUzRSUzQyUyRmIlM0U=', 0)
GO
INSERT [dbo].[News] ([New_id], [New_content], [New_Show]) VALUES (14, N'JUU3JTg4JUIxJUU0JUJDJTlGJUU2JUJCJUI0JTNDaW1nJTIwc3JjJTNEJTIyJTJGSW1ncyUyRnRpbWcuanBnJTIyJTIwYWx0JTNEJTIydW5kZWZpbmVkJTIyJTNF', 0)
GO
INSERT [dbo].[News] ([New_id], [New_content], [New_Show]) VALUES (15, N'JTNDcCUzRSUyNm5ic3AlM0IlMjAlMjZuYnNwJTNCJTIwJTI2bmJzcCUzQiVFNiU4QSVCMSVFNiVBRCU4OSUyMCVFNCVCQSVCMiVFNyU4OCVCMSVFNyU5QSU4NCVFNSU5MSU5OCVFNSVCNyVBNSVFNCVCQiVBQyUyMCVFNSU4NSVCMyVFNCVCQSU4RSVFNCVCQiU4QSVFNSVCOSVCNCVFNSU4NSVBRCVFNiU5QyU4OCVFNCVCQiVCRCUyMCVFNSVCNyVBNSVFOCVCNSU4NCVFNSVCMCU4NiVFNCVCQyU5QSVFNSU4MSU5QyVFNSU4RiU5MSUzQyUyRnAlM0UlM0NwJTNFJUU1JUI4JThDJUU2JTlDJTlCJUU1JUE0JUE3JUU1JUFFJUI2JUU3JTkwJTg2JUU4JUE3JUEzJTIwJUVGJUJDJTgxJTNDJTJGcCUzRSUzQ3AlM0UlMjZuYnNwJTNCJTIwJTI2bmJzcCUzQiUyMCUyNm5ic3AlM0IlMjAlMjZuYnNwJTNCJTIwJTI2bmJzcCUzQiUyMCUyNm5ic3AlM0IlMjAlMjZuYnNwJTNCJTIwJTI2bmJzcCUzQiUyMCUyNm5ic3AlM0IlMjAlMjZuYnNwJTNCJTIwJTI2bmJzcCUzQiUyMCUyNm5ic3AlM0IlMjAlMjZuYnNwJTNCJTIwJTI2bmJzcCUzQiUyMCUyNm5ic3AlM0IlMjAyMDE5LTEtMjglM0MlMkZwJTNFJTNDcCUzRSUyNm5ic3AlM0IlMjAlMjZuYnNwJTNCJTIwJTI2bmJzcCUzQiUyMCUyNm5ic3AlM0IlMjAlMjZuYnNwJTNCJTIwJTI2bmJzcCUzQiUyMCUyNm5ic3AlM0IlMjAlMjZuYnNwJTNCJTIwJTI2bmJzcCUzQiUyMCUyNm5ic3AlM0IlMjAlMjZuYnNwJTNCJTIwJTI2bmJzcCUzQiUyMCUyNm5ic3AlM0IlMjAlMjZuYnNwJTNCJTIwJTI2bmJzcCUzQiVFNyU4NSVBRSVFNCVCQiU5OSVFNCVCOCVCOSVFNiU4MCVCQiVFOSU4MyVBOCUyNm5ic3AlM0IlMjZuYnNwJTNCJTNDJTJGcCUzRQ==', 0)
GO
INSERT [dbo].[News] ([New_id], [New_content], [New_Show]) VALUES (16, N'JTI2bmJzcCUzQiUyMCUyNm5ic3AlM0IlMjAlMjZuYnNwJTNCJTIwJTI2bmJzcCUzQiUyMCUyNm5ic3AlM0IlMjAlMjZuYnNwJTNCb2thd2RqYXdsa2RqYWxrd2pkbGFrd2pkbGthd2pkbGthamRsYWt3amRsYWt3amRsa2F3amRsa2F3amRsa2F3amRsa2F3amRsa2F3amRsa2F3amRsa2F3amRrbGF3amQyMSVFNSVBRSU4OSVFNSVCRSVCRCVFNiU4OSU5MyVFNSVCQyU4MA==', 0)
GO
INSERT [dbo].[News] ([New_id], [New_content], [New_Show]) VALUES (17, N'JTNDcCUzRWF3JTNDJTJGcCUzRSUzQ3AlM0VhJTNDJTJGcCUzRSUzQ3AlM0VzJTNDJTJGcCUzRSUzQ3AlM0VhJTNDJTJGcCUzRSUzQ3AlM0VzJTNDJTJGcCUzRSUzQ3AlM0VhJTNDJTJGcCUzRSUzQ3AlM0UlM0NiciUzRSUzQyUyRnAlM0UlM0NwJTNFYSUzQyUyRnAlM0UlM0NwJTNFYWElM0MlMkZwJTNFJTNDcCUzRWElM0MlMkZwJTNFJTNDcCUzRWElM0MlMkZwJTNFJTNDcCUzRWElM0MlMkZwJTNFJTNDcCUzRSUzQ2JyJTNFJTNDJTJGcCUzRSUzQ3AlM0VhYSUzQyUyRnAlM0UlM0NwJTNFYSUzQyUyRnAlM0UlM0NwJTNFYSUzQyUyRnAlM0UlM0NwJTNFYSUzQyUyRnAlM0UlM0NwJTNFYSUzQyUyRnAlM0UlM0NwJTNFYSUzQyUyRnAlM0UlM0NwJTNFJTNDYnIlM0UlM0MlMkZwJTNFJTNDcCUzRWFhJTNDJTJGcCUzRSUzQ3AlM0VhJTNDJTJGcCUzRSUzQ3AlM0UlM0NiciUzRSUzQyUyRnAlM0UlM0NwJTNFYWElM0MlMkZwJTNFJTNDcCUzRSUzQ2JyJTNFJTNDJTJGcCUzRSUzQ3AlM0VhJTNDJTJGcCUzRSUzQ3AlM0VhJTNDJTJGcCUzRSUzQ3AlM0VhJTNDJTJGcCUzRSUzQ3AlM0VhJTNDJTJGcCUzRSUzQ3AlM0VhJTNDJTJGcCUzRQ==', 0)
GO
INSERT [dbo].[News] ([New_id], [New_content], [New_Show]) VALUES (18, N'JTNDcCUzRWElM0MlMkZwJTNFJTNDcCUzRWElM0MlMkZwJTNFJTNDcCUzRWElM0MlMkZwJTNFJTNDcCUzRWElM0MlMkZwJTNFJTNDcCUzRWElM0MlMkZwJTNFJTNDcCUzRWElM0MlMkZwJTNFJTNDcCUzRWFhJTNDJTJGcCUzRSUzQ3AlM0UlM0NiciUzRSUzQyUyRnAlM0UlM0NwJTNFYWElM0MlMkZwJTNFJTNDcCUzRWElM0MlMkZwJTNFJTNDcCUzRWElM0MlMkZwJTNFJTNDcCUzRSUzQ2JyJTNFJTNDJTJGcCUzRSUzQ3AlM0UlM0NiciUzRSUzQyUyRnAlM0UlM0NwJTNFJTNDYnIlM0UlM0MlMkZwJTNFJTNDcCUzRWElM0MlMkZwJTNFJTNDcCUzRWElM0MlMkZwJTNFJTNDcCUzRWElM0MlMkZwJTNFJTNDcCUzRWElM0MlMkZwJTNFJTNDcCUzRWElM0MlMkZwJTNFJTNDcCUzRWElM0MlMkZwJTNFJTNDcCUzRWElM0MlMkZwJTNFJTNDcCUzRWElM0MlMkZwJTNFJTNDcCUzRWElM0MlMkZwJTNFJTNDcCUzRWElM0MlMkZwJTNFJTNDcCUzRWElM0MlMkZwJTNFJTNDcCUzRWElM0MlMkZwJTNFJTNDcCUzRWElM0MlMkZwJTNFJTNDcCUzRSUzQ2JyJTNFJTNDJTJGcCUzRSUzQ3AlM0VhJTNDJTJGcCUzRSUzQ3AlM0VhJTNDJTJGcCUzRSUzQ3AlM0VhJTNDJTJGcCUzRSUzQ3AlM0VhJTNDJTJGcCUzRSUzQ3AlM0ViJTNDJTJGcCUzRQ==', 0)
GO
INSERT [dbo].[News] ([New_id], [New_content], [New_Show]) VALUES (19, N'JUU3JTg4JUIxJUU0JUJDJTlGJUU2JUJCJUI0', 0)
GO
INSERT [dbo].[News] ([New_id], [New_content], [New_Show]) VALUES (20, N'MTIz', 0)
GO
INSERT [dbo].[News] ([New_id], [New_content], [New_Show]) VALUES (21, N'JUU5JTk4JUJGJUU4JUJGJUFBJUU3JThFJThC', 0)
GO
INSERT [dbo].[News] ([New_id], [New_content], [New_Show]) VALUES (22, N'JTI2bmJzcCUzQiUyMCUyNm5ic3AlM0IlMjAlRTklOTglQkYlRTglQkYlQUElRTclOEUlOEI=', 0)
GO
INSERT [dbo].[News] ([New_id], [New_content], [New_Show]) VALUES (23, N'JTI2bmJzcCUzQiUyMCUyNm5ic3AlM0IlMjAlMjZuYnNwJTNCJTIwJTI2bmJzcCUzQiVFOSU5OCVCRiVFNyU5MyVBNiVFOCVCRSVCRSVFNCVCQyU5RiVFNSVBNCVBNyVFNiU4QyU5NiVFNyU5QSU4NCVFOSU5OCVCRiVFOCVCRiVBQSVFNyU4RSU4Qg==', 0)
GO
INSERT [dbo].[News] ([New_id], [New_content], [New_Show]) VALUES (24, N'JTI2bmJzcCUzQiUyMCUyNm5ic3AlM0IlMjAlMjZuYnNwJTNCJTIwJTI2bmJzcCUzQiVFOSU5OCVCRiVFNyU5MyVBNiVFOCVCRSVCRSVFNCVCQyU5RiVFNSVBNCVBNyVFNiU4QyU5NiVFNyU5QSU4NCVFOSU5OCVCRiVFOCVCRiVBQSVFNyU4RSU4Qg==', 0)
GO
INSERT [dbo].[News] ([New_id], [New_content], [New_Show]) VALUES (25, N'JTI2bmJzcCUzQiUyMCUyNm5ic3AlM0IlMjAlMjZuYnNwJTNCJTIwJTI2bmJzcCUzQiUyMCUyNm5ic3AlM0IlMjAlMjZuYnNwJTNCJTIwJTI2bmJzcCUzQiUyMCUyNm5ic3AlM0IlMjAlMjZuYnNwJTNCJUU5JTk4JUJGJUU3JTkzJUE2JUU4JUJFJUJFJUU0JUJDJTlGJUU1JUE0JUE3JUU2JThDJTk2JUU3JTlBJTg0JUU5JTk4JUJGJUU4JUJGJUFBJUU3JThFJThC', 0)
GO
INSERT [dbo].[News] ([New_id], [New_content], [New_Show]) VALUES (26, N'', 1)
GO
INSERT [dbo].[News] ([New_id], [New_content], [New_Show]) VALUES (27, N'', 0)
GO
INSERT [dbo].[News] ([New_id], [New_content], [New_Show]) VALUES (28, N'QVdEMQ==', 0)
GO
INSERT [dbo].[News] ([New_id], [New_content], [New_Show]) VALUES (29, N'', 0)
GO
INSERT [dbo].[News] ([New_id], [New_content], [New_Show]) VALUES (30, N'', 0)
GO
INSERT [dbo].[News] ([New_id], [New_content], [New_Show]) VALUES (31, N'QURXMQ==', 0)
GO
INSERT [dbo].[News] ([New_id], [New_content], [New_Show]) VALUES (32, N'QURXMQ==', 0)
GO
INSERT [dbo].[News] ([New_id], [New_content], [New_Show]) VALUES (33, N'QURXMQ==', 0)
GO
INSERT [dbo].[News] ([New_id], [New_content], [New_Show]) VALUES (34, N'JTNDcCUzRSVFNyU4OCVCMSVFNCVCQyU5RiVFNiVCQiVCNCUzQyUyRnAlM0UlM0NwJTNFYWR3MSUzQyUyRnAlM0UlM0NwJTNFJTNDYnIlM0UlM0MlMkZwJTNFJTNDcCUzRSVFNyU4OCVCMSVFNCVCQyU5RiVFNiVCQiVCNCUzQyUyRnAlM0UlM0NwJTNFJTNDYnIlM0UlM0MlMkZwJTNFJTNDcCUzRSVFNSU5NSU4QSUzQyUyRnAlM0U=', 0)
GO
INSERT [dbo].[News] ([New_id], [New_content], [New_Show]) VALUES (35, N'JTNDcCUzRSVFNyU4OCVCMSVFNCVCQyU5RiVFNiVCQiVCNCUzQyUyRnAlM0UlM0NwJTNFYWR3MSUzQyUyRnAlM0UlM0NwJTNFJTNDYnIlM0UlM0MlMkZwJTNFJTNDcCUzRSVFNyU4OCVCMSVFNCVCQyU5RiVFNiVCQiVCNCUzQyUyRnAlM0UlM0NwJTNFJTNDYnIlM0UlM0MlMkZwJTNFJTNDcCUzRSVFNSU5NSU4QSUzQyUyRnAlM0U=', 1)
GO
INSERT [dbo].[News] ([New_id], [New_content], [New_Show]) VALUES (36, N'YXdkYWR3', 0)
GO
INSERT [dbo].[News] ([New_id], [New_content], [New_Show]) VALUES (37, N'JTNDcCUzRWFhd3Nhd2QlM0MlMkZwJTNFJTNDcCUzRWFzZCUzQyUyRnAlM0UlM0NwJTNFYXNkJTNDJTJGcCUzRQ==', 0)
GO
INSERT [dbo].[News] ([New_id], [New_content], [New_Show]) VALUES (38, N'YXNkYXNkd2E=', 0)
GO
INSERT [dbo].[News] ([New_id], [New_content], [New_Show]) VALUES (39, N'UVM=', 1)
GO
INSERT [dbo].[News] ([New_id], [New_content], [New_Show]) VALUES (40, N'QURX', 1)
GO
INSERT [dbo].[News] ([New_id], [New_content], [New_Show]) VALUES (41, N'JUU1JTg1JUE4JUU1JTlCJTlFJUU3JUFEJTk0JUU2JTg4JTkxJUU3JTlDJThCJUU4JUJGJTlCJUU1JUJBJUE2JUU1JUJFJTg4JUU1JUJGJUFCJUU1JUIwJUIxJUU0JUJDJTlB', 1)
GO
INSERT [dbo].[News] ([New_id], [New_content], [New_Show]) VALUES (42, N'JTNDcCUzRSUyNm5ic3AlM0IlMjAlMjZuYnNwJTNCJTIwJTI2bmJzcCUzQiVFNCVCQSVCMiVFNyU4OCVCMSVFNyU5QSU4NCVFNSVBRSVCNiVFNCVCQSVCQSVFNCVCQiVBQyUyMCVFOSU5RCU5RSVFNSVCOCVCOCVFNiU4QSVCMSVFNiVBRCU4OSVFRiVCQyU4QyVFOCVCNyU5RCVFNyVBNiVCQiVFNiU5NCVCRSVFNSU4MSU4NyVFNiU5NyVCNiVFOSU5NyVCNCVFNSU4RiVBRiVFOCU4MyVCRCVFOSU5QyU4MCVFOCVBNiU4MSVFNiU4RSVBOCVFNCVCOCU4MCVFNSVBNCVBOSUzQyUyRnAlM0UlM0NwJTNFJUU1JThFJTlGJUU4JUFFJUExJUU1JTg4JTkyJTNDJTJGcCUzRSUzQ3AlM0UlM0NiciUzRSUzQyUyRnAlM0U=', 0)
GO
INSERT [dbo].[News] ([New_id], [New_content], [New_Show]) VALUES (43, N'JTNDcCUzRSUyNm5ic3AlM0IlMjAlMjZuYnNwJTNCJTIwJTI2bmJzcCUzQiVFNCVCQSVCMiVFNyU4OCVCMSVFNyU5QSU4NCVFNSVBRSVCNiVFNCVCQSVCQSVFNCVCQiVBQyUyMCVFOSU5RCU5RSVFNSVCOCVCOCVFNiU4QSVCMSVFNiVBRCU4OSVFRiVCQyU4QyVFOCVCNyU5RCVFNyVBNiVCQiVFNiU5NCVCRSVFNSU4MSU4NyVFNiU5NyVCNiVFOSU5NyVCNCVFNSU4RiVBRiVFOCU4MyVCRCVFOSU5QyU4MCVFOCVBNiU4MSVFNiU4RSVBOCVFNCVCOCU4MCVFNSVBNCVBOSUzQyUyRnAlM0UlM0NwJTNFJUU1JThFJTlGJUU4JUFFJUExJUU1JTg4JTkyJTNDJTJGcCUzRSUzQ3AlM0UlM0NiciUzRSUzQyUyRnAlM0U=', 0)
GO
INSERT [dbo].[News] ([New_id], [New_content], [New_Show]) VALUES (44, N'JTNDcCUzRSUyNm5ic3AlM0IlMjAlMjZuYnNwJTNCJTIwJTI2bmJzcCUzQiVFNCVCQSVCMiVFNyU4OCVCMSVFNyU5QSU4NCVFNSVBRSVCNiVFNCVCQSVCQSVFNCVCQiVBQyUyMCVFOSU5RCU5RSVFNSVCOCVCOCVFNiU4QSVCMSVFNiVBRCU4OSVFRiVCQyU4QyVFOCVCNyU5RCVFNyVBNiVCQiVFNiU5NCVCRSVFNSU4MSU4NyVFNiU5NyVCNiVFOSU5NyVCNCVFNSU4RiVBRiVFOCU4MyVCRCVFOSU5QyU4MCVFOCVBNiU4MSVFNiU4RSVBOCVFNCVCOCU4MCVFNSVBNCVBOSUzQyUyRnAlM0UlM0NwJTNFJUU1JThFJTlGJUU4JUFFJUExJUU1JTg4JTkyJTNDJTJGcCUzRSUzQ3AlM0UlM0NiciUzRSUzQyUyRnAlM0U=', 0)
GO
INSERT [dbo].[News] ([New_id], [New_content], [New_Show]) VALUES (45, N'JTNDcCUzRSUyNm5ic3AlM0IlMjAlMjZuYnNwJTNCJTIwJTI2bmJzcCUzQiVFNCVCQSVCMiVFNyU4OCVCMSVFNyU5QSU4NCVFNSVBRSVCNiVFNCVCQSVCQSVFNCVCQiVBQyUyMCVFOSU5RCU5RSVFNSVCOCVCOCVFNiU4QSVCMSVFNiVBRCU4OSVFRiVCQyU4QyVFOCVCNyU5RCVFNyVBNiVCQiVFNiU5NCVCRSVFNSU4MSU4NyVFNiU5NyVCNiVFOSU5NyVCNCVFNSU4RiVBRiVFOCU4MyVCRCVFOSU5QyU4MCVFOCVBNiU4MSVFNiU4RSVBOCVFNCVCOCU4MCVFNSVBNCVBOSUzQyUyRnAlM0UlM0NwJTNFJUU1JThFJTlGJUU4JUFFJUExJUU1JTg4JTkyJUUzJTgwJTgyJTNDJTJGcCUzRSUzQ3AlM0UlM0NiciUzRSUzQyUyRnAlM0U=', 0)
GO
INSERT [dbo].[News] ([New_id], [New_content], [New_Show]) VALUES (46, N'JTNDcCUzRSUyNm5ic3AlM0IlMjAlMjZuYnNwJTNCJTIwJTI2bmJzcCUzQiVFNCVCQSVCMiVFNyU4OCVCMSVFNyU5QSU4NCVFNSVBRSVCNiVFNCVCQSVCQSVFNCVCQiVBQyUyMCVFOSU5RCU5RSVFNSVCOCVCOCVFNiU4QSVCMSVFNiVBRCU4OSVFRiVCQyU4QyVFOCVCNyU5RCVFNyVBNiVCQiVFNiU5NCVCRSVFNSU4MSU4NyVFNiU5NyVCNiVFOSU5NyVCNCVFNSU4RiVBRiVFOCU4MyVCRCVFOSU5QyU4MCVFOCVBNiU4MSVFNiU4RSVBOCVFNCVCOCU4MCVFNSVBNCVBOSUzQyUyRnAlM0UlM0NwJTNFJUU1JThFJTlGJUU4JUFFJUExJUU1JTg4JTkyMjAyMS00LTMwJUU2JTk0JUJFJUU1JThBJUIzJUU1JThBJUE4JUU4JThBJTgyJTJDJUU3JTk0JUIxJUU0JUJBJThFJUU2JTlDJTgwJUU4JUJGJTkxJUU1JTg1JUFDJUU1JThGJUI4JUU2JUFEJUEzJUU1JTlDJUE4JUU2JTg5JUE5JUU1JUIxJTk1JUVGJUJDJThDJUU2JTg5JTgwJUU2JTlDJTg5JUU1JUFFJTlBJUU0JUI4JUJBNSVFNiU5QyU4ODElRTUlOEYlQjclMjAlRTglQjAlODMlRTQlQkMlOTElRUYlQkMlODElM0MlMkZwJTNFJTNDcCUzRSUzQ2JyJTNFJTNDJTJGcCUzRQ==', 1)
GO
INSERT [dbo].[News] ([New_id], [New_content], [New_Show]) VALUES (47, N'JTI2bmJzcCUzQiUyMCUyNm5ic3AlM0IlMjAlMjZuYnNwJTNCJTIwJTI2bmJzcCUzQiVFNCVCRCVBMCVFNSU5QyVBOCVFNSU5MCU5NyVFRiVCQyU5Rg==', 1)
GO
INSERT [dbo].[News] ([New_id], [New_content], [New_Show]) VALUES (48, N'JTI2bmJzcCUzQiUyMCUyNm5ic3AlM0IlMjAlMjZuYnNwJTNCJTIwJTI2bmJzcCUzQiUyMCVFNiU5QyU4MCVFNyU4OCVCMSVFNCVCRCVBMCVFNyU5QSU4NCVFNCVCQSVCQSVFNiU5OCVBRiVFOCVCMCU4MSUzQ2ltZyUyMHNyYyUzRCUyMiUyRkltZ3MlMkZ0aW1nLmpwZyUyMiUyMGFsdCUzRCUyMnVuZGVmaW5lZCUyMiUzRQ==', 1)
GO
INSERT [dbo].[News] ([New_id], [New_content], [New_Show]) VALUES (49, N'JTNDcCUzRSVFNSU5NSU4QSVFNSU5MCU4QSVFOCVBMiU5QyVFNSVCOCVBNiUzQyUyRnAlM0UlM0NwJTNFJTNDaW1nJTIwc3JjJTNEJTIyJTJGSW1ncyUyRnRpbWcuanBnJTIyJTIwYWx0JTNEJTIydW5kZWZpbmVkJTIyJTNFJTNDJTJGcCUzRQ==', 1)
GO
INSERT [dbo].[News] ([New_id], [New_content], [New_Show]) VALUES (50, N'YXdkJTNDaW1nJTIwc3JjJTNEJTIyJTJGSW1ncyUyRnRpbWcuanBnJTIyJTIwYWx0JTNEJTIydW5kZWZpbmVkJTIyJTNF', 0)
GO
INSERT [dbo].[News] ([New_id], [New_content], [New_Show]) VALUES (51, N'JTNDcCUzRWF3ZCUzQyUyRnAlM0UlM0NwJTNFJTNDaW1nJTIwc3JjJTNEJTIyJTJGSW1ncyUyRnRpbWcuanBnJTIyJTIwYWx0JTNEJTIydW5kZWZpbmVkJTIyJTNFJTNDJTJGcCUzRQ==', 0)
GO
INSERT [dbo].[News] ([New_id], [New_content], [New_Show]) VALUES (52, N'JTNDcCUzRSVFOCVCNiU4NSVFNCVCQSVCQSVFNiU5RCVBNSVFNSU5NSVBNiUyNm5ic3AlM0IlMjAlRTUlOTElOTglRTUlQjclQTUlRTQlQkIlQUMlRUYlQkMlODElM0MlMkZwJTNFJTNDcCUzRSUzQ2ltZyUyMHNyYyUzRCUyMiUyRkltZ3MlMkZ0aW1nLmpwZyUyMiUyMGFsdCUzRCUyMnVuZGVmaW5lZCUyMiUzRSUzQyUyRnAlM0U=', 0)
GO
INSERT [dbo].[News] ([New_id], [New_content], [New_Show]) VALUES (53, N'JTNDcCUzRSVFOCVCNiU4NSVFNCVCQSVCQSVFNiU5RCVBNSVFNSU5NSVBNiUyNm5ic3AlM0IlMjAlRTUlOTElOTglRTUlQjclQTUlRTQlQkIlQUMlRUYlQkMlODElMjZuYnNwJTNCJTNDJTJGcCUzRSUzQ3AlM0UlMjZuYnNwJTNCJTIwJTI2bmJzcCUzQiUyMCVFNiU4QyU5NiVFNyU5QSU4NCUzQ2ltZyUyMHNyYyUzRCUyMiUyRkltZ3MlMkZ0aW1nLmpwZyUyMiUyMGFsdCUzRCUyMnVuZGVmaW5lZCUyMiUzRSUzQyUyRnAlM0U=', 0)
GO
INSERT [dbo].[News] ([New_id], [New_content], [New_Show]) VALUES (54, N'JTNDcCUzRSVFOCVCNiU4NSVFNCVCQSVCQSVFNiU5RCVBNSVFNSU5NSVBNiUyNm5ic3AlM0IlMjAlRTUlOTElOTglRTUlQjclQTUlRTQlQkIlQUMlRUYlQkMlODElMjZuYnNwJTNCJTNDJTJGcCUzRSUzQ3AlM0UlMjZuYnNwJTNCJTIwJTI2bmJzcCUzQiVFOCVCNiU4NSVFNCVCQSVCQSUyMCVFNyVBRCU4OSVFNCVCQSU4RSVFNyU5QSU4NCUzQ2ltZyUyMHNyYyUzRCUyMiUyRkltZ3MlMkZ0aW1nLmpwZyUyMiUyMGFsdCUzRCUyMnVuZGVmaW5lZCUyMiUzRTIlRTklOTglQkYlRTglQkYlQUElRTclOEUlOEIlRTglQkUlQkUlRTclOTMlQTYlM0MlMkZwJTNF', 1)
GO
INSERT [dbo].[News] ([New_id], [New_content], [New_Show]) VALUES (55, N'JTI2bmJzcCUzQiUyMCUyNm5ic3AlM0IlMjAlMjZuYnNwJTNCJTIwJTI2bmJzcCUzQiUyMCUyNm5ic3AlM0IlMjAlMjZuYnNwJTNCJUU3JUFDJUE2JUU2JTk2JTg3JUU1JThEJUExJUU2JTlDJUJBJUU3JTlBJTg0JUU5JTgyJUEzJUU2JUFDJUJF', 1)
GO
INSERT [dbo].[News] ([New_id], [New_content], [New_Show]) VALUES (56, N'JTI2bmJzcCUzQiUyMCUyNm5ic3AlM0IlM0NpJTNFJTNDdSUzRSUzQ2IlM0UlMjAlMjZuYnNwJTNCJTIwJTI2bmJzcCUzQiUyMCUyNm5ic3AlM0IlMjAlMjZuYnNwJTNCJTIwYWR3YWR3YWRhd2QlM0MlMkZiJTNFJTNDJTJGdSUzRSUzQyUyRmklM0U=', 1)
GO
INSERT [dbo].[News] ([New_id], [New_content], [New_Show]) VALUES (57, N'JTI2bmJzcCUzQiUyMCUyNm5ic3AlM0IlMjAlMjZuYnNwJTNCJTIwJTI2bmJzcCUzQiUyMCVFNSU5QyVBOCVFNSU5MCU5NyVFRiVCQyU5Rg==', 1)
GO
INSERT [dbo].[News] ([New_id], [New_content], [New_Show]) VALUES (58, N'MTIz', 0)
GO
INSERT [dbo].[News] ([New_id], [New_content], [New_Show]) VALUES (59, N'JTNDcCUzRTIzJTNDJTJGcCUzRQ==', 0)
GO
INSERT [dbo].[News] ([New_id], [New_content], [New_Show]) VALUES (60, N'JTNDcCUzRTIzJTNDJTJGcCUzRQ==', 0)
GO
INSERT [dbo].[News] ([New_id], [New_content], [New_Show]) VALUES (61, N'JTNDcCUzRTIzJUU2JTg4JTkxJTNDJTJGcCUzRQ==', 0)
GO
INSERT [dbo].[News] ([New_id], [New_content], [New_Show]) VALUES (62, N'JTNDcCUzRSUyNm5ic3AlM0IlMjAlMjZuYnNwJTNCJTIwJTI2bmJzcCUzQiUyMCUyNm5ic3AlM0IlMjAlMjZuYnNwJTNCJUU5JTk3JUFFJUU1JTk1JThBJUU1JTkzJTg3JUU3JTlBJTg0JUU3JUE5JUJBJUU5JTk3JUI0JTNDJTJGcCUzRSUzQ3AlM0UlRTglQkUlQkUlRTclOTMlQTYlM0MlMkZwJTNF', 0)
GO
INSERT [dbo].[News] ([New_id], [New_content], [New_Show]) VALUES (63, N'JTNDcCUzRSUyNm5ic3AlM0IlMjAlMjZuYnNwJTNCJTIwJTI2bmJzcCUzQiUyMCUyNm5ic3AlM0IlMjAlMjZuYnNwJTNCJUU2JTlDJTgwJUU2JTk2JUIwJUU5JTgwJTlBJUU3JTlGJUE1JUVGJUJDJThDJUU1JTkwJTg0JUU1JUJBJTk3JUU5JTkzJUJBJUU5JTlDJTgwJUU4JUE2JTgxJUU1JTlDJUE4JUU0JUI4JTgzJUU2JTlDJTg4JUU0JUJBJThDJUU1JThEJTgxJUU1JThGJUI3JUU0JUI5JThCJUU1JTg5JThEJUU2JUI0JUJFJUU1JTg3JUJBNSVFNSU5MCU4RCVFNSU5MSU5OCVFNSVCNyVBNSVFRiVCQyU4QyVFNSU4RiU4MiVFNSU4QSVBMCVFNiU4QiU5NCVFNiVCMiVCMyVFNiVBRiU5NCVFOCVCNSU5QiVFMyU4MCU4MiUzQyUyRnAlM0UlM0NwJTNFJUU1JTlDJUIwJUU3JTgyJUI5JUVGJUJDJThDJUU2JUI5JTk2JUU1JThEJTk3JUU5JTk1JUJGJUU2JUIyJTk5JUU1JUI4JTgyJUU5JTk1JUJGJUU2JUIyJTk5JUU1JThFJUJGJUU1JTk0JUEwJUU1JThGJUE4JUU2JUIyJUIzJUVGJUJDJThDJUU1JUIxJThBJUU2JTk3JUI2JUU0JUJDJTlBJUU2JTlDJTg5JUU1JUI3JUE1JUU0JUJEJTlDJUU0JUJBJUJBJUU1JTkxJTk4JUU2JThFJUE1JUU1JUJFJTg1JUUzJTgwJTgyJTNDJTJGcCUzRSUzQ3AlM0UlM0NiciUzRSUzQyUyRnAlM0U=', 0)
GO
INSERT [dbo].[News] ([New_id], [New_content], [New_Show]) VALUES (64, N'JTNDcCUzRSUyNm5ic3AlM0IlMjAlMjZuYnNwJTNCJTIwJTI2bmJzcCUzQiUyMCUyNm5ic3AlM0IlMjAlMjZuYnNwJTNCJUU2JTlDJTgwJUU2JTk2JUIwJUU5JTgwJTlBJUU3JTlGJUE1JUVGJUJDJThDJUU1JTkwJTg0JUU1JUJBJTk3JUU5JTkzJUJBJUU5JTlDJTgwJUU4JUE2JTgxJUU1JTlDJUE4JUU0JUI4JTgzJUU2JTlDJTg4JUU0JUJBJThDJUU1JThEJTgxJUU1JThGJUI3JUU0JUI5JThCJUU1JTg5JThEJUU2JUI0JUJFJUU1JTg3JUJBNSVFNSU5MCU4RCVFNSU5MSU5OCVFNSVCNyVBNSVFRiVCQyU4QyVFNSU4RiU4MiVFNSU4QSVBMCVFNiU4QiU5NCVFNiVCMiVCMyVFNiVBRiU5NCVFOCVCNSU5QiVFMyU4MCU4MiUzQyUyRnAlM0UlM0NwJTNFJUU1JTlDJUIwJUU3JTgyJUI5JUVGJUJDJThDJUU2JUI5JTk2JUU1JThEJTk3JUU5JTk1JUJGJUU2JUIyJTk5JUU1JUI4JTgyJUU5JTk1JUJGJUU2JUIyJTk5JUU1JThFJUJGJUU1JTk0JUEwJUU1JThGJUE4JUU2JUIyJUIzJUVGJUJDJThDJUU1JUIxJThBJUU2JTk3JUI2JUU0JUJDJTlBJUU2JTlDJTg5JUU1JUI3JUE1JUU0JUJEJTlDJUU0JUJBJUJBJUU1JTkxJTk4JUU2JThFJUE1JUU1JUJFJTg1JUUzJTgwJTgyJTNDJTJGcCUzRSUzQ3AlM0UxJTNDJTJGcCUzRSUzQ3AlM0UlM0NiciUzRSUzQyUyRnAlM0U=', 0)
GO
INSERT [dbo].[News] ([New_id], [New_content], [New_Show]) VALUES (65, N'JTNDcCUzRSUyNm5ic3AlM0IlMjAlMjZuYnNwJTNCJTIwJTI2bmJzcCUzQiUyMCUyNm5ic3AlM0IlMjAlMjZuYnNwJTNCJUU2JTlDJTgwJUU2JTk2JUIwJUU5JTgwJTlBJUU3JTlGJUE1JUVGJUJDJThDJUU1JTkwJTg0JUU1JUJBJTk3JUU5JTkzJUJBJUU5JTlDJTgwJUU4JUE2JTgxJUU1JTlDJUE4JUU0JUI4JTgzJUU2JTlDJTg4JUU0JUJBJThDJUU1JThEJTgxJUU1JThGJUI3JUU0JUI5JThCJUU1JTg5JThEJUU2JUI0JUJFJUU1JTg3JUJBNSVFNSU5MCU4RCVFNSU5MSU5OCVFNSVCNyVBNSVFRiVCQyU4QyVFNSU4RiU4MiVFNSU4QSVBMCVFNiU4QiU5NCVFNiVCMiVCMyVFNiVBRiU5NCVFOCVCNSU5QiVFMyU4MCU4MiUzQyUyRnAlM0UlM0NwJTNFJUU1JTlDJUIwJUU3JTgyJUI5JUVGJUJDJThDJUU2JUI5JTk2JUU1JThEJTk3JUU5JTk1JUJGJUU2JUIyJTk5JUU1JUI4JTgyJUU5JTk1JUJGJUU2JUIyJTk5JUU1JThFJUJGJUU1JTk0JUEwJUU1JThGJUE4JUU2JUIyJUIzJUVGJUJDJThDJUU1JUIxJThBJUU2JTk3JUI2JUU0JUJDJTlBJUU2JTlDJTg5JUU1JUI3JUE1JUU0JUJEJTlDJUU0JUJBJUJBJUU1JTkxJTk4JUU2JThFJUE1JUU1JUJFJTg1JUUzJTgwJTgyJTNDJTJGcCUzRSUzQ3AlM0UlMjZuYnNwJTNCJTIwJTI2bmJzcCUzQiUyMCUyNm5ic3AlM0IlMjAlMjZuYnNwJTNCJTIwJTI2bmJzcCUzQiUyMCUyNm5ic3AlM0IlMjAlMjZuYnNwJTNCJTIwJTI2bmJzcCUzQiUyMCUyNm5ic3AlM0IlMjAlMjZuYnNwJTNCJTIwJTI2bmJzcCUzQiUyMCUyNm5ic3AlM0IlMjAlMjZuYnNwJTNCJTIwJTI2bmJzcCUzQiUyMCUyNm5ic3AlM0IlMjAlMjZuYnNwJTNCJTIwJTI2bmJzcCUzQiUyMCUyNm5ic3AlM0IlMjAlMjZuYnNwJTNCJTIwJTI2bmJzcCUzQiUyMCUyNm5ic3AlM0IlMjAlMjZuYnNwJTNCJTIwJTI2bmJzcCUzQiUyMCUyNm5ic3AlM0IlMjAlMjZuYnNwJTNCJTIwJTI2bmJzcCUzQiUyMCUyNm5ic3AlM0IlMjAlMjZuYnNwJTNCJTIwJTI2bmJzcCUzQiUyMCUyNm5ic3AlM0IlMjAlMjZuYnNwJTNCJTIwJTI2bmJzcCUzQiUyMCUyNm5ic3AlM0IlMjAlMjZuYnNwJTNCJTIwJTI2bmJzcCUzQiUyMCUyNm5ic3AlM0IlMjAlMjZuYnNwJTNCJTIwJTI2bmJzcCUzQiUyMCUyNm5ic3AlM0IlMjZuYnNwJTNCJTNDJTJGcCUzRSUzQ3AlM0UlM0NiciUzRSUzQyUyRnAlM0U=', 0)
GO
INSERT [dbo].[News] ([New_id], [New_content], [New_Show]) VALUES (66, N'JTNDcCUzRSUyNm5ic3AlM0IlMjAlMjZuYnNwJTNCJTIwJTI2bmJzcCUzQiUyMCUyNm5ic3AlM0IlMjAlMjZuYnNwJTNCJUU2JTlDJTgwJUU2JTk2JUIwJUU5JTgwJTlBJUU3JTlGJUE1JUVGJUJDJThDJUU1JTkwJTg0JUU1JUJBJTk3JUU5JTkzJUJBJUU5JTlDJTgwJUU4JUE2JTgxJUU1JTlDJUE4JUU0JUI4JTgzJUU2JTlDJTg4JUU0JUJBJThDJUU1JThEJTgxJUU1JThGJUI3JUU0JUI5JThCJUU1JTg5JThEJUU2JUI0JUJFJUU1JTg3JUJBNSVFNSU5MCU4RCVFNSU5MSU5OCVFNSVCNyVBNSVFRiVCQyU4QyVFNSU4RiU4MiVFNSU4QSVBMCVFNiU4QiU5NCVFNiVCMiVCMyVFNiVBRiU5NCVFOCVCNSU5QiVFMyU4MCU4MiUzQyUyRnAlM0UlM0NwJTNFJUU1JTlDJUIwJUU3JTgyJUI5JUVGJUJDJThDJUU2JUI5JTk2JUU1JThEJTk3JUU5JTk1JUJGJUU2JUIyJTk5JUU1JUI4JTgyJUU5JTk1JUJGJUU2JUIyJTk5JUU1JThFJUJGJUU1JTk0JUEwJUU1JThGJUE4JUU2JUIyJUIzJUVGJUJDJThDJUU1JUIxJThBJUU2JTk3JUI2JUU0JUJDJTlBJUU2JTlDJTg5JUU1JUI3JUE1JUU0JUJEJTlDJUU0JUJBJUJBJUU1JTkxJTk4JUU2JThFJUE1JUU1JUJFJTg1JUUzJTgwJTgyJTNDJTJGcCUzRSUzQ3AlM0UlMjZuYnNwJTNCJTIwJTI2bmJzcCUzQiUyMCUyNm5ic3AlM0IlMjAlMjZuYnNwJTNCJTIwJTI2bmJzcCUzQiUyMCUyNm5ic3AlM0IlMjAlMjZuYnNwJTNCJTIwJTI2bmJzcCUzQiUyMCUyNm5ic3AlM0IlMjAlMjZuYnNwJTNCJTIwJTI2bmJzcCUzQiUyMCUyNm5ic3AlM0IlMjAlMjZuYnNwJTNCJTIwJTI2bmJzcCUzQiUyMCUyNm5ic3AlM0IlMjAlMjZuYnNwJTNCJTIwJTI2bmJzcCUzQiUyMCUyNm5ic3AlM0IlMjAlMjZuYnNwJTNCJTIwJTI2bmJzcCUzQiUyMCUyNm5ic3AlM0IlMjAlMjZuYnNwJTNCJTIwJTI2bmJzcCUzQiUyMCUyNm5ic3AlM0IlMjAlMjZuYnNwJTNCJTIwJTI2bmJzcCUzQiUyMCUyNm5ic3AlM0IlMjAlMjZuYnNwJTNCJTIwJTI2bmJzcCUzQiUyMCUyNm5ic3AlM0IlMjAlMjZuYnNwJTNCJTIwJTI2bmJzcCUzQiUyMCUyNm5ic3AlM0IlMjAlMjZuYnNwJTNCJTIwJTI2bmJzcCUzQiUyMCUyNm5ic3AlM0IlMjAlMjZuYnNwJTNCJTIwJTI2bmJzcCUzQiUyMCUyNm5ic3AlM0IlMjAyJTNDJTJGcCUzRSUzQ3AlM0UlM0NiciUzRSUzQyUyRnAlM0U=', 0)
GO
INSERT [dbo].[News] ([New_id], [New_content], [New_Show]) VALUES (67, N'JTNDcCUzRSUyNm5ic3AlM0IlMjAlMjZuYnNwJTNCJTIwJTI2bmJzcCUzQiUyMCUyNm5ic3AlM0IlMjAlMjZuYnNwJTNCJUU2JTlDJTgwJUU2JTk2JUIwJUU5JTgwJTlBJUU3JTlGJUE1JUVGJUJDJThDJUU1JTkwJTg0JUU1JUJBJTk3JUU5JTkzJUJBJUU5JTlDJTgwJUU4JUE2JTgxJUU1JTlDJUE4JUU0JUI4JTgzJUU2JTlDJTg4JUU0JUJBJThDJUU1JThEJTgxJUU1JThGJUI3JUU0JUI5JThCJUU1JTg5JThEJUU2JUI0JUJFJUU1JTg3JUJBNSVFNSU5MCU4RCVFNSU5MSU5OCVFNSVCNyVBNSVFRiVCQyU4QyVFNSU4RiU4MiVFNSU4QSVBMCVFNiU4QiU5NCVFNiVCMiVCMyVFNiVBRiU5NCVFOCVCNSU5QiVFMyU4MCU4MiUzQyUyRnAlM0UlM0NwJTNFJUU1JTlDJUIwJUU3JTgyJUI5JUVGJUJDJThDJUU2JUI5JTk2JUU1JThEJTk3JUU5JTk1JUJGJUU2JUIyJTk5JUU1JUI4JTgyJUU5JTk1JUJGJUU2JUIyJTk5JUU1JThFJUJGJUU1JTk0JUEwJUU1JThGJUE4JUU2JUIyJUIzJUVGJUJDJThDJUU1JUIxJThBJUU2JTk3JUI2JUU0JUJDJTlBJUU2JTlDJTg5JUU1JUI3JUE1JUU0JUJEJTlDJUU0JUJBJUJBJUU1JTkxJTk4JUU2JThFJUE1JUU1JUJFJTg1JUUzJTgwJTgyJTNDJTJGcCUzRSUzQ3AlM0UlMjZuYnNwJTNCJTIwJTI2bmJzcCUzQiUyMCUyNm5ic3AlM0IlMjAlMjZuYnNwJTNCJTIwJTI2bmJzcCUzQiUyMCUyNm5ic3AlM0IlMjAlMjZuYnNwJTNCJTIwJTI2bmJzcCUzQiUyMCUyNm5ic3AlM0IlMjAlMjZuYnNwJTNCJTIwJTI2bmJzcCUzQiUyMCUyNm5ic3AlM0IlMjAlMjZuYnNwJTNCJTIwJTI2bmJzcCUzQiUyMCUyNm5ic3AlM0IlMjAlMjZuYnNwJTNCJTIwJTI2bmJzcCUzQiUyMCUyNm5ic3AlM0IlMjAlMjZuYnNwJTNCJTIwJTI2bmJzcCUzQiUyMCUyNm5ic3AlM0IlMjAlMjZuYnNwJTNCJTIwJTI2bmJzcCUzQiUyMCUyNm5ic3AlM0IlMjAlMjZuYnNwJTNCJTIwJTI2bmJzcCUzQiUyMCUyNm5ic3AlM0IlMjAlMjZuYnNwJTNCJTIwJTI2bmJzcCUzQiUyMCUyNm5ic3AlM0IlMjAlMjZuYnNwJTNCJTIwJTI2bmJzcCUzQiUyMCUyNm5ic3AlM0IlMjAlMjZuYnNwJTNCJTIwJTI2bmJzcCUzQiUyMCUyNm5ic3AlM0IlMjAlMjZuYnNwJTNCJTIwJTI2bmJzcCUzQiUyMCUyNm5ic3AlM0IlMjAyMDE5LTEtOCUzQyUyRnAlM0UlM0NwJTNFJTNDYnIlM0UlM0MlMkZwJTNF', 0)
GO
INSERT [dbo].[News] ([New_id], [New_content], [New_Show]) VALUES (68, N'JTNDcCUzRSUyNm5ic3AlM0IlMjAlMjZuYnNwJTNCJTIwJTI2bmJzcCUzQiUyMCUyNm5ic3AlM0IlMjAlMjZuYnNwJTNCJUU2JTlDJTgwJUU2JTk2JUIwJUU5JTgwJTlBJUU3JTlGJUE1JUVGJUJDJThDJUU1JTkwJTg0JUU1JUJBJTk3JUU5JTkzJUJBJUU5JTlDJTgwJUU4JUE2JTgxJUU1JTlDJUE4JUU0JUI4JTgzJUU2JTlDJTg4JUU0JUJBJThDJUU1JThEJTgxJUU1JThGJUI3JUU0JUI5JThCJUU1JTg5JThEJUU2JUI0JUJFJUU1JTg3JUJBNSVFNSU5MCU4RCVFNSU5MSU5OCVFNSVCNyVBNSVFRiVCQyU4QyVFNSU4RiU4MiVFNSU4QSVBMCVFNiU4QiU5NCVFNiVCMiVCMyVFNiVBRiU5NCVFOCVCNSU5QiVFMyU4MCU4MiUzQyUyRnAlM0UlM0NwJTNFJUU1JTlDJUIwJUU3JTgyJUI5JUVGJUJDJThDJUU2JUI5JTk2JUU1JThEJTk3JUU5JTk1JUJGJUU2JUIyJTk5JUU1JUI4JTgyJUU5JTk1JUJGJUU2JUIyJTk5JUU1JThFJUJGJUU1JTk0JUEwJUU1JThGJUE4JUU2JUIyJUIzJUVGJUJDJThDJUU1JUIxJThBJUU2JTk3JUI2JUU0JUJDJTlBJUU2JTlDJTg5JUU1JUI3JUE1JUU0JUJEJTlDJUU0JUJBJUJBJUU1JTkxJTk4JUU2JThFJUE1JUU1JUJFJTg1JUUzJTgwJTgyJTNDJTJGcCUzRSUzQ3AlM0UlMjZuYnNwJTNCJTIwJTI2bmJzcCUzQiUyMCUyNm5ic3AlM0IlMjAlMjZuYnNwJTNCJTIwJTI2bmJzcCUzQiUyMCUyNm5ic3AlM0IlMjAlMjZuYnNwJTNCJTIwJTI2bmJzcCUzQiUyMCUyNm5ic3AlM0IlMjAlMjZuYnNwJTNCJTIwJTI2bmJzcCUzQiUyMCUyNm5ic3AlM0IlMjAlMjZuYnNwJTNCJTIwJTI2bmJzcCUzQiUyMCUyNm5ic3AlM0IlMjAlMjZuYnNwJTNCJTIwJTI2bmJzcCUzQiUyMCUyNm5ic3AlM0IlMjAlMjZuYnNwJTNCJTIwJTI2bmJzcCUzQiUyMCUyNm5ic3AlM0IlMjAlMjZuYnNwJTNCJTIwJTI2bmJzcCUzQiUyMCUyNm5ic3AlM0IlMjAlMjZuYnNwJTNCJTIwJTI2bmJzcCUzQiUyMCUyNm5ic3AlM0IlMjAlMjZuYnNwJTNCJTIwJTI2bmJzcCUzQiUyMCUyNm5ic3AlM0IlMjAlMjZuYnNwJTNCJTIwJTI2bmJzcCUzQiUyMCUyNm5ic3AlM0IlMjAlMjZuYnNwJTNCJTIwJTI2bmJzcCUzQiUyMCUyNm5ic3AlM0IlMjAlMjZuYnNwJTNCJTIwJTI2bmJzcCUzQiUyMCUyNm5ic3AlM0IlMjAyMDIxLTctMSUzQyUyRnAlM0UlM0NwJTNFJTI2bmJzcCUzQiUyMCUyNm5ic3AlM0IlMjAlMjZuYnNwJTNCJTIwJTI2bmJzcCUzQiUyMCUyNm5ic3AlM0IlMjAlMjZuYnNwJTNCJTNDJTJGcCUzRSUzQ3AlM0UlM0NiciUzRSUzQyUyRnAlM0U=', 0)
GO
INSERT [dbo].[News] ([New_id], [New_content], [New_Show]) VALUES (69, N'JTNDcCUzRSUyNm5ic3AlM0IlMjAlMjZuYnNwJTNCJTIwJTI2bmJzcCUzQiUyMCUyNm5ic3AlM0IlMjAlMjZuYnNwJTNCJUU2JTlDJTgwJUU2JTk2JUIwJUU5JTgwJTlBJUU3JTlGJUE1JUVGJUJDJThDJUU1JTkwJTg0JUU1JUJBJTk3JUU5JTkzJUJBJUU5JTlDJTgwJUU4JUE2JTgxJUU1JTlDJUE4JUU0JUI4JTgzJUU2JTlDJTg4JUU0JUJBJThDJUU1JThEJTgxJUU1JThGJUI3JUU0JUI5JThCJUU1JTg5JThEJUU2JUI0JUJFJUU1JTg3JUJBNSVFNSU5MCU4RCVFNSU5MSU5OCVFNSVCNyVBNSVFRiVCQyU4QyVFNSU4RiU4MiVFNSU4QSVBMCVFNiU4QiU5NCVFNiVCMiVCMyVFNiVBRiU5NCVFOCVCNSU5QiVFMyU4MCU4MiUzQyUyRnAlM0UlM0NwJTNFJUU1JTlDJUIwJUU3JTgyJUI5JUVGJUJDJThDJUU2JUI5JTk2JUU1JThEJTk3JUU5JTk1JUJGJUU2JUIyJTk5JUU1JUI4JTgyJUU5JTk1JUJGJUU2JUIyJTk5JUU1JThFJUJGJUU1JTk0JUEwJUU1JThGJUE4JUU2JUIyJUIzJUVGJUJDJThDJUU1JUIxJThBJUU2JTk3JUI2JUU0JUJDJTlBJUU2JTlDJTg5JUU1JUI3JUE1JUU0JUJEJTlDJUU0JUJBJUJBJUU1JTkxJTk4JUU2JThFJUE1JUU1JUJFJTg1JUUzJTgwJTgyJTNDJTJGcCUzRSUzQ3AlM0UlMjZuYnNwJTNCJTIwJTI2bmJzcCUzQiUyMCUyNm5ic3AlM0IlMjAlMjZuYnNwJTNCJTIwJTI2bmJzcCUzQiUyMCUyNm5ic3AlM0IlMjAlMjZuYnNwJTNCJTIwJTI2bmJzcCUzQiUyMCUyNm5ic3AlM0IlMjAlMjZuYnNwJTNCJTIwJTI2bmJzcCUzQiUyMCUyNm5ic3AlM0IlMjAlMjZuYnNwJTNCJTIwJTI2bmJzcCUzQiUyMCUyNm5ic3AlM0IlMjAlMjZuYnNwJTNCJTIwJTI2bmJzcCUzQiUyMCUyNm5ic3AlM0IlMjAlMjZuYnNwJTNCJTIwJTI2bmJzcCUzQiUyMCUyNm5ic3AlM0IlMjAlMjZuYnNwJTNCJTIwJTI2bmJzcCUzQiUyMCUyNm5ic3AlM0IlMjAlMjZuYnNwJTNCJTIwJTI2bmJzcCUzQiUyMCUyNm5ic3AlM0IlMjAlMjZuYnNwJTNCJTIwJTI2bmJzcCUzQiUyMCUyNm5ic3AlM0IlMjAlMjZuYnNwJTNCJTIwJTI2bmJzcCUzQiUyMCUyNm5ic3AlM0IlMjAlMjZuYnNwJTNCJTIwJTI2bmJzcCUzQiUyMCUyNm5ic3AlM0IlMjAlMjZuYnNwJTNCJTIwJTI2bmJzcCUzQiUyMCUyNm5ic3AlM0IlMjAyMDIxLTctMSUzQyUyRnAlM0UlM0NwJTNFJTNDYnIlM0UlM0MlMkZwJTNF', 0)
GO
INSERT [dbo].[News] ([New_id], [New_content], [New_Show]) VALUES (70, N'JTNDcCUzRSUyNm5ic3AlM0IlMjAlMjZuYnNwJTNCJTIwJTI2bmJzcCUzQiUyMCUyNm5ic3AlM0IlMjAlMjZuYnNwJTNCJUU2JTlDJTgwJUU2JTk2JUIwJUU5JTgwJTlBJUU3JTlGJUE1JUVGJUJDJThDJUU1JTkwJTg0JUU1JUJBJTk3JUU5JTkzJUJBJUU5JTlDJTgwJUU4JUE2JTgxJUU1JTlDJUE4JUU0JUI4JTgzJUU2JTlDJTg4JUU0JUJBJThDJUU1JThEJTgxJUU1JThGJUI3JUU0JUI5JThCJUU1JTg5JThEJUU2JUI0JUJFJUU1JTg3JUJBNSVFNSU5MCU4RCVFNSU5MSU5OCVFNSVCNyVBNSVFRiVCQyU4QyVFNSU4RiU4MiVFNSU4QSVBMCVFNiU4QiU5NCVFNiVCMiVCMyVFNiVBRiU5NCVFOCVCNSU5QiVFMyU4MCU4MiUzQyUyRnAlM0UlM0NwJTNFJUU1JTlDJUIwJUU3JTgyJUI5JUVGJUJDJThDJUU2JUI5JTk2JUU1JThEJTk3JUU5JTk1JUJGJUU2JUIyJTk5JUU1JUI4JTgyJUU5JTk1JUJGJUU2JUIyJTk5JUU1JThFJUJGJUU1JTk0JUEwJUU1JThGJUE4JUU2JUIyJUIzJUVGJUJDJThDJUU1JUIxJThBJUU2JTk3JUI2JUU0JUJDJTlBJUU2JTlDJTg5JUU1JUI3JUE1JUU0JUJEJTlDJUU0JUJBJUJBJUU1JTkxJTk4JUU2JThFJUE1JUU1JUJFJTg1JUUzJTgwJTgyJTNDJTJGcCUzRSUzQ3AlM0UlMjZuYnNwJTNCJTIwJTI2bmJzcCUzQiUyMCUyNm5ic3AlM0IlMjAlMjZuYnNwJTNCJTIwJTI2bmJzcCUzQiUyMCUyNm5ic3AlM0IlMjAlMjZuYnNwJTNCJTIwJTI2bmJzcCUzQiUyMCUyNm5ic3AlM0IlMjAlMjZuYnNwJTNCJTIwJTI2bmJzcCUzQiUyMCUyNm5ic3AlM0IlMjAlMjZuYnNwJTNCJTIwJTI2bmJzcCUzQiUyMCUyNm5ic3AlM0IlMjAlMjZuYnNwJTNCJTIwJTI2bmJzcCUzQiUyMCUyNm5ic3AlM0IlMjAlMjZuYnNwJTNCJTIwJTI2bmJzcCUzQiUyMCUyNm5ic3AlM0IlMjAlMjZuYnNwJTNCJTIwJTI2bmJzcCUzQiUyMCUyNm5ic3AlM0IlMjAlMjZuYnNwJTNCJTIwJTI2bmJzcCUzQiUyMCUyNm5ic3AlM0IlMjAlMjZuYnNwJTNCJTIwJTI2bmJzcCUzQiUyMCUyNm5ic3AlM0IlMjAlMjZuYnNwJTNCJTIwJTI2bmJzcCUzQiUyMCUyNm5ic3AlM0IlMjAlMjZuYnNwJTNCJTIwJTI2bmJzcCUzQiUyMCUyNm5ic3AlM0IlMjAlMjZuYnNwJTNCJTIwJTI2bmJzcCUzQiUyMCUyNm5ic3AlM0IlMjAyMDIxLTctMSUzQyUyRnAlM0UlM0NwJTNFMiUzQyUyRnAlM0U=', 0)
GO
INSERT [dbo].[News] ([New_id], [New_content], [New_Show]) VALUES (71, N'JTNDcCUzRSUyNm5ic3AlM0IlMjAlMjZuYnNwJTNCJTIwJTI2bmJzcCUzQiUyMCUyNm5ic3AlM0IlMjAlMjZuYnNwJTNCJUU2JTlDJTgwJUU2JTk2JUIwJUU5JTgwJTlBJUU3JTlGJUE1JUVGJUJDJThDJUU1JTkwJTg0JUU1JUJBJTk3JUU5JTkzJUJBJUU5JTlDJTgwJUU4JUE2JTgxJUU1JTlDJUE4JUU0JUI4JTgzJUU2JTlDJTg4JUU0JUJBJThDJUU1JThEJTgxJUU1JThGJUI3JUU0JUI5JThCJUU1JTg5JThEJUU2JUI0JUJFJUU1JTg3JUJBNSVFNSU5MCU4RCVFNSU5MSU5OCVFNSVCNyVBNSVFRiVCQyU4QyVFNSU4RiU4MiVFNSU4QSVBMCVFNiU4QiU5NCVFNiVCMiVCMyVFNiVBRiU5NCVFOCVCNSU5QiVFMyU4MCU4MiUzQyUyRnAlM0UlM0NwJTNFJUU1JTlDJUIwJUU3JTgyJUI5JUVGJUJDJThDJUU2JUI5JTk2JUU1JThEJTk3JUU5JTk1JUJGJUU2JUIyJTk5JUU1JUI4JTgyJUU5JTk1JUJGJUU2JUIyJTk5JUU1JThFJUJGJUU1JTk0JUEwJUU1JThGJUE4JUU2JUIyJUIzJUVGJUJDJThDJUU1JUIxJThBJUU2JTk3JUI2JUU0JUJDJTlBJUU2JTlDJTg5JUU1JUI3JUE1JUU0JUJEJTlDJUU0JUJBJUJBJUU1JTkxJTk4JUU2JThFJUE1JUU1JUJFJTg1JUUzJTgwJTgyJTNDJTJGcCUzRSUzQ3AlM0UlMjZuYnNwJTNCJTIwJTI2bmJzcCUzQiUyMCUyNm5ic3AlM0IlMjAlMjZuYnNwJTNCJTIwJTI2bmJzcCUzQiUyMCUyNm5ic3AlM0IlMjAlMjZuYnNwJTNCJTIwJTI2bmJzcCUzQiUyMCUyNm5ic3AlM0IlMjAlMjZuYnNwJTNCJTIwJTI2bmJzcCUzQiUyMCUyNm5ic3AlM0IlMjAlMjZuYnNwJTNCJTIwJTI2bmJzcCUzQiUyMCUyNm5ic3AlM0IlMjAlMjZuYnNwJTNCJTIwJTI2bmJzcCUzQiUyMCUyNm5ic3AlM0IlMjAlMjZuYnNwJTNCJTIwJTI2bmJzcCUzQiUyMCUyNm5ic3AlM0IlMjAlMjZuYnNwJTNCJTIwJTI2bmJzcCUzQiUyMCUyNm5ic3AlM0IlMjAlMjZuYnNwJTNCJTIwJTI2bmJzcCUzQiUyMCUyNm5ic3AlM0IlMjAlMjZuYnNwJTNCJTIwJTI2bmJzcCUzQiUyMCUyNm5ic3AlM0IlMjAlMjZuYnNwJTNCJTIwJTI2bmJzcCUzQiUyMCUyNm5ic3AlM0IlMjAlMjZuYnNwJTNCJTIwJTI2bmJzcCUzQiUyMCUyNm5ic3AlM0IlMjAlMjZuYnNwJTNCJTIwJTI2bmJzcCUzQiUyMCUyNm5ic3AlM0IlMjAyMDIxLTctMSUzQyUyRnAlM0UlM0NwJTNFJTI2bmJzcCUzQiUyMCUyNm5ic3AlM0IlMjAlMjZuYnNwJTNCJTIwJTI2bmJzcCUzQiUyMCUyNm5ic3AlM0IlMjAlMjZuYnNwJTNCJTIwJTI2bmJzcCUzQiUyMCUyNm5ic3AlM0IlMjAlMjZuYnNwJTNCJTIwJTI2bmJzcCUzQjIlM0MlMkZwJTNF', 0)
GO
INSERT [dbo].[News] ([New_id], [New_content], [New_Show]) VALUES (72, N'JTNDcCUzRSUyNm5ic3AlM0IlMjAlMjZuYnNwJTNCJTIwJTI2bmJzcCUzQiUyMCUyNm5ic3AlM0IlMjAlMjZuYnNwJTNCJUU2JTlDJTgwJUU2JTk2JUIwJUU5JTgwJTlBJUU3JTlGJUE1JUVGJUJDJThDJUU1JTkwJTg0JUU1JUJBJTk3JUU5JTkzJUJBJUU5JTlDJTgwJUU4JUE2JTgxJUU1JTlDJUE4JUU0JUI4JTgzJUU2JTlDJTg4JUU0JUJBJThDJUU1JThEJTgxJUU1JThGJUI3JUU0JUI5JThCJUU1JTg5JThEJUU2JUI0JUJFJUU1JTg3JUJBNSVFNSU5MCU4RCVFNSU5MSU5OCVFNSVCNyVBNSVFRiVCQyU4QyVFNSU4RiU4MiVFNSU4QSVBMCVFNiU4QiU5NCVFNiVCMiVCMyVFNiVBRiU5NCVFOCVCNSU5QiVFMyU4MCU4MiUzQyUyRnAlM0UlM0NwJTNFJUU1JTlDJUIwJUU3JTgyJUI5JUVGJUJDJThDJUU2JUI5JTk2JUU1JThEJTk3JUU5JTk1JUJGJUU2JUIyJTk5JUU1JUI4JTgyJUU5JTk1JUJGJUU2JUIyJTk5JUU1JThFJUJGJUU1JTk0JUEwJUU1JThGJUE4JUU2JUIyJUIzJUVGJUJDJThDJUU1JUIxJThBJUU2JTk3JUI2JUU0JUJDJTlBJUU2JTlDJTg5JUU1JUI3JUE1JUU0JUJEJTlDJUU0JUJBJUJBJUU1JTkxJTk4JUU2JThFJUE1JUU1JUJFJTg1JUUzJTgwJTgyJTNDJTJGcCUzRSUzQ3AlM0UlMjZuYnNwJTNCJTIwJTI2bmJzcCUzQiUyMCUyNm5ic3AlM0IlMjAlMjZuYnNwJTNCJTIwJTI2bmJzcCUzQiUyMCUyNm5ic3AlM0IlMjAlMjZuYnNwJTNCJTIwJTI2bmJzcCUzQiUyMCUyNm5ic3AlM0IlMjAlMjZuYnNwJTNCJTIwJTI2bmJzcCUzQiUyMCUyNm5ic3AlM0IlMjAlMjZuYnNwJTNCJTIwJTI2bmJzcCUzQiUyMCUyNm5ic3AlM0IlMjAlMjZuYnNwJTNCJTIwJTI2bmJzcCUzQiUyMCUyNm5ic3AlM0IlMjAlMjZuYnNwJTNCJTIwJTI2bmJzcCUzQiUyMCUyNm5ic3AlM0IlMjAlMjZuYnNwJTNCJTIwJTI2bmJzcCUzQiUyMCUyNm5ic3AlM0IlMjAlMjZuYnNwJTNCJTIwJTI2bmJzcCUzQiUyMCUyNm5ic3AlM0IlMjAlMjZuYnNwJTNCJTIwJTI2bmJzcCUzQiUyMCUyNm5ic3AlM0IlMjAlMjZuYnNwJTNCJTIwJTI2bmJzcCUzQiUyMCUyNm5ic3AlM0IlMjAlMjZuYnNwJTNCJTIwJTI2bmJzcCUzQiUyMCUyNm5ic3AlM0IlMjAlMjZuYnNwJTNCJTIwJTI2bmJzcCUzQiUyMCUyNm5ic3AlM0IlMjAyMDIxLTctMSUzQyUyRnAlM0UlM0NwJTNFJTI2bmJzcCUzQiUyNm5ic3AlM0IlM0MlMkZwJTNF', 0)
GO
INSERT [dbo].[News] ([New_id], [New_content], [New_Show]) VALUES (73, N'JTNDcCUzRSUyNm5ic3AlM0IlMjAlMjZuYnNwJTNCJTIwJTI2bmJzcCUzQiUyMCVFNSU5NSU4QSVFNiU4OCU5MSVFNiU4OSU5MyVFNiU4OSU5MyVFNiU4OSU5MyVFNiU4OSU5MyUzQyUyRnAlM0U=', 1)
GO
INSERT [dbo].[News] ([New_id], [New_content], [New_Show]) VALUES (74, N'JTNDcCUzRSUyNm5ic3AlM0IlMjAlMjZuYnNwJTNCJTIwJTI2bmJzcCUzQiUyMCUyNm5ic3AlM0IlMjAlMjZuYnNwJTNCJTIwJTI2bmJzcCUzQiUyMCUyNm5ic3AlM0IlMjAlMjZuYnNwJTNCJTIwJTI2bmJzcCUzQiUyMCUyNm5ic3AlM0IlMjAlMjZuYnNwJTNCJTIwJTI2bmJzcCUzQiUyMCUyNm5ic3AlM0IlMjAlMjZuYnNwJTNCJTIwJTI2bmJzcCUzQiUyMCUyNm5ic3AlM0IlRTYlODElQUQlRTUlOTYlOUMlRTUlOTAlODQlRTQlQjglQUElRTklODMlQTglRTklOTclQTglRTclOUElODQlMjAlRTUlOTAlOEMlRTglODMlOUUlMjAlRTglODMlQkQlRTUlQTQlOUYlRTYlOEElOTMlRTQlQkQlOEYlRTYlOUMlQkElRTQlQkMlOUElMjZuYnNwJTNCJTIwNyVFNiU5QyU4ODMwJUU1JThGJUI3JUVGJUJDJThDJUU1JTg1JUFDJUU1JThGJUI4JUU1JTg3JTg2JUU1JUE0JTg3JUU0JUI4JThBJUU1JUI4JTgyJUUzJTgwJTgyJTIwJUU1JTg3JUExJUU0JUJBJThCJUU1JThBJUEwJUU1JTg1JUE1JUU1JTg1JUFDJUU1JThGJUI4JUU2JUJCJUExJUU0JUJBJTk0JUU1JUI5JUI0JUVGJUJDJThDJUU1JThGJUFGJUU4JThFJUI3JUU1JUJFJTk3JUU4JTgyJUExJUU0JUJCJUJEJUUzJTgwJTgyJTNDJTJGcCUzRSUzQ3AlM0UlMjZuYnNwJTNCJTIwJTI2bmJzcCUzQiUyMCUyNm5ic3AlM0IlMjAlMjZuYnNwJTNCJTIwJTI2bmJzcCUzQiUyMCUyNm5ic3AlM0IlMjAlMjZuYnNwJTNCJTIwJTI2bmJzcCUzQiUyMCUyNm5ic3AlM0IlMjAlMjZuYnNwJTNCJTIwJTI2bmJzcCUzQiUyMCUyNm5ic3AlM0IlMjAlMjZuYnNwJTNCJTIwJTI2bmJzcCUzQiUyMCUyNm5ic3AlM0IlMjAlMjZuYnNwJTNCJTIwJTI2bmJzcCUzQiUyMCUyNm5ic3AlM0IlMjAlMjZuYnNwJTNCJTIwJTI2bmJzcCUzQiUyMCUyNm5ic3AlM0IlMjAlMjZuYnNwJTNCJTIwJTI2bmJzcCUzQiUyMCUyNm5ic3AlM0IlMjAlMjZuYnNwJTNCJTIwJTI2bmJzcCUzQiUyMDIwMjEtNy0xJTNDJTJGcCUzRSUzQ3AlMjBzdHlsZSUzRCUyMnRleHQtYWxpZ24lM0ElMjBjZW50ZXIlM0IlMjAlMjIlM0UlMjZuYnNwJTNCJTIwJTI2bmJzcCUzQiUyMCUyNm5ic3AlM0IlMjAlMjZuYnNwJTNCJTIwJTI2bmJzcCUzQiUyMCUyNm5ic3AlM0IlMjAlMjZuYnNwJTNCJTIwJTI2bmJzcCUzQiUyMCUyNm5ic3AlM0IlMjAlMjZuYnNwJTNCJTIwJTI2bmJzcCUzQiUyMCUyNm5ic3AlM0IlMjAlMjZuYnNwJTNCJTIwJTI2bmJzcCUzQiUyMCUyNm5ic3AlM0IlMjAlMjZuYnNwJTNCJTIwJTI2bmJzcCUzQiUyMCUyNm5ic3AlM0IlMjAlMjZuYnNwJTNCJTIwJTI2bmJzcCUzQiUyMCUyNm5ic3AlM0IlMjAlMjZuYnNwJTNCJTIwJTI2bmJzcCUzQiUyMCUyNm5ic3AlM0IlMjAlMjZuYnNwJTNCJTIwJTI2bmJzcCUzQiUyMCUyNm5ic3AlM0IlMjAlMjZuYnNwJTNCJTIwJTI2bmJzcCUzQiUyMCUyNm5ic3AlM0IlMjAlMjZuYnNwJTNCJTIwJTI2bmJzcCUzQiUyMCUyNm5ic3AlM0IlMjAlMjZuYnNwJTNCJTIwJTI2bmJzcCUzQiUzQyUyRnAlM0U=', 0)
GO
INSERT [dbo].[News] ([New_id], [New_content], [New_Show]) VALUES (75, N'JTNDcCUzRSVFNiU4OSU5MyVFNSVCQyU4MCVFNCVCQSU4NiVFNiU4OCU5MSVFNyU5QSU4NCVFNiU4QiU4OSVFOSVCQiU5MSVFNiU4OCU5MSVFNyU5QSU4NCVFNyU5QyU4QiVFNSU4OCVCMCVFNiU4QiVCRiVFNSVCQyU4MCVFNCVCRCVBMCVFNyU5QSU4NCVFNyVBNiVCQiVFNSVCQyU4MCVFNSU4QSVBMCVFNSVBNCVBNyVFNCVCQSU4NiVFNSU4RiVBRiVFOCU4MyVCRCVFNyU5QSU4NCVFNyVBNiVCQiVFNSVCQyU4MCVFNyU4OCVCMSVFNSU5MyVBRCVFNyU5QSU4NCVFNyVCQiVCRiVFNSU4RCVBMSVFNiU4OCU5MSVFNiU4QiVCRiVFNSU4OCVCMCVFNyVCQiVCRiVFNSU4RCVBMSVFNCVCOCVBNCVFOSVBMiU5NyVFOCU5QiU4QiVFOSU4NyU4QyVFNyU5QyU4QiVFNSU4OCVCMCVFNCVCRCVBMCVFNyVBNiVCQiVFNSVCQyU4MCVFOSU4MiVBMyVFOSU4NyU4QyVFNyU5QSU4NCVFNyU5QyU4QiVFNCVCQSU4NiVFNyU5QyU4QiVFNSVCOCVBNiVFNCVCRCVBMCVFNyVBNiVCQiVFNSVCQyU4MCVFNCVCRCVBMCVFNSU4OCVCMCVFNSU5MyVBQSVFOSU4NyU4QyVFNyU5QyU4QiVFNSU4OCVCMCVFNCVCRCVBMCVFNiU4OCU5MSVFNyU5QyU4QiVFNCVCQSU4NiVFNCVCRCVBMCVFNyU5QSU4NCVFNSVBNSVCMyVFNyU5QSU4NCVFOCVCRiU5RSVFNyU5QyU4QiVFNCVCOSU4QyVFNSU4NSU4QiVFNSU4NSVCMCVFNyU5QSU4NCVFNCVCRCVBMCVFNiU5NyU4NSVFNSVBRSVBMiVFNyU5QSU4NCVFOSU4MiVBMyVFNSU5RCU5NyVFNiU4NyU5MiVFNSVCRSU5NyVFNyU5QyU4QiVFNCVCQSU4NiVFOCVBRiVCNyVFOSU5NyVBRSVFNCVCRCVBMCVFNyU5QSU4NCVFNiU4QiU4OSVFOCU5MiU4MiVFOCVBRiVCQSVFNSVBOCU4MyVFNCVCQSU4NiVFNSVCRiVBQiVFOSU4MCU5MiVFOSU4MiVBMyVFOSU4NyU4QyVFNiU4OCU5MSVFNyU5QyU4QiVFNSU4OCVCMCVFNCVCRCVBMCVFNiU5RCVBNSVFNyU5QyU4QiVFNSU5MiVBRiVFNyU5QyU4QiVFNSU4OCVCMCVFOSU4MiVBMyVFNCVCOSU4QyVFNSU4NSU4QiVFNSU4NSVCMCVFNyU5QSU4NCVFOSU4MiVBMyVFNCVCOCVBNCVFNiVBQyVCRSVFNiU4OSU5MyVFNSVCQyU4MCVFNCVCQSU4NiVFNyU5QSU4NCVFOSU4MiVBMyVFNCVCRCU4RCVFNCVCQSU4NiVFNiU4OCU5MSVFNyU5NCVCNSVFOCU4NCU5MSVFNyVBNyU5MSVFOSVCRSU5OSVFOCU4MyU4NiVFNCVCOCVCQSVFNiU5NyU4NSVFNSVBRSVBMiVFNCVCRCU4NiVFNCVCOCVCQSVFNCVCQSU4NiVFNyU5QyU4QiVFNSU4OCVCMCVFNCVCRCVBMCVFNyVBNiVCQiVFNSVCQyU4MCVFNiU4QiVCRiVFNSU4OCVCMCVFNyVCQiVCRiVFNSU4RCVBMSVFOCVBNyU4OSVFNSVCRSU5NyVFNiU4OCU5MSVFNyU5QyU4QiVFNCVCQSU4NiVFNSVCMCVCMSUzQ3NwYW4lMjBzdHlsZSUzRCUyMnRleHQtYWxpZ24lM0ElMjBjZW50ZXIlM0IlMjIlM0UlMjZuYnNwJTNCJTIwJTI2bmJzcCUzQiUyMCUyNm5ic3AlM0IlMjAlMjZuYnNwJTNCJTIwJTI2bmJzcCUzQiUyMCUyNm5ic3AlM0IlMjAlMjZuYnNwJTNCJTIwJTI2bmJzcCUzQiUyNm5ic3AlM0IlM0MlMkZzcGFuJTNFJTNDJTJGcCUzRQ==', 0)
GO
INSERT [dbo].[News] ([New_id], [New_content], [New_Show]) VALUES (76, N'JTNDcCUyMHN0eWxlJTNEJTIydGV4dC1hbGlnbiUzQSUyMGNlbnRlciUzQiUyMiUzRWElM0MlMkZwJTNFJTNDcCUyMHN0eWxlJTNEJTIydGV4dC1hbGlnbiUzQSUyMGNlbnRlciUzQiUyMiUzRSUzQ2JyJTNFJTNDJTJGcCUzRSUzQ3AlMjBzdHlsZSUzRCUyMnRleHQtYWxpZ24lM0ElMjBjZW50ZXIlM0IlMjIlM0VhJTNDJTJGcCUzRSUzQ3AlMjBzdHlsZSUzRCUyMnRleHQtYWxpZ24lM0ElMjBjZW50ZXIlM0IlMjIlM0VhJTNDJTJGcCUzRSUzQ3AlMjBzdHlsZSUzRCUyMnRleHQtYWxpZ24lM0ElMjBjZW50ZXIlM0IlMjIlM0UlM0NiciUzRSUzQyUyRnAlM0UlM0NwJTIwc3R5bGUlM0QlMjJ0ZXh0LWFsaWduJTNBJTIwY2VudGVyJTNCJTIyJTNFYSUzQyUyRnAlM0UlM0NwJTIwc3R5bGUlM0QlMjJ0ZXh0LWFsaWduJTNBJTIwY2VudGVyJTNCJTIyJTNFYSUzQyUyRnAlM0UlM0NwJTIwc3R5bGUlM0QlMjJ0ZXh0LWFsaWduJTNBJTIwY2VudGVyJTNCJTIyJTNFYSUzQyUyRnAlM0UlM0NwJTIwc3R5bGUlM0QlMjJ0ZXh0LWFsaWduJTNBJTIwY2VudGVyJTNCJTIyJTNFYSUzQyUyRnAlM0UlM0NwJTIwc3R5bGUlM0QlMjJ0ZXh0LWFsaWduJTNBJTIwY2VudGVyJTNCJTIyJTNFJTNDYnIlM0UlM0MlMkZwJTNFJTNDcCUyMHN0eWxlJTNEJTIydGV4dC1hbGlnbiUzQSUyMGNlbnRlciUzQiUyMiUzRWFhJTNDJTJGcCUzRSUzQ3AlMjBzdHlsZSUzRCUyMnRleHQtYWxpZ24lM0ElMjBjZW50ZXIlM0IlMjIlM0UlM0NiciUzRSUzQyUyRnAlM0UlM0NwJTIwc3R5bGUlM0QlMjJ0ZXh0LWFsaWduJTNBJTIwY2VudGVyJTNCJTIyJTNFYWElM0MlMkZwJTNFJTNDcCUyMHN0eWxlJTNEJTIydGV4dC1hbGlnbiUzQSUyMGNlbnRlciUzQiUyMiUzRSUzQ2JyJTNFJTNDJTJGcCUzRSUzQ3AlMjBzdHlsZSUzRCUyMnRleHQtYWxpZ24lM0ElMjBjZW50ZXIlM0IlMjIlM0VhJTNDJTJGcCUzRSUzQ3AlMjBzdHlsZSUzRCUyMnRleHQtYWxpZ24lM0ElMjBjZW50ZXIlM0IlMjIlM0UlM0NiciUzRSUzQyUyRnAlM0UlM0NwJTIwc3R5bGUlM0QlMjJ0ZXh0LWFsaWduJTNBJTIwY2VudGVyJTNCJTIyJTNFYSUzQyUyRnAlM0UlM0NwJTIwc3R5bGUlM0QlMjJ0ZXh0LWFsaWduJTNBJTIwc3RhcnQlM0IlMjAlMjIlM0UlM0NzcGFuJTIwc3R5bGUlM0QlMjJ0ZXh0LWFsaWduJTNBJTIwY2VudGVyJTNCJTIyJTNFJTI2bmJzcCUzQiUyMCUyNm5ic3AlM0IlMjAlMjZuYnNwJTNCJTIwJTI2bmJzcCUzQiUyMCUyNm5ic3AlM0IlMjAlMjZuYnNwJTNCJTNDJTJGc3BhbiUzRSUzQyUyRnAlM0U=', 0)
GO
INSERT [dbo].[News] ([New_id], [New_content], [New_Show]) VALUES (77, N'JTNDcCUyMHN0eWxlJTNEJTIydGV4dC1hbGlnbiUzQSUyMGxlZnQlM0IlMjIlM0UlM0NiciUzRSUzQyUyRnAlM0U=', 0)
GO
INSERT [dbo].[News] ([New_id], [New_content], [New_Show]) VALUES (78, N'JTNDcCUzRSUyNm5ic3AlM0IlMjAlMjZuYnNwJTNCJTIwJTI2bmJzcCUzQiUyMCUyNm5ic3AlM0IlMjAlMjZuYnNwJTNCJTIwJTI2bmJzcCUzQiUyMCUyNm5ic3AlM0IlMjAlMjZuYnNwJTNCJTIwJTI2bmJzcCUzQiUyMCUyNm5ic3AlM0IlMjAlMjZuYnNwJTNCJTIwJTI2bmJzcCUzQiUyMCUyNm5ic3AlM0J3YWQxd2tkYW13bGtkbWF3bGtkbWF3a0FEd2FEYVdEQVdkJTNDJTJGcCUzRSUzQ3AlM0Vhd2QlM0MlMkZwJTNFJTNDcCUzRWF3ZCUzQyUyRnAlM0UlM0NwJTNFYXclM0MlMkZwJTNFJTNDcCUzRWRhdyUzQyUyRnAlM0UlM0NwJTNFZCUzQyUyRnAlM0UlM0NwJTNFYXdkJTNDJTJGcCUzRSUzQ3AlM0VhdyUzQyUyRnAlM0UlM0NwJTNFZGF3JTNDJTJGcCUzRSUzQ3AlM0VkJTNDJTJGcCUzRSUzQ3AlM0Vhd2QlM0MlMkZwJTNFJTNDcCUzRWF3ZCUzQyUyRnAlM0UlM0NwJTNFYSUzQyUyRnAlM0UlM0NwJTNFd2RhJTNDJTJGcCUzRSUzQ3AlM0V3ZCUzQyUyRnAlM0UlM0NwJTNFd2ElM0MlMkZwJTNFJTNDcCUzRWRhJTNDJTJGcCUzRSUzQ3AlM0V3ZCUzQyUyRnAlM0UlM0NwJTNFYXdkJTNDJTJGcCUzRSUzQ3AlM0VhdyUzQyUyRnAlM0UlM0NwJTNFZGElM0MlMkZwJTNFJTNDcCUzRXdkYSUzQyUyRnAlM0UlM0NwJTNFd2RhJTNDJTJGcCUzRSUzQ3AlM0VkJTNDJTJGcCUzRQ==', 0)
GO
INSERT [dbo].[News] ([New_id], [New_content], [New_Show]) VALUES (79, N'JTNDcCUzRSUyNm5ic3AlM0IlMjAlMjZuYnNwJTNCJTIwJTI2bmJzcCUzQiUyMCUyNm5ic3AlM0IlMjAlMjZuYnNwJTNCJTIwJTI2bmJzcCUzQiUyMCUyNm5ic3AlM0IlMjAlMjZuYnNwJTNCJTIwJTI2bmJzcCUzQiUyMCUyNm5ic3AlM0IlMjAlMjZuYnNwJTNCJTIwJTI2bmJzcCUzQiUyMCUyNm5ic3AlM0J3YWQxd2tkYW13bGtkbWF3bGtkbWF3a0FEd2FEYVdEQVdkJTNDJTJGcCUzRSUzQ3AlM0Vhd2QlM0MlMkZwJTNFJTNDcCUzRWF3ZCUzQyUyRnAlM0UlM0NwJTNFYXclM0MlMkZwJTNFJTNDcCUzRWRhdyUzQyUyRnAlM0UlM0NwJTNFZCUzQyUyRnAlM0UlM0NwJTNFYXdkJTNDJTJGcCUzRSUzQ3AlM0VhdyUzQyUyRnAlM0UlM0NwJTNFZGF3JTNDJTJGcCUzRSUzQ3AlM0VkJTNDJTJGcCUzRSUzQ3AlM0Vhd2QlM0MlMkZwJTNFJTNDcCUzRWF3ZCUzQyUyRnAlM0UlM0NwJTNFYSUzQyUyRnAlM0UlM0NwJTNFd2RhJTNDJTJGcCUzRSUzQ3AlM0V3ZCUzQyUyRnAlM0UlM0NwJTNFd2ElM0MlMkZwJTNFJTNDcCUzRWRhJTNDJTJGcCUzRSUzQ3AlM0V3ZCUzQyUyRnAlM0UlM0NwJTNFYXdkJTNDJTJGcCUzRSUzQ3AlM0VhdyUzQyUyRnAlM0UlM0NwJTNFZGElM0MlMkZwJTNFJTNDcCUzRXdkYSUzQyUyRnAlM0UlM0NwJTNFd2RhJTNDJTJGcCUzRSUzQ3AlM0VkJTNDJTJGcCUzRSUzQ3AlM0VhJTNDJTJGcCUzRSUzQ3AlM0VkYSUzQyUyRnAlM0UlM0NwJTNFYSUzQyUyRnAlM0UlM0NwJTNFJTNDYnIlM0UlM0MlMkZwJTNFJTNDcCUzRWElM0MlMkZwJTNFJTNDcCUzRWFhJTNDJTJGcCUzRSUzQ3AlM0VhJTNDJTJGcCUzRSUzQ3AlM0UlM0NiciUzRSUzQyUyRnAlM0UlM0NwJTNFYSUzQyUyRnAlM0UlM0NwJTNFYSUzQyUyRnAlM0UlM0NwJTNFYSUzQyUyRnAlM0UlM0NwJTNFYSUzQyUyRnAlM0UlM0NwJTNFYSUzQyUyRnAlM0UlM0NwJTNFYSUzQyUyRnAlM0UlM0NwJTNFJTNDYnIlM0UlM0MlMkZwJTNF', 0)
GO
INSERT [dbo].[News] ([New_id], [New_content], [New_Show]) VALUES (80, N'JTNDcCUzRSUyNm5ic3AlM0IlMjAlMjZuYnNwJTNCJTIwJTI2bmJzcCUzQiUyMCUyNm5ic3AlM0IlMjAlMjZuYnNwJTNCJTIwJUU0JUJEJTlCJUU1JTkxJTkwJUU2JTg5JTkzJUU1JUJDJTgwJUU0JUJBJTg2JUU3JTlBJTg0JUU4JUI3JUFGJUU1JThGJUEzJUU0JUJBJTk0JUU5JTg3JTkxJUU0JUJBJTg2JUU1JUE0JUE3JUU1JUFFJUI2JUU1JTlEJUI3JUU2JThCJTg5JUU4JUE3JTkyJUU1JUJBJUE2JUU2JTlEJUE1JUU3JTlDJThCJUU4JUE3JTkyJUU1JUJBJUE2JUU4JTgwJTgzJUU4JTk5JTkxJUU2JTlDJTlGJUU5JTk3JUI0JUU2JThDJTg5JUU3JTlBJTg0JUU1JUJGJUFCJUU0JUI5JTkwJUU1JThGJUFCJUU2JTg4JTkxJUU1JUJBJTkzJUU4JUJGJTlFJUU2JThFJUE1JUU1JUJGJUFCJUU0JUI5JTkwJUU1JTg4JUIwJUU1JUFFJUI2JUU1JTk1JThBJUU2JUI4JUI0JUU2JTlDJTlCJUU0JUJBJTg2JUU4JUE3JUEzJUU3JTlBJTg0JUU3JUE2JUJCJUU1JUJDJTgwJUU5JTg3JTkxJUU1JTg1JThCJUU2JThCJTg5JUU2JTg4JTkxJUU4JUE3JTg5JUU1JUJFJTk3JUU3JTlDJThCJUU2JTlEJUE1JUU2JTg4JTkxJUU4JUE3JTg5JUU1JUJFJTk3JUU1JThGJUFGJUU2JTgwJTlDJUU3JTlBJTg0JUU4JUJGJTlCJUU2JTlEJUE1JUU1JTkyJUFGJUU2JTg4JTkxJUU4JUE3JTg5JUU1JUJFJTk3JUU1JThEJUExJUU2JThCJTg5JUU0JUJBJTk0JUU4JUE3JTkyJUU1JUE0JUE3JUU2JUE1JUJDJUU1JUIwJUIxJUU2JTg5JTkzJUU1JThEJUEyJUU1JTg1JThCJUU1JUJGJTk4JUU4JUFFJUIwJUU2JTg5JTkzJUU1JThEJUExJUU0JUI4JUJBJUU0JUJBJTg2JUU1JUE0JUE3JUU1JUFFJUI2JUU2JTgwJUE1JUU1JTk1JThBJUU1JThEJUExJUU0JUJBJTg2JUU1JUE0JTlBJUU0JUI5JTg1JUU1JTk1JThBJUU2JTg4JTkxJUU3JTlDJThCJUU0JUJBJTg2JUU1JUE0JUE3JUU1JUFFJUI2JUU5JTg3JThDJUU1JThEJUExJUU1JUE0JTlBJUU1JTkwJTg5JUU1JUE1JUE1JUU2JTk2JTg3JUU3JUE3JTkxJUU0JUJBJTg2JUU4JUE3JUEzJUU1JUE0JUE3JUU5JTk5JTg2JUU3JUE5JUJBJUU1JTg2JTlCJUU2JTlEJUE1JUU1JUJFJTk3JUU1JThGJThBJUU1JTk1JThBJUU3JTlDJThCJUU0JUJBJTg2JUU4JUE3JTg5JUU1JUJFJTk3JUU1JThEJUExJUU2JThCJTg5JUU2JTg4JTkxJUU4JUE3JTg5JUU1JUJFJTk3JUU1JThEJUExJUU2JThCJTg5JUU2JTk2JTg3JUU0JUJCJUI2JUU2JTg5JTkzJUU1JUJDJTgwJUU1JUE0JTlBJUU0JUI5JTg1JUU1JTk1JThBJUU3JTlDJThCJUU2JTlEJUE1JUU2JTg4JTkxJUU4JUE3JTg5JUU1JUJFJTk3JUU1JThEJUExJUU2JThCJTg5JUU2JTg4JTkxJUU4JUE3JTg5JUU1JUJFJTk3JUU3JUE2JUJCJUU1JUJDJTgwJUU1JUFFJUI2JUU3JTlDJThCJUU0JUJBJTg2JUU1JUE0JUE3JUU1JUFFJUI2JUU2JTlEJUE1JUU3JTlDJThCJUU1JUIwJTg2JUU2JTlEJUE1JUU4JTgyJUFGJUU1JUFFJTlBJUU1JUIwJUIxJTNDJTJGcCUzRSUzQ3AlM0UlM0NiciUzRSUzQyUyRnAlM0U=', 0)
GO
INSERT [dbo].[News] ([New_id], [New_content], [New_Show]) VALUES (81, N'JTNDcCUzRSVFOSU5OCVCRiVFOCVCRiVBQSVFOCU4MCU5MCVFNSU4NSU4QiVFNiU4OCU5MSVFOCVBNyU4OSVFNSVCRSU5NyVFNCVCRCU4NiVFNyU5QyU4QiVFNSU4OCVCMCVFNCVCOSU5RCVFNSVCOSVCNCVFNyU5QSU4NCVFNSVBNSVCMyVFNSVBOCU4MyVFNSU4MSVBNSVFNSVCQSVCNyVFNyU5QSU4NCVFNyU5QyU4QiVFOSU5OCVCRiVFOCVCRiVBQSVFOCU4MCU5MCVFNSU4NSU4QiVFNiU4OCU5MSVFOCVBNyU4OSVFNSVCRSU5NyVFNCVCRCU4NiVFNyU5QyU4QiVFNSU4OCVCMCVFNCVCOSU5RCVFNSVCOSVCNCVFNyU5QSU4NCVFNSVBNSVCMyVFNSVBOCU4MyVFNSU4MSVBNSVFNSVCQSVCNyVFNyU5QSU4NCVFNyU5QyU4QiUzQyUyRnAlM0UlM0NwJTNFJTNDYnIlM0UlM0MlMkZwJTNF', 0)
GO
INSERT [dbo].[News] ([New_id], [New_content], [New_Show]) VALUES (82, N'JTNDcCUzRTElM0MlMkZwJTNFJTNDcCUzRTElM0MlMkZwJTNFJTNDcCUzRTElM0MlMkZwJTNFJTNDcCUzRTElM0MlMkZwJTNFJTNDcCUzRXFxcXFxJTNDJTJGcCUzRSUzQ3AlM0UlM0NiciUzRSUzQyUyRnAlM0UlM0NwJTNFYWFhYWElM0MlMkZwJTNFJTNDcCUzRSUzQ2JyJTNFJTNDJTJGcCUzRSUzQ3AlM0VhYWFhJTNDJTJGcCUzRSUzQ3AlM0UlM0NiciUzRSUzQyUyRnAlM0UlM0NwJTNFYSUzQyUyRnAlM0UlM0NwJTNFYSUzQyUyRnAlM0UlM0NwJTNFYSUzQyUyRnAlM0UlM0NwJTNFYSUzQyUyRnAlM0UlM0NwJTNFYSUzQyUyRnAlM0UlM0NwJTNFYSUzQyUyRnAlM0UlM0NwJTNFYSUzQyUyRnAlM0UlM0NwJTNFYWElM0MlMkZwJTNFJTNDcCUzRSUzQ2JyJTNFJTNDJTJGcCUzRSUzQ3AlM0UlM0NiciUzRSUzQyUyRnAlM0UlM0NwJTNFYWElM0MlMkZwJTNFJTNDcCUzRWElM0MlMkZwJTNFJTNDcCUzRWElM0MlMkZwJTNFJTNDcCUzRWElM0MlMkZwJTNFJTNDcCUzRSUzQ2JyJTNFJTNDJTJGcCUzRQ==', 0)
GO
INSERT [dbo].[News] ([New_id], [New_content], [New_Show]) VALUES (83, N'JTNDcCUzRTElM0MlMkZwJTNFJTNDcCUzRTElM0MlMkZwJTNFJTNDcCUzRTElM0MlMkZwJTNFJTNDcCUzRTElM0MlMkZwJTNFJTNDcCUzRXFxcXFxJTNDJTJGcCUzRSUzQ3AlM0UlM0NiciUzRSUzQyUyRnAlM0UlM0NwJTNFYWFhYWElM0MlMkZwJTNFJTNDcCUzRSUzQ2JyJTNFJTNDJTJGcCUzRSUzQ3AlM0VhYWFhJTNDJTJGcCUzRSUzQ3AlM0UlM0NiciUzRSUzQyUyRnAlM0UlM0NwJTNFYSUzQyUyRnAlM0UlM0NwJTNFYSUzQyUyRnAlM0UlM0NwJTNFYSUzQyUyRnAlM0UlM0NwJTNFYSUzQyUyRnAlM0UlM0NwJTNFYSUzQyUyRnAlM0UlM0NwJTNFYSUzQyUyRnAlM0UlM0NwJTNFYSUzQyUyRnAlM0UlM0NwJTNFYWElM0MlMkZwJTNFJTNDcCUzRSUzQ2JyJTNFJTNDJTJGcCUzRSUzQ3AlM0UlM0NiciUzRSUzQyUyRnAlM0UlM0NwJTNFYWElM0MlMkZwJTNFJTNDcCUzRWElM0MlMkZwJTNFJTNDcCUzRWElM0MlMkZwJTNFJTNDcCUzRWElM0MlMkZwJTNFJTNDcCUzRWElM0MlMkZwJTNFJTNDcCUzRWElM0MlMkZwJTNFJTNDcCUzRWElM0MlMkZwJTNFJTNDcCUzRSUzQ2JyJTNFJTNDJTJGcCUzRSUzQ3AlM0VhJTNDJTJGcCUzRSUzQ3AlM0UlM0NiciUzRSUzQyUyRnAlM0UlM0NwJTNFYSUzQyUyRnAlM0UlM0NwJTNFYSUzQyUyRnAlM0UlM0NwJTNFYWElM0MlMkZwJTNFJTNDcCUzRWFhJTNDJTJGcCUzRSUzQ3AlM0VhJTNDJTJGcCUzRSUzQ3AlM0VhYSUzQyUyRnAlM0UlM0NwJTNFYSUzQyUyRnAlM0UlM0NwJTNFYSUzQyUyRnAlM0UlM0NwJTNFYSUzQyUyRnAlM0UlM0NwJTNFYSUzQyUyRnAlM0U=', 0)
GO
INSERT [dbo].[News] ([New_id], [New_content], [New_Show]) VALUES (84, N'JTNDcCUzRSUyNm5ic3AlM0JkaGt3YWpoZGtqaDFramhramFzaGRramF3aGRramF3aGRramhha2pkJTNDJTJGcCUzRSUzQ3AlM0VkJUU3JTkzJUE2JUU4JUJFJUJFJUU1JUE0JTlBJUU1JUE0JUE3JUU3JTlBJTg0JUU1JTkzJTg4JUU0JUJDJThEJUU1JUJFJUI3JUU1JTkyJThDJUU1JUI4JUE2dSVFNyU5QSU4NGhpJUU2JTk2JUFEJUU4JUI0JUE3JUU3JThFJThCaXUlRTclOTQlQjUlRTglQUYlOURpJUU3JUFEJTg5JUU1JTkzJTg4JUU2JTg4JTkxaXUlRTclOUElODQlRTglQUYlOURpJUU1JThFJTlBJUU1JUJBJUE2JUU1JUE0JTk2JUU1JTlDJUIwaGl1JTNDJTJGcCUzRSUzQ3AlM0UlRTclOTMlQTYlRTglQkUlQkUlRTUlQTQlOUElRTUlQTQlQTclRTclOUElODQlRTUlOTMlODglRTQlQkMlOEQlRTUlQkUlQjclRTUlOTIlOEMlRTUlQjglQTZ1JUU3JTlBJTg0aGklRTYlOTYlQUQlRTglQjQlQTclRTclOEUlOEJpdSVFNyU5NCVCNSVFOCVBRiU5RGklRTclQUQlODklRTUlOTMlODglRTYlODglOTFpdSVFNyU5QSU4NCVFOCVBRiU5RGklRTUlOEUlOUElRTUlQkElQTYlRTUlQTQlOTYlRTUlOUMlQjBoaXUlM0MlMkZwJTNFJTNDcCUzRSVFNyU5MyVBNiVFOCVCRSVCRSVFNSVBNCU5QSVFNSVBNCVBNyVFNyU5QSU4NCVFNSU5MyU4OCVFNCVCQyU4RCVFNSVCRSVCNyVFNSU5MiU4QyVFNSVCOCVBNnUlRTclOUElODRoaSVFNiU5NiVBRCVFOCVCNCVBNyVFNyU4RSU4Qml1JUU3JTk0JUI1JUU4JUFGJTlEaSVFNyVBRCU4OSVFNSU5MyU4OCVFNiU4OCU5MWl1JUU3JTlBJTg0JUU4JUFGJTlEaSVFNSU4RSU5QSVFNSVCQSVBNiVFNSVBNCU5NiVFNSU5QyVCMGhpdSUzQyUyRnAlM0UlM0NwJTNFJUU3JTkzJUE2JUU4JUJFJUJFJUU1JUE0JTlBJUU1JUE0JUE3JUU3JTlBJTg0JUU1JTkzJTg4JUU0JUJDJThEJUU1JUJFJUI3JUU1JTkyJThDJUU1JUI4JUE2dSVFNyU5QSU4NGhpJUU2JTk2JUFEJUU4JUI0JUE3JUU3JThFJThCaXUlRTclOTQlQjUlRTglQUYlOURpJUU3JUFEJTg5JUU1JTkzJTg4JUU2JTg4JTkxaXUlRTclOUElODQlRTglQUYlOURpJUU1JThFJTlBJUU1JUJBJUE2JUU1JUE0JTk2JUU1JTlDJUIwaGl1diVFNyU5MyVBNiVFOCVCRSVCRSVFNSVBNCU5QSVFNSVBNCVBNyVFNyU5QSU4NCVFNSU5MyU4OCVFNCVCQyU4RCVFNSVCRSVCNyVFNSU5MiU4QyVFNSVCOCVBNnUlRTclOUElODRoaSVFNiU5NiVBRCVFOCVCNCVBNyVFNyU4RSU4Qml1JUU3JTk0JUI1JUU4JUFGJTlEaSVFNyVBRCU4OSVFNSU5MyU4OCVFNiU4OCU5MWl1JUU3JTlBJTg0JUU4JUFGJTlEaSVFNSU4RSU5QSVFNSVCQSVBNiVFNSVBNCU5NiVFNSU5QyVCMGhpdSUzQyUyRnAlM0UlM0NwJTNFJTNDYnIlM0UlM0MlMkZwJTNF', 0)
GO
INSERT [dbo].[News] ([New_id], [New_content], [New_Show]) VALUES (85, N'JTNDcCUzRSUyNm5ic3AlM0JkaGt3YWpoZGtqaDFramhramFzaGRramF3aGRramF3aGRramhha2pkJTNDJTJGcCUzRSUzQ3AlM0VkJUU3JTkzJUE2JUU4JUJFJUJFJUU1JUE0JTlBJUU1JUE0JUE3JUU3JTlBJTg0JUU1JTkzJTg4JUU0JUJDJThEJUU1JUJFJUI3JUU1JTkyJThDJUU1JUI4JUE2dSVFNyU5QSU4NGhpJUU2JTk2JUFEJUU4JUI0JUE3JUU3JThFJThCaXUlRTclOTQlQjUlRTglQUYlOURpJUU3JUFEJTg5JUU1JTkzJTg4JUU2JTg4JTkxaXUlRTclOUElODQlRTglQUYlOURpJUU1JThFJTlBJUU1JUJBJUE2JUU1JUE0JTk2JUU1JTlDJUIwaGl1JTNDJTJGcCUzRSUzQ3AlM0UlRTclOTMlQTYlRTglQkUlQkUlRTUlQTQlOUElRTUlQTQlQTclRTclOUElODQlRTUlOTMlODglRTQlQkMlOEQlRTUlQkUlQjclRTUlOTIlOEMlRTUlQjglQTZ1JUU3JTlBJTg0aGklRTYlOTYlQUQlRTglQjQlQTclRTclOEUlOEJpdSVFNyU5NCVCNSVFOCVBRiU5RGklRTclQUQlODklRTUlOTMlODglRTYlODglOTFpdSVFNyU5QSU4NCVFOCVBRiU5RGklRTUlOEUlOUElRTUlQkElQTYlRTUlQTQlOTYlRTUlOUMlQjBoaXUlM0MlMkZwJTNFJTNDcCUzRSVFNyU5MyVBNiVFOCVCRSVCRSVFNSVBNCU5QSVFNSVBNCVBNyVFNyU5QSU4NCVFNSU5MyU4OCVFNCVCQyU4RCVFNSVCRSVCNyVFNSU5MiU4QyVFNSVCOCVBNnUlRTclOUElODRoaSVFNiU5NiVBRCVFOCVCNCVBNyVFNyU4RSU4Qml1JUU3JTk0JUI1JUU4JUFGJTlEaSVFNyVBRCU4OSVFNSU5MyU4OCVFNiU4OCU5MWl1JUU3JTlBJTg0JUU4JUFGJTlEaSVFNSU4RSU5QSVFNSVCQSVBNiVFNSVBNCU5NiVFNSU5QyVCMGhpdSUzQyUyRnAlM0UlM0NwJTNFJUU3JTkzJUE2JUU4JUJFJUJFJUU1JUE0JTlBJUU1JUE0JUE3JUU3JTlBJTg0JUU1JTkzJTg4JUU0JUJDJThEJUU1JUJFJUI3JUU1JTkyJThDJUU1JUI4JUE2dSVFNyU5QSU4NGhpJUU2JTk2JUFEJUU4JUI0JUE3JUU3JThFJThCaXUlRTclOTQlQjUlRTglQUYlOURpJUU3JUFEJTg5JUU1JTkzJTg4JUU2JTg4JTkxaXUlRTclOUElODQlRTglQUYlOURpJUU1JThFJTlBJUU1JUJBJUE2JUU1JUE0JTk2JUU1JTlDJUIwaGl1diVFNyU5MyVBNiVFOCVCRSVCRSVFNSVBNCU5QSVFNSVBNCVBNyVFNyU5QSU4NCVFNSU5MyU4OCVFNCVCQyU4RCVFNSVCRSVCNyVFNSU5MiU4QyVFNSVCOCVBNnUlRTclOUElODRoaSVFNiU5NiVBRCVFOCVCNCVBNyVFNyU4RSU4Qml1JUU3JTk0JUI1JUU4JUFGJTlEaSVFNyVBRCU4OSVFNSU5MyU4OCVFNiU4OCU5MWl1JUU3JTlBJTg0JUU4JUFGJTlEaSVFNSU4RSU5QSVFNSVCQSVBNiVFNSVBNCU5NiVFNSU5QyVCMGhpdSUzQyUyRnAlM0UlM0NwJTNFJTNDYnIlM0UlM0MlMkZwJTNF', 0)
GO
INSERT [dbo].[News] ([New_id], [New_content], [New_Show]) VALUES (86, N'JTNDcCUzRSUyNm5ic3AlM0JkaGt3YWpoZGtqaDFramhramFzaGRramF3aGRramF3aGRramhha2pkJTNDJTJGcCUzRSUzQ3AlM0VkJUU3JTkzJUE2JUU4JUJFJUJFJUU1JUE0JTlBJUU1JUE0JUE3JUU3JTlBJTg0JUU1JTkzJTg4JUU0JUJDJThEJUU1JUJFJUI3JUU1JTkyJThDJUU1JUI4JUE2dSVFNyU5QSU4NGhpJUU2JTk2JUFEJUU4JUI0JUE3JUU3JThFJThCaXUlRTclOTQlQjUlRTglQUYlOURpJUU3JUFEJTg5JUU1JTkzJTg4JUU2JTg4JTkxaXUlRTclOUElODQlRTglQUYlOURpJUU1JThFJTlBJUU1JUJBJUE2JUU1JUE0JTk2JUU1JTlDJUIwaGl1JTNDJTJGcCUzRSUzQ3AlM0UlRTclOTMlQTYlRTglQkUlQkUlRTUlQTQlOUElRTUlQTQlQTclRTclOUElODQlRTUlOTMlODglRTQlQkMlOEQlRTUlQkUlQjclRTUlOTIlOEMlRTUlQjglQTZ1JUU3JTlBJTg0aGklRTYlOTYlQUQlRTglQjQlQTclRTclOEUlOEJpdSVFNyU5NCVCNSVFOCVBRiU5RGklRTclQUQlODklRTUlOTMlODglRTYlODglOTFpdSVFNyU5QSU4NCVFOCVBRiU5RGklRTUlOEUlOUElRTUlQkElQTYlRTUlQTQlOTYlRTUlOUMlQjBoaXUlM0MlMkZwJTNFJTNDcCUzRSVFNyU5MyVBNiVFOCVCRSVCRSVFNSVBNCU5QSVFNSVBNCVBNyVFNyU5QSU4NCVFNSU5MyU4OCVFNCVCQyU4RCVFNSVCRSVCNyVFNSU5MiU4QyVFNSVCOCVBNnUlRTclOUElODRoaSVFNiU5NiVBRCVFOCVCNCVBNyVFNyU4RSU4Qml1JUU3JTk0JUI1JUU4JUFGJTlEaSVFNyVBRCU4OSVFNSU5MyU4OCVFNiU4OCU5MWl1JUU3JTlBJTg0JUU4JUFGJTlEaSVFNSU4RSU5QSVFNSVCQSVBNiVFNSVBNCU5NiVFNSU5QyVCMGhpdSUzQyUyRnAlM0UlM0NwJTNFJUU3JTkzJUE2JUU4JUJFJUJFJUU1JUE0JTlBJUU1JUE0JUE3JUU3JTlBJTg0JUU1JTkzJTg4JUU0JUJDJThEJUU1JUJFJUI3JUU1JTkyJThDJUU1JUI4JUE2dSVFNyU5QSU4NGhpJUU2JTk2JUFEJUU4JUI0JUE3JUU3JThFJThCaXUlRTclOTQlQjUlRTglQUYlOURpJUU3JUFEJTg5JUU1JTkzJTg4JUU2JTg4JTkxaXUlRTclOUElODQlRTglQUYlOURpJUU1JThFJTlBJUU1JUJBJUE2JUU1JUE0JTk2JUU1JTlDJUIwaGl1diVFNyU5MyVBNiVFOCVCRSVCRSVFNSVBNCU5QSVFNSVBNCVBNyVFNyU5QSU4NCUzQyUyRnAlM0U=', 0)
GO
INSERT [dbo].[News] ([New_id], [New_content], [New_Show]) VALUES (87, N'JTNDcCUzRSUyNm5ic3AlM0JkaGt3YWpoZGtqaDFramhramFzaGRramF3aGRramF3aGRramhha2pkJTNDJTJGcCUzRSUzQ3AlM0VkJUU3JTkzJUE2JUU4JUJFJUJFJUU1JUE0JTlBJUU1JUE0JUE3JUU3JTlBJTg0JUU1JTkzJTg4JUU0JUJDJThEJUU1JUJFJUI3JUU1JTkyJThDJUU1JUI4JUE2dSVFNyU5QSU4NGhpJUU2JTk2JUFEJUU4JUI0JUE3JUU3JThFJThCaXUlRTclOTQlQjUlRTglQUYlOURpJUU3JUFEJTg5JUU1JTkzJTg4JUU2JTg4JTkxaXUlRTclOUElODQlRTglQUYlOURpJUU1JThFJTlBJUU1JUJBJUE2JUU1JUE0JTk2JUU1JTlDJUIwaGl1JTNDJTJGcCUzRSUzQ3AlM0UlRTclOTMlQTYlRTglQkUlQkUlRTUlQTQlOUElRTUlQTQlQTclRTclOUElODQlRTUlOTMlODglRTQlQkMlOEQlRTUlQkUlQjclRTUlOTIlOEMlRTUlQjglQTZ1JUU3JTlBJTg0aGklRTYlOTYlQUQlRTglQjQlQTclRTclOEUlOEJpdSVFNyU5NCVCNSVFOCVBRiU5RGklRTclQUQlODklRTUlOTMlODglRTYlODglOTFpdSVFNyU5QSU4NCVFOCVBRiU5RGklRTUlOEUlOUElRTUlQkElQTYlRTUlQTQlOTYlRTUlOUMlQjBoaXUlM0MlMkZwJTNFJTNDcCUzRSUzQ2JyJTNFJTNDJTJGcCUzRQ==', 0)
GO
INSERT [dbo].[News] ([New_id], [New_content], [New_Show]) VALUES (88, N'JTNDcCUzRSUyNm5ic3AlM0JkaGt3JTNDJTJGcCUzRSUzQ3AlM0UlM0NiciUzRSUzQyUyRnAlM0U=', 0)
GO
INSERT [dbo].[News] ([New_id], [New_content], [New_Show]) VALUES (89, N'JTNDcCUzRSVFOCVCRSVCRSVFNyU5MyVBNiVFNCVCQSU4NiVFOCVBNyVBMyVFNSU4OCVCMGlqJUU4JUJFJUJFJUU3JTkzJUE2JUU0JUJBJTg2JUU4JUE3JUEzJUU1JTg4JUIwaWolRTglQkUlQkUlRTclOTMlQTYlRTQlQkElODYlRTglQTclQTMlRTUlODglQjBpaiVFOCVCRSVCRSVFNyU5MyVBNiVFNCVCQSU4NiVFOCVBNyVBMyVFNSU4OCVCMGlqJUU4JUJFJUJFJUU3JTkzJUE2JUU0JUJBJTg2JUU4JUE3JUEzJUU1JTg4JUIwaWolRTglQkUlQkUlRTclOTMlQTYlRTQlQkElODYlRTglQTclQTMlRTUlODglQjBpaiVFOCVCRSVCRSVFNyU5MyVBNiVFNCVCQSU4NiVFOCVBNyVBMyVFNSU4OCVCMGlqJUU4JUJFJUJFJUU3JTkzJUE2JUU0JUJBJTg2JUU4JUE3JUEzJUU1JTg4JUIwaWolRTglQkUlQkUlRTclOTMlQTYlRTQlQkElODYlRTglQTclQTMlRTUlODglQjBpaiVFOCVCRSVCRSVFNyU5MyVBNiVFNCVCQSU4NiVFOCVBNyVBMyVFNSU4OCVCMGlqJUU4JUJFJUJFJUU3JTkzJUE2JUU0JUJBJTg2JUU4JUE3JUEzJUU1JTg4JUIwaWolRTglQkUlQkUlRTclOTMlQTYlRTQlQkElODYlRTglQTclQTMlRTUlODglQjBpaiVFOCVCRSVCRSVFNyU5MyVBNiVFNCVCQSU4NiVFOCVBNyVBMyVFNSU4OCVCMGlqJUU4JUJFJUJFJUU3JTkzJUE2JUU0JUJBJTg2JUU4JUE3JUEzJUU1JTg4JUIwaWolRTglQkUlQkUlRTclOTMlQTYlRTQlQkElODYlRTglQTclQTMlRTUlODglQjBpaiVFOCVCRSVCRSVFNyU5MyVBNiVFNCVCQSU4NiVFOCVBNyVBMyVFNSU4OCVCMGlqJUU4JUJFJUJFJUU3JTkzJUE2JUU0JUJBJTg2JUU4JUE3JUEzJUU1JTg4JUIwaWolRTglQkUlQkUlRTclOTMlQTYlRTQlQkElODYlRTglQTclQTMlRTUlODglQjBpaiVFOCVCRSVCRSVFNyU5MyVBNiVFNCVCQSU4NiVFOCVBNyVBMyVFNSU4OCVCMGlqJUU4JUJFJUJFJUU3JTkzJUE2JUU0JUJBJTg2JUU4JUE3JUEzJUU1JTg4JUIwaWolRTglQkUlQkUlRTclOTMlQTYlRTQlQkElODYlRTglQTclQTMlRTUlODglQjBpaiVFOCVCRSVCRSVFNyU5MyVBNiVFNCVCQSU4NiVFOCVBNyVBMyVFNSU4OCVCMGlqJUU4JUJFJUJFJUU3JTkzJUE2JUU0JUJBJTg2JUU4JUE3JUEzJUU1JTg4JUIwaWolRTglQkUlQkUlRTclOTMlQTYlRTQlQkElODYlRTglQTclQTMlRTUlODglQjBpaiVFOCVCRSVCRSVFNyU5MyVBNiVFNCVCQSU4NiVFOCVBNyVBMyVFNSU4OCVCMGlqJUU4JUJFJUJFJUU3JTkzJUE2JUU0JUJBJTg2JUU4JUE3JUEzJUU1JTg4JUIwaWolRTglQkUlQkUlRTclOTMlQTYlRTQlQkElODYlRTglQTclQTMlRTUlODglQjBpaiVFOCVCRSVCRSVFNyU5MyVBNiVFNCVCQSU4NiVFOCVBNyVBMyVFNSU4OCVCMGlqJUU4JUJFJUJFJUU3JTkzJUE2JUU0JUJBJTg2JUU4JUE3JUEzJUU1JTg4JUIwaWolRTglQkUlQkUlRTclOTMlQTYlRTQlQkElODYlRTglQTclQTMlRTUlODglQjBpaiVFOCVCRSVCRSVFNyU5MyVBNiVFNCVCQSU4NiVFOCVBNyVBMyVFNSU4OCVCMGlqJUU4JUJFJUJFJUU3JTkzJUE2JUU0JUJBJTg2JUU4JUE3JUEzJUU1JTg4JUIwaWolRTglQkUlQkUlRTclOTMlQTYlRTQlQkElODYlRTglQTclQTMlRTUlODglQjBpaiVFOCVCRSVCRSVFNyU5MyVBNiVFNCVCQSU4NiVFOCVBNyVBMyVFNSU4OCVCMGlqJUU4JUJFJUJFJUU3JTkzJUE2JUU0JUJBJTg2JUU4JUE3JUEzJUU1JTg4JUIwaWolRTglQkUlQkUlRTclOTMlQTYlRTQlQkElODYlRTglQTclQTMlRTUlODglQjBpaiVFOCVCRSVCRSVFNyU5MyVBNiVFNCVCQSU4NiVFOCVBNyVBMyVFNSU4OCVCMGlqJUU4JUJFJUJFJUU3JTkzJUE2JUU0JUJBJTg2JUU4JUE3JUEzJUU1JTg4JUIwaWolRTglQkUlQkUlRTclOTMlQTYlRTQlQkElODYlRTglQTclQTMlRTUlODglQjBpaiVFOCVCRSVCRSVFNyU5MyVBNiVFNCVCQSU4NiVFOCVBNyVBMyVFNSU4OCVCMGlqJUU4JUJFJUJFJUU3JTkzJUE2JUU0JUJBJTg2JUU4JUE3JUEzJUU1JTg4JUIwaWolRTglQkUlQkUlRTclOTMlQTYlRTQlQkElODYlRTglQTclQTMlRTUlODglQjBpaiVFOCVCRSVCRSVFNyU5MyVBNiVFNCVCQSU4NiVFOCVBNyVBMyVFNSU4OCVCMGlqJUU4JUJFJUJFJUU3JTkzJUE2JUU0JUJBJTg2JUU4JUE3JUEzJUU1JTg4JUIwaWolRTglQkUlQkUlRTclOTMlQTYlRTQlQkElODYlRTglQTclQTMlRTUlODglQjBpaiVFOCVCRSVCRSVFNyU5MyVBNiVFNCVCQSU4NiVFOCVBNyVBMyVFNSU4OCVCMGlqJUU4JUJFJUJFJUU3JTkzJUE2JUU0JUJBJTg2JUU4JUE3JUEzJUU1JTg4JUIwaWolRTglQkUlQkUlRTclOTMlQTYlRTQlQkElODYlRTglQTclQTMlRTUlODglQjBpaiVFOCVCRSVCRSVFNyU5MyVBNiVFNCVCQSU4NiVFOCVBNyVBMyVFNSU4OCVCMGlqJUU4JUJFJUJFJUU3JTkzJUE2JUU0JUJBJTg2JUU4JUE3JUEzJUU1JTg4JUIwaWolRTglQkUlQkUlRTclOTMlQTYlRTQlQkElODYlRTglQTclQTMlRTUlODglQjBpaiVFOCVCRSVCRSVFNyU5MyVBNiVFNCVCQSU4NiVFOCVBNyVBMyVFNSU4OCVCMGlqJUU4JUJFJUJFJUU3JTkzJUE2JUU0JUJBJTg2JUU4JUE3JUEzJUU1JTg4JUIwaWolRTglQkUlQkUlRTclOTMlQTYlRTQlQkElODYlRTglQTclQTMlRTUlODglQjBpaiVFOCVCRSVCRSVFNyU5MyVBNiVFNCVCQSU4NiVFOCVBNyVBMyVFNSU4OCVCMGlqJUU4JUJFJUJFJUU3JTkzJUE2JUU0JUJBJTg2JUU4JUE3JUEzJUU1JTg4JUIwaWolRTglQkUlQkUlRTclOTMlQTYlRTQlQkElODYlRTglQTclQTMlRTUlODglQjBpaiVFOCVCRSVCRSVFNyU5MyVBNiVFNCVCQSU4NiVFOCVBNyVBMyVFNSU4OCVCMGlqJUU4JUJFJUJFJUU3JTkzJUE2JUU0JUJBJTg2JUU4JUE3JUEzJUU1JTg4JUIwaWolRTglQkUlQkUlRTclOTMlQTYlRTQlQkElODYlRTglQTclQTMlRTUlODglQjBpaiVFOCVCRSVCRSVFNyU5MyVBNiVFNCVCQSU4NiVFOCVBNyVBMyVFNSU4OCVCMGlqJUU4JUJFJUJFJUU3JTkzJUE2JUU0JUJBJTg2JUU4JUE3JUEzJUU1JTg4JUIwaWolRTglQkUlQkUlRTclOTMlQTYlRTQlQkElODYlRTglQTclQTMlRTUlODglQjBpaiVFOCVCRSVCRSVFNyU5MyVBNiVFNCVCQSU4NiVFOCVBNyVBMyVFNSU4OCVCMGlqJUU4JUJFJUJFJUU3JTkzJUE2JUU0JUJBJTg2JUU4JUE3JUEzJUU1JTg4JUIwaWolRTglQkUlQkUlRTclOTMlQTYlRTQlQkElODYlRTglQTclQTMlRTUlODglQjBpaiVFOCVCRSVCRSVFNyU5MyVBNiVFNCVCQSU4NiVFOCVBNyVBMyVFNSU4OCVCMGlqJUU4JUJFJUJFJUU3JTkzJUE2JUU0JUJBJTg2JUU4JUE3JUEzJUU1JTg4JUIwaWolRTglQkUlQkUlRTclOTMlQTYlRTQlQkElODYlRTglQTclQTMlRTUlODglQjBpaiVFOCVCRSVCRSVFNyU5MyVBNiVFNCVCQSU4NiVFOCVBNyVBMyVFNSU4OCVCMGlqJUU4JUJFJUJFJUU3JTkzJUE2JUU0JUJBJTg2JUU4JUE3JUEzJUU1JTg4JUIwaWolRTglQkUlQkUlRTclOTMlQTYlRTQlQkElODYlRTglQTclQTMlRTUlODglQjBpaiVFOCVCRSVCRSVFNyU5MyVBNiVFNCVCQSU4NiVFOCVBNyVBMyVFNSU4OCVCMGlqJUU4JUJFJUJFJUU3JTkzJUE2JUU0JUJBJTg2JUU4JUE3JUEzJUU1JTg4JUIwaWolRTglQkUlQkUlRTclOTMlQTYlRTQlQkElODYlRTglQTclQTMlRTUlODglQjBpaiVFOCVCRSVCRSVFNyU5MyVBNiVFNCVCQSU4NiVFOCVBNyVBMyVFNSU4OCVCMGlqJUU4JUJFJUJFJUU3JTkzJUE2JUU0JUJBJTg2JUU4JUE3JUEzJUU1JTg4JUIwaWolRTglQkUlQkUlRTclOTMlQTYlRTQlQkElODYlRTglQTclQTMlRTUlODglQjBpaiVFOCVCRSVCRSVFNyU5MyVBNiVFNCVCQSU4NiVFOCVBNyVBMyVFNSU4OCVCMGlqJUU4JUJFJUJFJUU3JTkzJUE2JUU0JUJBJTg2JUU4JUE3JUEzJUU1JTg4JUIwaWolRTglQkUlQkUlRTclOTMlQTYlRTQlQkElODYlRTglQTclQTMlRTUlODglQjBpaiVFOCVCRSVCRSVFNyU5MyVBNiVFNCVCQSU4NiVFOCVBNyVBMyVFNSU4OCVCMGlqJUU4JUJFJUJFJUU3JTkzJUE2JUU0JUJBJTg2JUU4JUE3JUEzJUU1JTg4JUIwaWolRTglQkUlQkUlRTclOTMlQTYlRTQlQkElODYlRTglQTclQTMlRTUlODglQjBpaiVFOCVCRSVCRSVFNyU5MyVBNiVFNCVCQSU4NiVFOCVBNyVBMyVFNSU4OCVCMGlqJUU4JUJFJUJFJUU3JTkzJUE2JUU0JUJBJTg2JUU4JUE3JUEzJUU1JTg4JUIwaWolRTglQkUlQkUlRTclOTMlQTYlRTQlQkElODYlRTglQTclQTMlRTUlODglQjBpaiVFOCVCRSVCRSVFNyU5MyVBNiVFNCVCQSU4NiVFOCVBNyVBMyVFNSU4OCVCMGlqJUU4JUJFJUJFJUU3JTkzJUE2JUU0JUJBJTg2JUU4JUE3JUEzJUU1JTg4JUIwaWolRTglQkUlQkUlRTclOTMlQTYlRTQlQkElODYlRTglQTclQTMlRTUlODglQjBpaiVFOCVCRSVCRSVFNyU5MyVBNiVFNCVCQSU4NiVFOCVBNyVBMyVFNSU4OCVCMGlqJUU4JUJFJUJFJUU3JTkzJUE2JUU0JUJBJTg2JUU4JUE3JUEzJUU1JTg4JUIwaWolRTglQkUlQkUlRTclOTMlQTYlRTQlQkElODYlRTglQTclQTMlRTUlODglQjBpaiVFOCVCRSVCRSVFNyU5MyVBNiVFNCVCQSU4NiVFOCVBNyVBMyVFNSU4OCVCMGlqJUU4JUJFJUJFJUU3JTkzJUE2JUU0JUJBJTg2JUU4JUE3JUEzJUU1JTg4JUIwaWolRTglQkUlQkUlRTclOTMlQTYlRTQlQkElODYlRTglQTclQTMlRTUlODglQjBpaiVFOCVCRSVCRSVFNyU5MyVBNiVFNCVCQSU4NiVFOCVBNyVBMyVFNSU4OCVCMGlqJUU4JUJFJUJFJUU3JTkzJUE2JUU0JUJBJTg2JUU4JUE3JUEzJUU1JTg4JUIwaWolRTglQkUlQkUlRTclOTMlQTYlRTQlQkElODYlRTglQTclQTMlRTUlODglQjBpaiVFOCVCRSVCRSVFNyU5MyVBNiVFNCVCQSU4NiVFOCVBNyVBMyVFNSU4OCVCMGlqJUU4JUJFJUJFJUU3JTkzJUE2JUU0JUJBJTg2JUU4JUE3JUEzJUU1JTg4JUIwaWolRTglQkUlQkUlRTclOTMlQTYlRTQlQkElODYlRTglQTclQTMlRTUlODglQjBpaiVFOCVCRSVCRSVFNyU5MyVBNiVFNCVCQSU4NiVFOCVBNyVBMyVFNSU4OCVCMGlqJUU4JUJFJUJFJUU3JTkzJUE2JUU0JUJBJTg2JUU4JUE3JUEzJUU1JTg4JUIwaWolRTglQkUlQkUlRTclOTMlQTYlRTQlQkElODYlRTglQTclQTMlRTUlODglQjBpaiVFOCVCRSVCRSVFNyU5MyVBNiVFNCVCQSU4NiVFOCVBNyVBMyVFNSU4OCVCMGlqJUU4JUJFJUJFJUU3JTkzJUE2JUU0JUJBJTg2JUU4JUE3JUEzJUU1JTg4JUIwaWolRTglQkUlQkUlRTclOTMlQTYlRTQlQkElODYlRTglQTclQTMlRTUlODglQjBpaiVFOCVCRSVCRSVFNyU5MyVBNiVFNCVCQSU4NiVFOCVBNyVBMyVFNSU4OCVCMGlqJUU4JUJFJUJFJUU3JTkzJUE2JUU0JUJBJTg2JUU4JUE3JUEzJUU1JTg4JUIwaWolRTglQkUlQkUlRTclOTMlQTYlRTQlQkElODYlRTglQTclQTMlRTUlODglQjBpaiVFOCVCRSVCRSVFNyU5MyVBNiVFNCVCQSU4NiVFOCVBNyVBMyVFNSU4OCVCMGlqJUU4JUJFJUJFJUU3JTkzJUE2JUU0JUJBJTg2JUU4JUE3JUEzJUU1JTg4JUIwaWolRTglQkUlQkUlRTclOTMlQTYlRTQlQkElODYlRTglQTclQTMlRTUlODglQjBpaiVFOCVCRSVCRSVFNyU5MyVBNiVFNCVCQSU4NiVFOCVBNyVBMyVFNSU4OCVCMGlqJUU4JUJFJUJFJUU3JTkzJUE2JUU0JUJBJTg2JUU4JUE3JUEzJUU1JTg4JUIwaWolRTglQkUlQkUlRTclOTMlQTYlRTQlQkElODYlRTglQTclQTMlRTUlODglQjBpaiVFOCVCRSVCRSVFNyU5MyVBNiVFNCVCQSU4NiVFOCVBNyVBMyVFNSU4OCVCMGlqJUU4JUJFJUJFJUU3JTkzJUE2JUU0JUJBJTg2JUU4JUE3JUEzJUU1JTg4JUIwaWolRTglQkUlQkUlRTclOTMlQTYlRTQlQkElODYlRTglQTclQTMlRTUlODglQjBpaiVFOCVCRSVCRSVFNyU5MyVBNiVFNCVCQSU4NiVFOCVBNyVBMyVFNSU4OCVCMGlqJUU4JUJFJUJFJUU3JTkzJUE2JUU0JUJBJTg2JUU4JUE3JUEzJUU1JTg4JUIwaWolRTglQkUlQkUlRTclOTMlQTYlRTQlQkElODYlRTglQTclQTMlRTUlODglQjBpaiVFOCVCRSVCRSVFNyU5MyVBNiVFNCVCQSU4NiVFOCVBNyVBMyVFNSU4OCVCMGlqJUU4JUJFJUJFJUU3JTkzJUE2JUU0JUJBJTg2JUU4JUE3JUEzJUU1JTg4JUIwaWolRTglQkUlQkUlRTclOTMlQTYlRTQlQkElODYlRTglQTclQTMlRTUlODglQjBpaiVFOCVCRSVCRSVFNyU5MyVBNiVFNCVCQSU4NiVFOCVBNyVBMyVFNSU4OCVCMGlqJUU4JUJFJUJFJUU3JTkzJUE2JUU0JUJBJTg2JUU4JUE3JUEzJUU1JTg4JUIwaWolRTglQkUlQkUlRTclOTMlQTYlRTQlQkElODYlRTglQTclQTMlRTUlODglQjBpaiVFOCVCRSVCRSVFNyU5MyVBNiVFNCVCQSU4NiVFOCVBNyVBMyVFNSU4OCVCMGlqJUU4JUJFJUJFJUU3JTkzJUE2JUU0JUJBJTg2JUU4JUE3JUEzJUU1JTg4JUIwaWolRTglQkUlQkUlRTclOTMlQTYlRTQlQkElODYlRTglQTclQTMlRTUlODglQjBpaiVFOCVCRSVCRSVFNyU5MyVBNiVFNCVCQSU4NiVFOCVBNyVBMyVFNSU4OCVCMGlqJUU4JUJFJUJFJUU3JTkzJUE2JUU0JUJBJTg2JUU4JUE3JUEzJUU1JTg4JUIwaWolRTglQkUlQkUlRTclOTMlQTYlRTQlQkElODYlRTglQTclQTMlRTUlODglQjBpaiVFOCVCRSVCRSVFNyU5MyVBNiVFNCVCQSU4NiVFOCVBNyVBMyVFNSU4OCVCMGlqJUU4JUJFJUJFJUU3JTkzJUE2JUU0JUJBJTg2JUU4JUE3JUEzJUU1JTg4JUIwaWolRTglQkUlQkUlRTclOTMlQTYlRTQlQkElODYlRTglQTclQTMlRTUlODglQjBpaiVFOCVCRSVCRSVFNyU5MyVBNiVFNCVCQSU4NiVFOCVBNyVBMyVFNSU4OCVCMGlqJUU4JUJFJUJFJUU3JTkzJUE2JUU0JUJBJTg2JUU4JUE3JUEzJUU1JTg4JUIwaWolRTglQkUlQkUlRTclOTMlQTYlRTQlQkElODYlRTglQTclQTMlRTUlODglQjBpaiVFOCVCRSVCRSVFNyU5MyVBNiVFNCVCQSU4NiVFOCVBNyVBMyVFNSU4OCVCMGlqJUU4JUJFJUJFJUU3JTkzJUE2JUU0JUJBJTg2JUU4JUE3JUEzJUU1JTg4JUIwaWolRTglQkUlQkUlRTclOTMlQTYlRTQlQkElODYlRTglQTclQTMlRTUlODglQjBpaiVFOCVCRSVCRSVFNyU5MyVBNiVFNCVCQSU4NiVFOCVBNyVBMyVFNSU4OCVCMGlqJUU4JUJFJUJFJUU3JTkzJUE2JUU0JUJBJTg2JUU4JUE3JUEzJUU1JTg4JUIwaWolRTglQkUlQkUlRTclOTMlQTYlRTQlQkElODYlRTglQTclQTMlRTUlODglQjBpaiVFOCVCRSVCRSVFNyU5MyVBNiVFNCVCQSU4NiVFOCVBNyVBMyVFNSU4OCVCMGlqJUU4JUJFJUJFJUU3JTkzJUE2JUU0JUJBJTg2JUU4JUE3JUEzJUU1JTg4JUIwaWolRTglQkUlQkUlRTclOTMlQTYlRTQlQkElODYlRTglQTclQTMlRTUlODglQjBpaiUzQyUyRnAlM0U=', 0)
GO
INSERT [dbo].[News] ([New_id], [New_content], [New_Show]) VALUES (90, N'JTNDcCUzRSVFOCVCRSVCRSVFNyU5MyVBNiVFNCVCQSU4NiVFOCVBNyVBMyVFNSU4OCVCMGlqJUU4JUJFJUJFJUU3JTkzJUE2JUU0JUJBJTg2JUU4JUE3JUEzJUU1JTg4JUIwaWolRTglQkUlQkUlRTclOTMlQTYlRTQlQkElODYlRTglQTclQTMlRTUlODglQjBpaiVFOCVCRSVCRSVFNyU5MyVBNiVFNCVCQSU4NiVFOCVBNyVBMyVFNSU4OCVCMGlqJUU4JUJFJUJFJUU3JTkzJUE2JUU0JUJBJTg2JUU4JUE3JUEzJUU1JTg4JUIwaWolRTglQkUlQkUlRTclOTMlQTYlRTQlQkElODYlRTglQTclQTMlRTUlODglQjBpaiVFOCVCRSVCRSVFNyU5MyVBNiVFNCVCQSU4NiVFOCVBNyVBMyVFNSU4OCVCMGlqJUU4JUJFJUJFJUU3JTkzJUE2JUU0JUJBJTg2JUU4JUE3JUEzJUU1JTg4JUIwaWolRTglQkUlQkUlRTclOTMlQTYlRTQlQkElODYlRTglQTclQTMlRTUlODglQjBpaiVFOCVCRSVCRSVFNyU5MyVBNiVFNCVCQSU4NiVFOCVBNyVBMyVFNSU4OCVCMGlqJUU4JUJFJUJFJUU3JTkzJUE2JUU0JUJBJTg2JUU4JUE3JUEzJUU1JTg4JUIwaWolRTglQkUlQkUlRTclOTMlQTYlRTQlQkElODYlRTglQTclQTMlRTUlODglQjBpaiVFOCVCRSVCRSVFNyU5MyVBNiVFNCVCQSU4NiVFOCVBNyVBMyVFNSU4OCVCMGlqJUU4JUJFJUJFJUU3JTkzJUE2JUU0JUJBJTg2JUU4JUE3JUEzJUU1JTg4JUIwaWolRTglQkUlQkUlRTclOTMlQTYlRTQlQkElODYlRTglQTclQTMlRTUlODglQjBpaiVFOCVCRSVCRSVFNyU5MyVBNiVFNCVCQSU4NiVFOCVBNyVBMyVFNSU4OCVCMGlqJUU4JUJFJUJFJUU3JTkzJUE2JUU0JUJBJTg2JUU4JUE3JUEzJUU1JTg4JUIwaWolRTglQkUlQkUlRTclOTMlQTYlRTQlQkElODYlRTglQTclQTMlRTUlODglQjBpaiVFOCVCRSVCRSVFNyU5MyVBNiVFNCVCQSU4NiVFOCVBNyVBMyVFNSU4OCVCMGlqJUU4JUJFJUJFJUU3JTkzJUE2JUU0JUJBJTg2JUU4JUE3JUEzJUU1JTg4JUIwaWolRTglQkUlQkUlRTclOTMlQTYlRTQlQkElODYlRTglQTclQTMlRTUlODglQjBpaiVFOCVCRSVCRSVFNyU5MyVBNiVFNCVCQSU4NiVFOCVBNyVBMyVFNSU4OCVCMGlqJUU4JUJFJUJFJUU3JTkzJUE2JUU0JUJBJTg2JUU4JUE3JUEzJUU1JTg4JUIwaWolRTglQkUlQkUlRTclOTMlQTYlRTQlQkElODYlRTglQTclQTMlRTUlODglQjBpaiVFOCVCRSVCRSVFNyU5MyVBNiVFNCVCQSU4NiVFOCVBNyVBMyVFNSU4OCVCMGlqJUU4JUJFJUJFJUU3JTkzJUE2JUU0JUJBJTg2JUU4JUE3JUEzJUU1JTg4JUIwaWolRTglQkUlQkUlRTclOTMlQTYlRTQlQkElODYlRTglQTclQTMlRTUlODglQjBpaiVFOCVCRSVCRSVFNyU5MyVBNiVFNCVCQSU4NiVFOCVBNyVBMyVFNSU4OCVCMGlqJUU4JUJFJUJFJUU3JTkzJUE2JUU0JUJBJTg2JUU4JUE3JUEzJUU1JTg4JUIwaWolRTglQkUlQkUlRTclOTMlQTYlRTQlQkElODYlRTglQTclQTMlRTUlODglQjBpaiVFOCVCRSVCRSVFNyU5MyVBNiVFNCVCQSU4NiVFOCVBNyVBMyVFNSU4OCVCMGlqJUU4JUJFJUJFJUU3JTkzJUE2JUU0JUJBJTg2JUU4JUE3JUEzJUU1JTg4JUIwaWolRTglQkUlQkUlRTclOTMlQTYlRTQlQkElODYlRTglQTclQTMlRTUlODglQjBpaiVFOCVCRSVCRSVFNyU5MyVBNiVFNCVCQSU4NiVFOCVBNyVBMyVFNSU4OCVCMGlqJUU4JUJFJUJFJUU3JTkzJUE2JUU0JUJBJTg2JUU4JUE3JUEzJUU1JTg4JUIwaWolRTglQkUlQkUlRTclOTMlQTYlRTQlQkElODYlRTglQTclQTMlRTUlODglQjBpaiVFOCVCRSVCRSVFNyU5MyVBNiVFNCVCQSU4NiVFOCVBNyVBMyVFNSU4OCVCMGlqJUU4JUJFJUJFJUU3JTkzJUE2JUU0JUJBJTg2JUU4JUE3JUEzJUU1JTg4JUIwaWolRTglQkUlQkUlRTclOTMlQTYlRTQlQkElODYlRTglQTclQTMlRTUlODglQjBpaiVFOCVCRSVCRSVFNyU5MyVBNiVFNCVCQSU4NiVFOCVBNyVBMyVFNSU4OCVCMGlqJUU4JUJFJUJFJUU3JTkzJUE2JUU0JUJBJTg2JUU4JUE3JUEzJUU1JTg4JUIwaWolRTglQkUlQkUlRTclOTMlQTYlRTQlQkElODYlRTglQTclQTMlRTUlODglQjBpaiVFOCVCRSVCRSVFNyU5MyVBNiVFNCVCQSU4NiVFOCVBNyVBMyVFNSU4OCVCMGlqJUU4JUJFJUJFJUU3JTkzJUE2JUU0JUJBJTg2JUU4JUE3JUEzJUU1JTg4JUIwaWolRTglQkUlQkUlRTclOTMlQTYlRTQlQkElODYlRTglQTclQTMlRTUlODglQjBpaiVFOCVCRSVCRSVFNyU5MyVBNiVFNCVCQSU4NiVFOCVBNyVBMyVFNSU4OCVCMGlqJUU4JUJFJUJFJUU3JTkzJUE2JUU0JUJBJTg2JUU4JUE3JUEzJUU1JTg4JUIwaWolRTglQkUlQkUlRTclOTMlQTYlRTQlQkElODYlRTglQTclQTMlRTUlODglQjBpaiVFOCVCRSVCRSVFNyU5MyVBNiVFNCVCQSU4NiVFOCVBNyVBMyVFNSU4OCVCMGlqJUU4JUJFJUJFJUU3JTkzJUE2JUU0JUJBJTg2JUU4JUE3JUEzJUU1JTg4JUIwaWolRTglQkUlQkUlRTclOTMlQTYlRTQlQkElODYlRTglQTclQTMlRTUlODglQjBpaiVFOCVCRSVCRSVFNyU5MyVBNiVFNCVCQSU4NiVFOCVBNyVBMyVFNSU4OCVCMGlqJUU4JUJFJUJFJUU3JTkzJUE2JUU0JUJBJTg2JUU4JUE3JUEzJUU1JTg4JUIwaWolRTglQkUlQkUlRTclOTMlQTYlRTQlQkElODYlRTglQTclQTMlRTUlODglQjBpaiVFOCVCRSVCRSVFNyU5MyVBNiVFNCVCQSU4NiVFOCVBNyVBMyVFNSU4OCVCMGlqJUU4JUJFJUJFJUU3JTkzJUE2JUU0JUJBJTg2JUU4JUE3JUEzJUU1JTg4JUIwaWolRTglQkUlQkUlRTclOTMlQTYlRTQlQkElODYlRTglQTclQTMlRTUlODglQjBpaiVFOCVCRSVCRSVFNyU5MyVBNiVFNCVCQSU4NiVFOCVBNyVBMyVFNSU4OCVCMGlqJUU4JUJFJUJFJUU3JTkzJUE2JUU0JUJBJTg2JUU4JUE3JUEzJUU1JTg4JUIwaWolRTglQkUlQkUlRTclOTMlQTYlRTQlQkElODYlRTglQTclQTMlRTUlODglQjBpaiVFOCVCRSVCRSVFNyU5MyVBNiVFNCVCQSU4NiVFOCVBNyVBMyVFNSU4OCVCMGlqJUU4JUJFJUJFJUU3JTkzJUE2JUU0JUJBJTg2JUU4JUE3JUEzJUU1JTg4JUIwaWolRTglQkUlQkUlRTclOTMlQTYlRTQlQkElODYlRTglQTclQTMlRTUlODglQjBpaiVFOCVCRSVCRSVFNyU5MyVBNiVFNCVCQSU4NiVFOCVBNyVBMyVFNSU4OCVCMGlqJUU4JUJFJUJFJUU3JTkzJUE2JUU0JUJBJTg2JUU4JUE3JUEzJUU1JTg4JUIwaWolRTglQkUlQkUlRTclOTMlQTYlRTQlQkElODYlRTglQTclQTMlRTUlODglQjBpaiVFOCVCRSVCRSVFNyU5MyVBNiVFNCVCQSU4NiVFOCVBNyVBMyVFNSU4OCVCMGlqJUU4JUJFJUJFJUU3JTkzJUE2JUU0JUJBJTg2JUU4JUE3JUEzJUU1JTg4JUIwaWolRTglQkUlQkUlRTclOTMlQTYlRTQlQkElODYlRTglQTclQTMlRTUlODglQjBpaiVFOCVCRSVCRSVFNyU5MyVBNiVFNCVCQSU4NiVFOCVBNyVBMyVFNSU4OCVCMGlqJUU4JUJFJUJFJUU3JTkzJUE2JUU0JUJBJTg2JUU4JUE3JUEzJUU1JTg4JUIwaWolRTglQkUlQkUlRTclOTMlQTYlRTQlQkElODYlRTglQTclQTMlRTUlODglQjBpaiVFOCVCRSVCRSVFNyU5MyVBNiVFNCVCQSU4NiVFOCVBNyVBMyVFNSU4OCVCMGlqJUU4JUJFJUJFJUU3JTkzJUE2JUU0JUJBJTg2JUU4JUE3JUEzJUU1JTg4JUIwaWolRTglQkUlQkUlRTclOTMlQTYlRTQlQkElODYlRTglQTclQTMlRTUlODglQjBpaiVFOCVCRSVCRSVFNyU5MyVBNiVFNCVCQSU4NiVFOCVBNyVBMyVFNSU4OCVCMGlqJUU4JUJFJUJFJUU3JTkzJUE2JUU0JUJBJTg2JUU4JUE3JUEzJUU1JTg4JUIwaWolRTglQkUlQkUlRTclOTMlQTYlRTQlQkElODYlRTglQTclQTMlRTUlODglQjBpaiVFOCVCRSVCRSVFNyU5MyVBNiVFNCVCQSU4NiVFOCVBNyVBMyVFNSU4OCVCMGlqJUU4JUJFJUJFJUU3JTkzJUE2JUU0JUJBJTg2JUU4JUE3JUEzJUU1JTg4JUIwaWolRTglQkUlQkUlRTclOTMlQTYlRTQlQkElODYlRTglQTclQTMlRTUlODglQjBpaiVFOCVCRSVCRSVFNyU5MyVBNiVFNCVCQSU4NiVFOCVBNyVBMyVFNSU4OCVCMGlqJUU4JUJFJUJFJUU3JTkzJUE2JUU0JUJBJTg2JUU4JUE3JUEzJUU1JTg4JUIwaWolRTglQkUlQkUlRTclOTMlQTYlRTQlQkElODYlRTglQTclQTMlRTUlODglQjBpaiVFOCVCRSVCRSVFNyU5MyVBNiVFNCVCQSU4NiVFOCVBNyVBMyVFNSU4OCVCMGlqJUU4JUJFJUJFJUU3JTkzJUE2JUU0JUJBJTg2JUU4JUE3JUEzJUU1JTg4JUIwaWolRTglQkUlQkUlRTclOTMlQTYlRTQlQkElODYlRTglQTclQTMlRTUlODglQjBpaiVFOCVCRSVCRSVFNyU5MyVBNiVFNCVCQSU4NiVFOCVBNyVBMyVFNSU4OCVCMGlqJUU4JUJFJUJFJUU3JTkzJUE2JUU0JUJBJTg2JUU4JUE3JUEzJUU1JTg4JUIwaWolRTglQkUlQkUlRTclOTMlQTYlRTQlQkElODYlRTglQTclQTMlRTUlODglQjBpaiVFOCVCRSVCRSVFNyU5MyVBNiVFNCVCQSU4NiVFOCVBNyVBMyVFNSU4OCVCMGlqJUU4JUJFJUJFJUU3JTkzJUE2JUU0JUJBJTg2JUU4JUE3JUEzJUU1JTg4JUIwaWolRTglQkUlQkUlRTclOTMlQTYlRTQlQkElODYlRTglQTclQTMlRTUlODglQjBpaiVFOCVCRSVCRSVFNyU5MyVBNiVFNCVCQSU4NiVFOCVBNyVBMyVFNSU4OCVCMGlqJUU4JUJFJUJFJUU3JTkzJUE2JUU0JUJBJTg2JUU4JUE3JUEzJUU1JTg4JUIwaWolRTglQkUlQkUlRTclOTMlQTYlRTQlQkElODYlRTglQTclQTMlRTUlODglQjBpaiVFOCVCRSVCRSVFNyU5MyVBNiVFNCVCQSU4NiVFOCVBNyVBMyVFNSU4OCVCMGlqJUU4JUJFJUJFJUU3JTkzJUE2JUU0JUJBJTg2JUU4JUE3JUEzJUU1JTg4JUIwaWolRTglQkUlQkUlRTclOTMlQTYlRTQlQkElODYlRTglQTclQTMlRTUlODglQjBpaiVFOCVCRSVCRSVFNyU5MyVBNiVFNCVCQSU4NiVFOCVBNyVBMyVFNSU4OCVCMGlqJUU4JUJFJUJFJUU3JTkzJUE2JUU0JUJBJTg2JUU4JUE3JUEzJUU1JTg4JUIwaWolRTglQkUlQkUlRTclOTMlQTYlRTQlQkElODYlRTglQTclQTMlRTUlODglQjBpaiVFOCVCRSVCRSVFNyU5MyVBNiVFNCVCQSU4NiVFOCVBNyVBMyVFNSU4OCVCMGlqJUU4JUJFJUJFJUU3JTkzJUE2JUU0JUJBJTg2JUU4JUE3JUEzJUU1JTg4JUIwaWolRTglQkUlQkUlRTclOTMlQTYlRTQlQkElODYlRTglQTclQTMlRTUlODglQjBpaiVFOCVCRSVCRSVFNyU5MyVBNiVFNCVCQSU4NiVFOCVBNyVBMyVFNSU4OCVCMGlqJUU4JUJFJUJFJUU3JTkzJUE2JUU0JUJBJTg2JUU4JUE3JUEzJUU1JTg4JUIwaWolRTglQkUlQkUlRTclOTMlQTYlRTQlQkElODYlRTglQTclQTMlRTUlODglQjBpaiVFOCVCRSVCRSVFNyU5MyVBNiVFNCVCQSU4NiVFOCVBNyVBMyVFNSU4OCVCMGlqJUU4JUJFJUJFJUU3JTkzJUE2JUU0JUJBJTg2JUU4JUE3JUEzJUU1JTg4JUIwaWolRTglQkUlQkUlRTclOTMlQTYlRTQlQkElODYlRTglQTclQTMlRTUlODglQjBpaiVFOCVCRSVCRSVFNyU5MyVBNiVFNCVCQSU4NiVFOCVBNyVBMyVFNSU4OCVCMGlqJUU4JUJFJUJFJUU3JTkzJUE2JUU0JUJBJTg2JUU4JUE3JUEzJUU1JTg4JUIwaWolRTglQkUlQkUlRTclOTMlQTYlRTQlQkElODYlRTglQTclQTMlRTUlODglQjBpaiVFOCVCRSVCRSVFNyU5MyVBNiVFNCVCQSU4NiVFOCVBNyVBMyVFNSU4OCVCMGlqJUU4JUJFJUJFJUU3JTkzJUE2JUU0JUJBJTg2JUU4JUE3JUEzJUU1JTg4JUIwaWolRTglQkUlQkUlRTclOTMlQTYlRTQlQkElODYlRTglQTclQTMlRTUlODglQjBpaiVFOCVCRSVCRSVFNyU5MyVBNiVFNCVCQSU4NiVFOCVBNyVBMyVFNSU4OCVCMGlqJUU4JUJFJUJFJUU3JTkzJUE2JUU0JUJBJTg2JUU4JUE3JUEzJUU1JTg4JUIwaWolRTglQkUlQkUlRTclOTMlQTYlRTQlQkElODYlRTglQTclQTMlRTUlODglQjBpaiVFOCVCRSVCRSVFNyU5MyVBNiVFNCVCQSU4NiVFOCVBNyVBMyVFNSU4OCVCMGlqJUU4JUJFJUJFJUU3JTkzJUE2JUU0JUJBJTg2JUU4JUE3JUEzJUU1JTg4JUIwaWolRTglQkUlQkUlRTclOTMlQTYlRTQlQkElODYlRTglQTclQTMlRTUlODglQjBpaiVFOCVCRSVCRSVFNyU5MyVBNiVFNCVCQSU4NiVFOCVBNyVBMyVFNSU4OCVCMGlqJUU4JUJFJUJFJUU3JTkzJUE2JUU0JUJBJTg2JUU4JUE3JUEzJUU1JTg4JUIwaWolRTglQkUlQkUlRTclOTMlQTYlRTQlQkElODYlRTglQTclQTMlRTUlODglQjBpaiVFOCVCRSVCRSVFNyU5MyVBNiVFNCVCQSU4NiVFOCVBNyVBMyVFNSU4OCVCMGlqJUU4JUJFJUJFJUU3JTkzJUE2JUU0JUJBJTg2JUU4JUE3JUEzJUU1JTg4JUIwaWolRTglQkUlQkUlRTclOTMlQTYlRTQlQkElODYlRTglQTclQTMlRTUlODglQjBpaiVFOCVCRSVCRSVFNyU5MyVBNiVFNCVCQSU4NiVFOCVBNyVBMyVFNSU4OCVCMGlqJUU4JUJFJUJFJUU3JTkzJUE2JUU0JUJBJTg2JUU4JUE3JUEzJUU1JTg4JUIwaWolRTglQkUlQkUlRTclOTMlQTYlRTQlQkElODYlRTglQTclQTMlRTUlODglQjBpaiVFOCVCRSVCRSVFNyU5MyVBNiVFNCVCQSU4NiVFOCVBNyVBMyVFNSU4OCVCMGlqJUU4JUJFJUJFJUU3JTkzJUE2JUU0JUJBJTg2JUU4JUE3JUEzJUU1JTg4JUIwaWolRTglQkUlQkUlRTclOTMlQTYlRTQlQkElODYlRTglQTclQTMlRTUlODglQjBpaiVFOCVCRSVCRSVFNyU5MyVBNiVFNCVCQSU4NiVFOCVBNyVBMyVFNSU4OCVCMGlqJUU4JUJFJUJFJUU3JTkzJUE2JUU0JUJBJTg2JUU4JUE3JUEzJUU1JTg4JUIwaWolRTglQkUlQkUlRTclOTMlQTYlRTQlQkElODYlRTglQTclQTMlRTUlODglQjBpaiVFOCVCRSVCRSVFNyU5MyVBNiVFNCVCQSU4NiVFOCVBNyVBMyVFNSU4OCVCMGlqJUU4JUJFJUJFJUU3JTkzJUE2JUU0JUJBJTg2JUU4JUE3JUEzJUU1JTg4JUIwaWolRTglQkUlQkUlRTclOTMlQTYlRTQlQkElODYlRTglQTclQTMlRTUlODglQjBpaiVFOCVCRSVCRSVFNyU5MyVBNiVFNCVCQSU4NiVFOCVBNyVBMyVFNSU4OCVCMGlqJUU4JUJFJUJFJUU3JTkzJUE2JUU0JUJBJTg2JUU4JUE3JUEzJUU1JTg4JUIwaWolRTglQkUlQkUlRTclOTMlQTYlRTQlQkElODYlRTglQTclQTMlRTUlODglQjBpaiVFOCVCRSVCRSVFNyU5MyVBNiVFNCVCQSU4NiVFOCVBNyVBMyVFNSU4OCVCMGlqJUU4JUJFJUJFJUU3JTkzJUE2JUU0JUJBJTg2JUU4JUE3JUEzJUU1JTg4JUIwaWolRTglQkUlQkUlRTclOTMlQTYlRTQlQkElODYlRTglQTclQTMlRTUlODglQjBpaiVFOCVCRSVCRSVFNyU5MyVBNiVFNCVCQSU4NiVFOCVBNyVBMyVFNSU4OCVCMGlqJUU4JUJFJUJFJUU3JTkzJUE2JUU0JUJBJTg2JUU4JUE3JUEzJUU1JTg4JUIwaWolRTglQkUlQkUlRTclOTMlQTYlRTQlQkElODYlRTglQTclQTMlRTUlODglQjBpaiVFOCVCRSVCRSVFNyU5MyVBNiVFNCVCQSU4NiVFOCVBNyVBMyVFNSU4OCVCMGlqJUU4JUJFJUJFJUU3JTkzJUE2JUU0JUJBJTg2JUU4JUE3JUEzJUU1JTg4JUIwaWolRTglQkUlQkUlRTclOTMlQTYlRTQlQkElODYlRTglQTclQTMlRTUlODglQjBpaiVFOCVCRSVCRSVFNyU5MyVBNiVFNCVCQSU4NiVFOCVBNyVBMyVFNSU4OCVCMGlqJUU4JUJFJUJFJUU3JTkzJUE2JUU0JUJBJTg2JUU4JUE3JUEzJUU1JTg4JUIwaWolRTglQkUlQkUlRTclOTMlQTYlRTQlQkElODYlRTglQTclQTMlRTUlODglQjBpaiVFOCVCRSVCRSVFNyU5MyVBNiVFNCVCQSU4NiVFOCVBNyVBMyVFNSU4OCVCMGlqJUU4JUJFJUJFJUU3JTkzJUE2JUU0JUJBJTg2JUU4JUE3JUEzJUU1JTg4JUIwaWolRTglQkUlQkUlRTclOTMlQTYlRTQlQkElODYlRTglQTclQTMlRTUlODglQjBpaiVFOCVCRSVCRSVFNyU5MyVBNiVFNCVCQSU4NiVFOCVBNyVBMyVFNSU4OCVCMGlqJUU4JUJFJUJFJUU3JTkzJUE2JUU0JUJBJTg2JUU4JUE3JUEzJUU1JTg4JUIwaWolRTglQkUlQkUlRTclOTMlQTYlRTQlQkElODYlRTglQTclQTMlRTUlODglQjBpaiVFOCVCRSVCRSVFNyU5MyVBNiVFNCVCQSU4NiVFOCVBNyVBMyVFNSU4OCVCMGlqJUU4JUJFJUJFJUU3JTkzJUE2JUU0JUJBJTg2JUU4JUE3JUEzJUU1JTg4JUIwaWolRTglQkUlQkUlRTclOTMlQTYlRTQlQkElODYlRTglQTclQTMlRTUlODglQjBpaiVFOCVCRSVCRSVFNyU5MyVBNiVFNCVCQSU4NiVFOCVBNyVBMyVFNSU4OCVCMGlqJUU4JUJFJUJFJUU3JTkzJUE2JUU0JUJBJTg2JUU4JUE3JUEzJUU1JTg4JUIwaWolRTglQkUlQkUlRTclOTMlQTYlRTQlQkElODYlRTglQTclQTMlRTUlODglQjBpaiVFOCVCRSVCRSVFNyU5MyVBNiVFNCVCQSU4NiVFOCVBNyVBMyVFNSU4OCVCMGlqJUU4JUJFJUJFJUU3JTkzJUE2JUU0JUJBJTg2JUU4JUE3JUEzJUU1JTg4JUIwaWolRTglQkUlQkUlRTclOTMlQTYlRTQlQkElODYlRTglQTclQTMlRTUlODglQjBpaiVFOCVCRSVCRSVFNyU5MyVBNiVFNCVCQSU4NiVFOCVBNyVBMyVFNSU4OCVCMGlqJUU4JUJFJUJFJUU3JTkzJUE2JUU0JUJBJTg2JUU4JUE3JUEzJUU1JTg4JUIwaWolRTglQkUlQkUlRTclOTMlQTYlRTQlQkElODYlRTglQTclQTMlRTUlODglQjBpaiVFOCVCRSVCRSVFNyU5MyVBNiVFNCVCQSU4NiVFOCVBNyVBMyVFNSU4OCVCMGlqJUU4JUJFJUJFJUU3JTkzJUE2JUU0JUJBJTg2JUU4JUE3JUEzJUU1JTg4JUIwaWolRTglQkUlQkUlRTclOTMlQTYlRTQlQkElODYlRTglQTclQTMlRTUlODglQjBpaiVFOCVCRSVCRSVFNyU5MyVBNiVFNCVCQSU4NiVFOCVBNyVBMyVFNSU4OCVCMGlqJUU4JUJFJUJFJUU3JTkzJUE2JUU0JUJBJTg2JUU4JUE3JUEzJUU1JTg4JUIwaWolRTglQkUlQkUlRTclOTMlQTYlRTQlQkElODYlRTglQTclQTMlRTUlODglQjBpaiVFOCVCRSVCRSVFNyU5MyVBNiVFNCVCQSU4NiVFOCVBNyVBMyVFNSU4OCVCMGlqJUU4JUJFJUJFJUU3JTkzJUE2JUU0JUJBJTg2JUU4JUE3JUEzJUU1JTg4JUIwaWolRTglQkUlQkUlRTclOTMlQTYlRTQlQkElODYlRTglQTclQTMlRTUlODglQjBpaiVFOCVCRSVCRSVFNyU5MyVBNiVFNCVCQSU4NiVFOCVBNyVBMyVFNSU4OCVCMGlqJUU4JUJFJUJFJUU3JTkzJUE2JUU0JUJBJTg2JUU4JUE3JUEzJUU1JTg4JUIwaWolRTglQkUlQkUlRTclOTMlQTYlRTQlQkElODYlRTglQTclQTMlRTUlODglQjBpaiVFOCVCRSVCRSVFNyU5MyVBNiVFNCVCQSU4NiVFOCVBNyVBMyVFNSU4OCVCMGlqJUU4JUJFJUJFJUU3JTkzJUE2JUU0JUJBJTg2JUU4JUE3JUEzJUU1JTg4JUIwaWolRTglQkUlQkUlRTclOTMlQTYlRTQlQkElODYlRTglQTclQTMlRTUlODglQjBpaiVFOCVCRSVCRSVFNyU5MyVBNiVFNCVCQSU4NiVFOCVBNyVBMyVFNSU4OCVCMGlqJUU4JUJFJUJFJUU3JTkzJUE2JUU0JUJBJTg2JUU4JUE3JUEzJUU1JTg4JUIwaWolRTglQkUlQkUlRTclOTMlQTYlRTQlQkElODYlRTglQTclQTMlRTUlODglQjBpaiVFOCVCRSVCRSVFNyU5MyVBNiVFNCVCQSU4NiVFOCVBNyVBMyVFNSU4OCVCMGlqJUU4JUJFJUJFJUU3JTkzJUE2JUU0JUJBJTg2JUU4JUE3JUEzJUU1JTg4JUIwaWolRTglQkUlQkUlRTclOTMlQTYlRTQlQkElODYlRTglQTclQTMlRTUlODglQjBpaiVFOCVCRSVCRSVFNyU5MyVBNiVFNCVCQSU4NiVFOCVBNyVBMyVFNSU4OCVCMGlqJUU4JUJFJUJFJUU3JTkzJUE2JUU0JUJBJTg2JUU4JUE3JUEzJUU1JTg4JUIwaWolRTglQkUlQkUlRTclOTMlQTYlRTQlQkElODYlRTglQTclQTMlRTUlODglQjBpaiVFOCVCRSVCRSVFNyU5MyVBNiVFNCVCQSU4NiVFOCVBNyVBMyVFNSU4OCVCMGlqJUU4JUJFJUJFJUU3JTkzJUE2JUU0JUJBJTg2JUU4JUE3JUEzJUU1JTg4JUIwaWolRTglQkUlQkUlRTclOTMlQTYlRTQlQkElODYlRTglQTclQTMlRTUlODglQjBpaiVFOCVCRSVCRSVFNyU5MyVBNiVFNCVCQSU4NiVFOCVBNyVBMyVFNSU4OCVCMGlqJUU4JUJFJUJFJUU3JTkzJUE2JUU0JUJBJTg2JUU4JUE3JUEzJUU1JTg4JUIwaWolRTglQkUlQkUlRTclOTMlQTYlRTQlQkElODYlRTglQTclQTMlRTUlODglQjBpaiVFOCVCRSVCRSVFNyU5MyVBNiVFNCVCQSU4NiVFOCVBNyVBMyVFNSU4OCVCMGlqJUU4JUJFJUJFJUU3JTkzJUE2JUU0JUJBJTg2JUU4JUE3JUEzJUU1JTg4JUIwaWolRTglQkUlQkUlRTclOTMlQTYlRTQlQkElODYlRTglQTclQTMlRTUlODglQjBpaiVFOCVCRSVCRSVFNyU5MyVBNiVFNCVCQSU4NiVFOCVBNyVBMyVFNSU4OCVCMGlqJUU4JUJFJUJFJUU3JTkzJUE2JUU0JUJBJTg2JUU4JUE3JUEzJUU1JTg4JUIwaWolRTglQkUlQkUlRTclOTMlQTYlRTQlQkElODYlRTglQTclQTMlRTUlODglQjBpaiVFOCVCRSVCRSVFNyU5MyVBNiVFNCVCQSU4NiVFOCVBNyVBMyVFNSU4OCVCMGlqJUU4JUJFJUJFJUU3JTkzJUE2JUU0JUJBJTg2JUU4JUE3JUEzJUU1JTg4JUIwaWolRTglQkUlQkUlRTclOTMlQTYlRTQlQkElODYlRTglQTclQTMlRTUlODglQjBpaiVFOCVCRSVCRSVFNyU5MyVBNiVFNCVCQSU4NiVFOCVBNyVBMyVFNSU4OCVCMGlqJUU4JUJFJUJFJUU3JTkzJUE2JUU0JUJBJTg2JUU4JUE3JUEzJUU1JTg4JUIwaWolRTglQkUlQkUlRTclOTMlQTYlRTQlQkElODYlRTglQTclQTMlRTUlODglQjBpaiVFOCVCRSVCRSVFNyU5MyVBNiVFNCVCQSU4NiVFOCVBNyVBMyVFNSU4OCVCMGlqJUU4JUJFJUJFJUU3JTkzJUE2JUU0JUJBJTg2JUU4JUE3JUEzJUU1JTg4JUIwaWolRTglQkUlQkUlRTclOTMlQTYlRTQlQkElODYlRTglQTclQTMlRTUlODglQjBpaiVFOCVCRSVCRSVFNyU5MyVBNiVFNCVCQSU4NiVFOCVBNyVBMyVFNSU4OCVCMGlqJUU4JUJFJUJFJUU3JTkzJUE2JUU0JUJBJTg2JUU4JUE3JUEzJUU1JTg4JUIwaWolRTglQkUlQkUlRTclOTMlQTYlRTQlQkElODYlRTglQTclQTMlRTUlODglQjBpaiVFOCVCRSVCRSVFNyU5MyVBNiVFNCVCQSU4NiVFOCVBNyVBMyVFNSU4OCVCMGlqJUU4JUJFJUJFJUU3JTkzJUE2JUU0JUJBJTg2JUU4JUE3JUEzJUU1JTg4JUIwaWolRTglQkUlQkUlRTclOTMlQTYlRTQlQkElODYlRTglQTclQTMlRTUlODglQjBpaiVFOCVCRSVCRSVFNyU5MyVBNiVFNCVCQSU4NiVFOCVBNyVBMyVFNSU4OCVCMGlqJUU4JUJFJUJFJUU3JTkzJUE2JUU0JUJBJTg2JUU4JUE3JUEzJUU1JTg4JUIwaWolRTglQkUlQkUlRTclOTMlQTYlRTQlQkElODYlRTglQTclQTMlRTUlODglQjBpaiVFOCVCRSVCRSVFNyU5MyVBNiVFNCVCQSU4NiVFOCVBNyVBMyVFNSU4OCVCMGlqJUU4JUJFJUJFJUU3JTkzJUE2JUU0JUJBJTg2JUU4JUE3JUEzJUU1JTg4JUIwaWolRTglQkUlQkUlRTclOTMlQTYlRTQlQkElODYlRTglQTclQTMlRTUlODglQjBpaiVFOCVCRSVCRSVFNyU5MyVBNiVFNCVCQSU4NiVFOCVBNyVBMyVFNSU4OCVCMGlqJUU4JUJFJUJFJUU3JTkzJUE2JUU0JUJBJTg2JUU4JUE3JUEzJUU1JTg4JUIwaWolRTglQkUlQkUlRTclOTMlQTYlRTQlQkElODYlRTglQTclQTMlRTUlODglQjBpaiVFOCVCRSVCRSVFNyU5MyVBNiVFNCVCQSU4NiVFOCVBNyVBMyVFNSU4OCVCMGlqJUU4JUJFJUJFJUU3JTkzJUE2JUU0JUJBJTg2JUU4JUE3JUEzJUU1JTg4JUIwaWolRTglQkUlQkUlRTclOTMlQTYlRTQlQkElODYlRTglQTclQTMlRTUlODglQjBpaiVFOCVCRSVCRSVFNyU5MyVBNiVFNCVCQSU4NiVFOCVBNyVBMyVFNSU4OCVCMGlqJUU4JUJFJUJFJUU3JTkzJUE2JUU0JUJBJTg2JUU4JUE3JUEzJUU1JTg4JUIwaWolRTglQkUlQkUlRTclOTMlQTYlRTQlQkElODYlRTglQTclQTMlRTUlODglQjBpaiVFOCVCRSVCRSVFNyU5MyVBNiVFNCVCQSU4NiVFOCVBNyVBMyVFNSU4OCVCMGlqJUU4JUJFJUJFJUU3JTkzJUE2JUU0JUJBJTg2JUU4JUE3JUEzJUU1JTg4JUIwaWolRTglQkUlQkUlRTclOTMlQTYlRTQlQkElODYlRTglQTclQTMlRTUlODglQjBpaiVFOCVCRSVCRSVFNyU5MyVBNiVFNCVCQSU4NiVFOCVBNyVBMyVFNSU4OCVCMGlqJUU4JUJFJUJFJUU3JTkzJUE2JUU0JUJBJTg2JUU4JUE3JUEzJUU1JTg4JUIwaWolRTglQkUlQkUlRTclOTMlQTYlRTQlQkElODYlRTglQTclQTMlRTUlODglQjBpaiVFOCVCRSVCRSVFNyU5MyVBNiVFNCVCQSU4NiVFOCVBNyVBMyVFNSU4OCVCMGlqJUU4JUJFJUJFJUU3JTkzJUE2JUU0JUJBJTg2JUU4JUE3JUEzJUU1JTg4JUIwaWolRTglQkUlQkUlRTclOTMlQTYlRTQlQkElODYlRTglQTclQTMlRTUlODglQjBpaiVFOCVCRSVCRSVFNyU5MyVBNiVFNCVCQSU4NiVFOCVBNyVBMyVFNSU4OCVCMGlqJUU4JUJFJUJFJUU3JTkzJUE2JUU0JUJBJTg2JUU4JUE3JUEzJUU1JTg4JUIwaWolRTglQkUlQkUlRTclOTMlQTYlRTQlQkElODYlRTglQTclQTMlRTUlODglQjBpaiVFOCVCRSVCRSVFNyU5MyVBNiVFNCVCQSU4NiVFOCVBNyVBMyVFNSU4OCVCMGlqJUU4JUJFJUJFJUU3JTkzJUE2JUU0JUJBJTg2JUU4JUE3JUEzJUU1JTg4JUIwaWolRTglQkUlQkUlRTclOTMlQTYlRTQlQkElODYlRTglQTclQTMlRTUlODglQjBpaiVFOCVCRSVCRSVFNyU5MyVBNiVFNCVCQSU4NiVFOCVBNyVBMyVFNSU4OCVCMGlqJUU4JUJFJUJFJUU3JTkzJUE2JUU0JUJBJTg2JUU4JUE3JUEzJUU1JTg4JUIwaWolRTglQkUlQkUlRTclOTMlQTYlRTQlQkElODYlRTglQTclQTMlRTUlODglQjBpaiVFOCVCRSVCRSVFNyU5MyVBNiVFNCVCQSU4NiVFOCVBNyVBMyVFNSU4OCVCMGlqJUU4JUJFJUJFJUU3JTkzJUE2JUU0JUJBJTg2JUU4JUE3JUEzJUU1JTg4JUIwaWolRTglQkUlQkUlRTclOTMlQTYlRTQlQkElODYlRTglQTclQTMlRTUlODglQjBpaiVFOCVCRSVCRSVFNyU5MyVBNiVFNCVCQSU4NiVFOCVBNyVBMyVFNSU4OCVCMGlqJUU4JUJFJUJFJUU3JTkzJUE2JUU0JUJBJTg2JUU4JUE3JUEzJUU1JTg4JUIwaWolRTglQkUlQkUlRTclOTMlQTYlRTQlQkElODYlRTglQTclQTMlRTUlODglQjBpaiVFOCVCRSVCRSVFNyU5MyVBNiVFNCVCQSU4NiVFOCVBNyVBMyVFNSU4OCVCMGlqJUU4JUJFJUJFJUU3JTkzJUE2JUU0JUJBJTg2JUU4JUE3JUEzJUU1JTg4JUIwaWolRTglQkUlQkUlRTclOTMlQTYlRTQlQkElODYlRTglQTclQTMlRTUlODglQjBpaiVFOCVCRSVCRSVFNyU5MyVBNiVFNCVCQSU4NiVFOCVBNyVBMyVFNSU4OCVCMGlqJUU4JUJFJUJFJUU3JTkzJUE2JUU0JUJBJTg2JUU4JUE3JUEzJUU1JTg4JUIwaWolRTglQkUlQkUlRTclOTMlQTYlRTQlQkElODYlRTglQTclQTMlRTUlODglQjBpaiVFOCVCRSVCRSVFNyU5MyVBNiVFNCVCQSU4NiVFOCVBNyVBMyVFNSU4OCVCMGlqJUU4JUJFJUJFJUU3JTkzJUE2JUU0JUJBJTg2JUU4JUE3JUEzJUU1JTg4JUIwaWolRTglQkUlQkUlRTclOTMlQTYlRTQlQkElODYlRTglQTclQTMlRTUlODglQjBpaiVFOCVCRSVCRSVFNyU5MyVBNiVFNCVCQSU4NiVFOCVBNyVBMyVFNSU4OCVCMGlqJUU4JUJFJUJFJUU3JTkzJUE2JUU0JUJBJTg2JUU4JUE3JUEzJUU1JTg4JUIwaWolM0MlMkZwJTNF', 0)
GO
INSERT [dbo].[News] ([New_id], [New_content], [New_Show]) VALUES (91, N'JTNDcCUzRSVFOCVCRSVCRSVFNyU5MyVBNiVFNCVCQSU4NiVFOCVBNyVBMyVFNSU4OCVCMGlqJUU4JUJFJUJFJUU3JTkzJUE2JUU0JUJBJTg2JUU4JUE3JUEzJUU1JTg4JUIwaWolRTglQkUlQkUlRTclOTMlQTYlRTQlQkElODYlRTglQTclQTMlRTUlODglQjBpaiVFOCVCRSVCRSVFNyU5MyVBNiVFNCVCQSU4NiVFOCVBNyVBMyVFNSU4OCVCMGlqJUU4JUJFJUJFJUU3JTkzJUE2JUU0JUJBJTg2JUU4JUE3JUEzJUU1JTg4JUIwaWolRTglQkUlQkUlRTclOTMlQTYlRTQlQkElODYlRTglQTclQTMlRTUlODglQjBpaiVFOCVCRSVCRSVFNyU5MyVBNiVFNCVCQSU4NiVFOCVBNyVBMyVFNSU4OCVCMGlqJUU4JUJFJUJFJUU3JTkzJUE2JUU0JUJBJTg2JUU4JUE3JUEzJUU1JTg4JUIwaWolRTglQkUlQkUlRTclOTMlQTYlRTQlQkElODYlRTglQTclQTMlRTUlODglQjBpaiVFOCVCRSVCRSVFNyU5MyVBNiVFNCVCQSU4NiVFOCVBNyVBMyVFNSU4OCVCMGlqJUU4JUJFJUJFJUU3JTkzJUE2JUU0JUJBJTg2JUU4JUE3JUEzJUU1JTg4JUIwaWolRTglQkUlQkUlRTclOTMlQTYlRTQlQkElODYlRTglQTclQTMlRTUlODglQjBpaiVFOCVCRSVCRSVFNyU5MyVBNiVFNCVCQSU4NiVFOCVBNyVBMyVFNSU4OCVCMGlqJUU4JUJFJUJFJUU3JTkzJUE2JUU0JUJBJTg2JUU4JUE3JUEzJUU1JTg4JUIwaWolRTglQkUlQkUlRTclOTMlQTYlRTQlQkElODYlRTglQTclQTMlRTUlODglQjBpaiVFOCVCRSVCRSVFNyU5MyVBNiVFNCVCQSU4NiVFOCVBNyVBMyVFNSU4OCVCMGlqJUU4JUJFJUJFJUU3JTkzJUE2JUU0JUJBJTg2JUU4JUE3JUEzJUU1JTg4JUIwaWolRTglQkUlQkUlRTclOTMlQTYlRTQlQkElODYlRTglQTclQTMlRTUlODglQjBpaiVFOCVCRSVCRSVFNyU5MyVBNiVFNCVCQSU4NiVFOCVBNyVBMyVFNSU4OCVCMGlqJUU4JUJFJUJFJUU3JTkzJUE2JUU0JUJBJTg2JUU4JUE3JUEzJUU1JTg4JUIwaWolRTglQkUlQkUlRTclOTMlQTYlRTQlQkElODYlRTglQTclQTMlRTUlODglQjBpaiVFOCVCRSVCRSVFNyU5MyVBNiVFNCVCQSU4NiVFOCVBNyVBMyVFNSU4OCVCMGlqJUU4JUJFJUJFJUU3JTkzJUE2JUU0JUJBJTg2JUU4JUE3JUEzJUU1JTg4JUIwaWolRTglQkUlQkUlRTclOTMlQTYlRTQlQkElODYlRTglQTclQTMlRTUlODglQjBpaiVFOCVCRSVCRSVFNyU5MyVBNiVFNCVCQSU4NiVFOCVBNyVBMyVFNSU4OCVCMGlqJUU4JUJFJUJFJUU3JTkzJUE2JUU0JUJBJTg2JUU4JUE3JUEzJUU1JTg4JUIwaWolRTglQkUlQkUlRTclOTMlQTYlRTQlQkElODYlRTglQTclQTMlRTUlODglQjBpaiVFOCVCRSVCRSVFNyU5MyVBNiVFNCVCQSU4NiVFOCVBNyVBMyVFNSU4OCVCMGlqJUU4JUJFJUJFJUU3JTkzJUE2JUU0JUJBJTg2JUU4JUE3JUEzJUU1JTg4JUIwaWolRTglQkUlQkUlRTclOTMlQTYlRTQlQkElODYlRTglQTclQTMlRTUlODglQjBpaiVFOCVCRSVCRSVFNyU5MyVBNiVFNCVCQSU4NiVFOCVBNyVBMyVFNSU4OCVCMGlqJUU4JUJFJUJFJUU3JTkzJUE2JUU0JUJBJTg2JUU4JUE3JUEzJUU1JTg4JUIwaWolRTglQkUlQkUlRTclOTMlQTYlRTQlQkElODYlRTglQTclQTMlRTUlODglQjBpaiVFOCVCRSVCRSVFNyU5MyVBNiVFNCVCQSU4NiVFOCVBNyVBMyVFNSU4OCVCMGlqJUU4JUJFJUJFJUU3JTkzJUE2JUU0JUJBJTg2JUU4JUE3JUEzJUU1JTg4JUIwaWolRTglQkUlQkUlRTclOTMlQTYlRTQlQkElODYlRTglQTclQTMlRTUlODglQjBpaiVFOCVCRSVCRSVFNyU5MyVBNiVFNCVCQSU4NiVFOCVBNyVBMyVFNSU4OCVCMGlqJUU4JUJFJUJFJUU3JTkzJUE2JUU0JUJBJTg2JUU4JUE3JUEzJUU1JTg4JUIwaWolRTglQkUlQkUlRTclOTMlQTYlRTQlQkElODYlRTglQTclQTMlRTUlODglQjBpaiVFOCVCRSVCRSVFNyU5MyVBNiVFNCVCQSU4NiVFOCVBNyVBMyVFNSU4OCVCMGlqJUU4JUJFJUJFJUU3JTkzJUE2JUU0JUJBJTg2JUU4JUE3JUEzJUU1JTg4JUIwaWolRTglQkUlQkUlRTclOTMlQTYlRTQlQkElODYlRTglQTclQTMlRTUlODglQjBpaiVFOCVCRSVCRSVFNyU5MyVBNiVFNCVCQSU4NiVFOCVBNyVBMyVFNSU4OCVCMGlqJUU4JUJFJUJFJUU3JTkzJUE2JUU0JUJBJTg2JUU4JUE3JUEzJUU1JTg4JUIwaWolRTglQkUlQkUlRTclOTMlQTYlRTQlQkElODYlRTglQTclQTMlRTUlODglQjBpaiVFOCVCRSVCRSVFNyU5MyVBNiVFNCVCQSU4NiVFOCVBNyVBMyVFNSU4OCVCMGlqJUU4JUJFJUJFJUU3JTkzJUE2JUU0JUJBJTg2JUU4JUE3JUEzJUU1JTg4JUIwaWolRTglQkUlQkUlRTclOTMlQTYlRTQlQkElODYlRTglQTclQTMlRTUlODglQjBpaiVFOCVCRSVCRSVFNyU5MyVBNiVFNCVCQSU4NiVFOCVBNyVBMyVFNSU4OCVCMGlqJUU4JUJFJUJFJUU3JTkzJUE2JUU0JUJBJTg2JUU4JUE3JUEzJUU1JTg4JUIwaWolRTglQkUlQkUlRTclOTMlQTYlRTQlQkElODYlRTglQTclQTMlRTUlODglQjBpaiVFOCVCRSVCRSVFNyU5MyVBNiVFNCVCQSU4NiVFOCVBNyVBMyVFNSU4OCVCMGlqJUU4JUJFJUJFJUU3JTkzJUE2JUU0JUJBJTg2JUU4JUE3JUEzJUU1JTg4JUIwaWolRTglQkUlQkUlRTclOTMlQTYlRTQlQkElODYlRTglQTclQTMlRTUlODglQjBpaiVFOCVCRSVCRSVFNyU5MyVBNiVFNCVCQSU4NiVFOCVBNyVBMyVFNSU4OCVCMGlqJUU4JUJFJUJFJUU3JTkzJUE2JUU0JUJBJTg2JUU4JUE3JUEzJUU1JTg4JUIwaWolRTglQkUlQkUlRTclOTMlQTYlRTQlQkElODYlRTglQTclQTMlRTUlODglQjBpaiVFOCVCRSVCRSVFNyU5MyVBNiVFNCVCQSU4NiVFOCVBNyVBMyVFNSU4OCVCMGlqJUU4JUJFJUJFJUU3JTkzJUE2JUU0JUJBJTg2JUU4JUE3JUEzJUU1JTg4JUIwaWolRTglQkUlQkUlRTclOTMlQTYlRTQlQkElODYlRTglQTclQTMlRTUlODglQjBpaiVFOCVCRSVCRSVFNyU5MyVBNiVFNCVCQSU4NiVFOCVBNyVBMyVFNSU4OCVCMGlqJUU4JUJFJUJFJUU3JTkzJUE2JUU0JUJBJTg2JUU4JUE3JUEzJUU1JTg4JUIwaWolRTglQkUlQkUlRTclOTMlQTYlRTQlQkElODYlRTglQTclQTMlRTUlODglQjBpaiVFOCVCRSVCRSVFNyU5MyVBNiVFNCVCQSU4NiVFOCVBNyVBMyVFNSU4OCVCMGlqJUU4JUJFJUJFJUU3JTkzJUE2JUU0JUJBJTg2JUU4JUE3JUEzJUU1JTg4JUIwaWolRTglQkUlQkUlRTclOTMlQTYlRTQlQkElODYlRTglQTclQTMlRTUlODglQjBpaiVFOCVCRSVCRSVFNyU5MyVBNiVFNCVCQSU4NiVFOCVBNyVBMyVFNSU4OCVCMGlqJUU4JUJFJUJFJUU3JTkzJUE2JUU0JUJBJTg2JUU4JUE3JUEzJUU1JTg4JUIwaWolRTglQkUlQkUlRTclOTMlQTYlRTQlQkElODYlRTglQTclQTMlRTUlODglQjBpaiVFOCVCRSVCRSVFNyU5MyVBNiVFNCVCQSU4NiVFOCVBNyVBMyVFNSU4OCVCMGlqJUU4JUJFJUJFJUU3JTkzJUE2JUU0JUJBJTg2JUU4JUE3JUEzJUU1JTg4JUIwaWolRTglQkUlQkUlRTclOTMlQTYlRTQlQkElODYlRTglQTclQTMlRTUlODglQjBpaiVFOCVCRSVCRSVFNyU5MyVBNiVFNCVCQSU4NiVFOCVBNyVBMyVFNSU4OCVCMGlqJUU4JUJFJUJFJUU3JTkzJUE2JUU0JUJBJTg2JUU4JUE3JUEzJUU1JTg4JUIwaWolRTglQkUlQkUlRTclOTMlQTYlRTQlQkElODYlRTglQTclQTMlRTUlODglQjBpaiVFOCVCRSVCRSVFNyU5MyVBNiVFNCVCQSU4NiVFOCVBNyVBMyVFNSU4OCVCMGlqJUU4JUJFJUJFJUU3JTkzJUE2JUU0JUJBJTg2JUU4JUE3JUEzJUU1JTg4JUIwaWolRTglQkUlQkUlRTclOTMlQTYlRTQlQkElODYlRTglQTclQTMlRTUlODglQjBpaiVFOCVCRSVCRSVFNyU5MyVBNiVFNCVCQSU4NiVFOCVBNyVBMyVFNSU4OCVCMGlqJUU4JUJFJUJFJUU3JTkzJUE2JUU0JUJBJTg2JUU4JUE3JUEzJUU1JTg4JUIwaWolRTglQkUlQkUlRTclOTMlQTYlRTQlQkElODYlRTglQTclQTMlRTUlODglQjBpaiVFOCVCRSVCRSVFNyU5MyVBNiVFNCVCQSU4NiVFOCVBNyVBMyVFNSU4OCVCMGlqJUU4JUJFJUJFJUU3JTkzJUE2JUU0JUJBJTg2JUU4JUE3JUEzJUU1JTg4JUIwaWolRTglQkUlQkUlRTclOTMlQTYlRTQlQkElODYlRTglQTclQTMlRTUlODglQjBpaiVFOCVCRSVCRSVFNyU5MyVBNiVFNCVCQSU4NiVFOCVBNyVBMyVFNSU4OCVCMGlqJUU4JUJFJUJFJUU3JTkzJUE2JUU0JUJBJTg2JUU4JUE3JUEzJUU1JTg4JUIwaWolRTglQkUlQkUlRTclOTMlQTYlRTQlQkElODYlRTglQTclQTMlRTUlODglQjBpaiVFOCVCRSVCRSVFNyU5MyVBNiVFNCVCQSU4NiVFOCVBNyVBMyVFNSU4OCVCMGlqJUU4JUJFJUJFJUU3JTkzJUE2JUU0JUJBJTg2JUU4JUE3JUEzJUU1JTg4JUIwaWolRTglQkUlQkUlRTclOTMlQTYlRTQlQkElODYlRTglQTclQTMlRTUlODglQjBpaiVFOCVCRSVCRSVFNyU5MyVBNiVFNCVCQSU4NiVFOCVBNyVBMyVFNSU4OCVCMGlqJUU4JUJFJUJFJUU3JTkzJUE2JUU0JUJBJTg2JUU4JUE3JUEzJUU1JTg4JUIwaWolRTglQkUlQkUlRTclOTMlQTYlRTQlQkElODYlRTglQTclQTMlRTUlODglQjBpaiVFOCVCRSVCRSVFNyU5MyVBNiVFNCVCQSU4NiVFOCVBNyVBMyVFNSU4OCVCMGlqJUU4JUJFJUJFJUU3JTkzJUE2JUU0JUJBJTg2JUU4JUE3JUEzJUU1JTg4JUIwaWolRTglQkUlQkUlRTclOTMlQTYlRTQlQkElODYlRTglQTclQTMlRTUlODglQjBpaiVFOCVCRSVCRSVFNyU5MyVBNiVFNCVCQSU4NiVFOCVBNyVBMyVFNSU4OCVCMGlqJUU4JUJFJUJFJUU3JTkzJUE2JUU0JUJBJTg2JUU4JUE3JUEzJUU1JTg4JUIwaWolRTglQkUlQkUlRTclOTMlQTYlRTQlQkElODYlRTglQTclQTMlRTUlODglQjBpaiVFOCVCRSVCRSVFNyU5MyVBNiVFNCVCQSU4NiVFOCVBNyVBMyVFNSU4OCVCMGlqJUU4JUJFJUJFJUU3JTkzJUE2JUU0JUJBJTg2JUU4JUE3JUEzJUU1JTg4JUIwaWolRTglQkUlQkUlRTclOTMlQTYlRTQlQkElODYlRTglQTclQTMlRTUlODglQjBpaiVFOCVCRSVCRSVFNyU5MyVBNiVFNCVCQSU4NiVFOCVBNyVBMyVFNSU4OCVCMGlqJUU4JUJFJUJFJUU3JTkzJUE2JUU0JUJBJTg2JUU4JUE3JUEzJUU1JTg4JUIwaWolRTglQkUlQkUlRTclOTMlQTYlRTQlQkElODYlRTglQTclQTMlRTUlODglQjBpaiVFOCVCRSVCRSVFNyU5MyVBNiVFNCVCQSU4NiVFOCVBNyVBMyVFNSU4OCVCMGlqJUU4JUJFJUJFJUU3JTkzJUE2JUU0JUJBJTg2JUU4JUE3JUEzJUU1JTg4JUIwaWolRTglQkUlQkUlRTclOTMlQTYlRTQlQkElODYlRTglQTclQTMlRTUlODglQjBpaiVFOCVCRSVCRSVFNyU5MyVBNiVFNCVCQSU4NiVFOCVBNyVBMyVFNSU4OCVCMGlqJUU4JUJFJUJFJUU3JTkzJUE2JUU0JUJBJTg2JUU4JUE3JUEzJUU1JTg4JUIwaWolRTglQkUlQkUlRTclOTMlQTYlRTQlQkElODYlRTglQTclQTMlRTUlODglQjBpaiVFOCVCRSVCRSVFNyU5MyVBNiVFNCVCQSU4NiVFOCVBNyVBMyVFNSU4OCVCMGlqJUU4JUJFJUJFJUU3JTkzJUE2JUU0JUJBJTg2JUU4JUE3JUEzJUU1JTg4JUIwaWolRTglQkUlQkUlRTclOTMlQTYlRTQlQkElODYlRTglQTclQTMlRTUlODglQjBpaiVFOCVCRSVCRSVFNyU5MyVBNiVFNCVCQSU4NiVFOCVBNyVBMyVFNSU4OCVCMGlqJUU4JUJFJUJFJUU3JTkzJUE2JUU0JUJBJTg2JUU4JUE3JUEzJUU1JTg4JUIwaWolRTglQkUlQkUlRTclOTMlQTYlRTQlQkElODYlRTglQTclQTMlRTUlODglQjBpaiVFOCVCRSVCRSVFNyU5MyVBNiVFNCVCQSU4NiVFOCVBNyVBMyVFNSU4OCVCMGlqJUU4JUJFJUJFJUU3JTkzJUE2JUU0JUJBJTg2JUU4JUE3JUEzJUU1JTg4JUIwaWolRTglQkUlQkUlRTclOTMlQTYlRTQlQkElODYlRTglQTclQTMlRTUlODglQjBpaiVFOCVCRSVCRSVFNyU5MyVBNiVFNCVCQSU4NiVFOCVBNyVBMyVFNSU4OCVCMGlqJUU4JUJFJUJFJUU3JTkzJUE2JUU0JUJBJTg2JUU4JUE3JUEzJUU1JTg4JUIwaWolRTglQkUlQkUlRTclOTMlQTYlRTQlQkElODYlRTglQTclQTMlRTUlODglQjBpaiVFOCVCRSVCRSVFNyU5MyVBNiVFNCVCQSU4NiVFOCVBNyVBMyVFNSU4OCVCMGlqJUU4JUJFJUJFJUU3JTkzJUE2JUU0JUJBJTg2JUU4JUE3JUEzJUU1JTg4JUIwaWolRTglQkUlQkUlRTclOTMlQTYlRTQlQkElODYlRTglQTclQTMlRTUlODglQjBpaiVFOCVCRSVCRSVFNyU5MyVBNiVFNCVCQSU4NiVFOCVBNyVBMyVFNSU4OCVCMGlqJUU4JUJFJUJFJUU3JTkzJUE2JUU0JUJBJTg2JUU4JUE3JUEzJUU1JTg4JUIwaWolRTglQkUlQkUlRTclOTMlQTYlRTQlQkElODYlRTglQTclQTMlRTUlODglQjBpaiVFOCVCRSVCRSVFNyU5MyVBNiVFNCVCQSU4NiVFOCVBNyVBMyVFNSU4OCVCMGlqJUU4JUJFJUJFJUU3JTkzJUE2JUU0JUJBJTg2JUU4JUE3JUEzJUU1JTg4JUIwaWolRTglQkUlQkUlRTclOTMlQTYlRTQlQkElODYlRTglQTclQTMlRTUlODglQjBpaiVFOCVCRSVCRSVFNyU5MyVBNiVFNCVCQSU4NiVFOCVBNyVBMyVFNSU4OCVCMGlqJUU4JUJFJUJFJUU3JTkzJUE2JUU0JUJBJTg2JUU4JUE3JUEzJUU1JTg4JUIwaWolRTglQkUlQkUlRTclOTMlQTYlRTQlQkElODYlRTglQTclQTMlRTUlODglQjBpaiVFOCVCRSVCRSVFNyU5MyVBNiVFNCVCQSU4NiVFOCVBNyVBMyVFNSU4OCVCMGlqJUU4JUJFJUJFJUU3JTkzJUE2JUU0JUJBJTg2JUU4JUE3JUEzJUU1JTg4JUIwaWolRTglQkUlQkUlRTclOTMlQTYlRTQlQkElODYlRTglQTclQTMlRTUlODglQjBpaiVFOCVCRSVCRSVFNyU5MyVBNiVFNCVCQSU4NiVFOCVBNyVBMyVFNSU4OCVCMGlqJUU4JUJFJUJFJUU3JTkzJUE2JUU0JUJBJTg2JUU4JUE3JUEzJUU1JTg4JUIwaWolRTglQkUlQkUlRTclOTMlQTYlRTQlQkElODYlRTglQTclQTMlRTUlODglQjBpaiVFOCVCRSVCRSVFNyU5MyVBNiVFNCVCQSU4NiVFOCVBNyVBMyVFNSU4OCVCMGlqJUU4JUJFJUJFJUU3JTkzJUE2JUU0JUJBJTg2JUU4JUE3JUEzJUU1JTg4JUIwaWolRTglQkUlQkUlRTclOTMlQTYlRTQlQkElODYlRTglQTclQTMlRTUlODglQjBpaiVFOCVCRSVCRSVFNyU5MyVBNiVFNCVCQSU4NiVFOCVBNyVBMyVFNSU4OCVCMGlqJUU4JUJFJUJFJUU3JTkzJUE2JUU0JUJBJTg2JUU4JUE3JUEzJUU1JTg4JUIwaWolRTglQkUlQkUlRTclOTMlQTYlRTQlQkElODYlRTglQTclQTMlRTUlODglQjBpaiVFOCVCRSVCRSVFNyU5MyVBNiVFNCVCQSU4NiVFOCVBNyVBMyVFNSU4OCVCMGlqJUU4JUJFJUJFJUU3JTkzJUE2JUU0JUJBJTg2JUU4JUE3JUEzJUU1JTg4JUIwaWolRTglQkUlQkUlRTclOTMlQTYlRTQlQkElODYlRTglQTclQTMlRTUlODglQjBpaiVFOCVCRSVCRSVFNyU5MyVBNiVFNCVCQSU4NiVFOCVBNyVBMyVFNSU4OCVCMGlqJUU4JUJFJUJFJUU3JTkzJUE2JUU0JUJBJTg2JUU4JUE3JUEzJUU1JTg4JUIwaWolRTglQkUlQkUlRTclOTMlQTYlRTQlQkElODYlRTglQTclQTMlRTUlODglQjBpaiVFOCVCRSVCRSVFNyU5MyVBNiVFNCVCQSU4NiVFOCVBNyVBMyVFNSU4OCVCMGlqJUU4JUJFJUJFJUU3JTkzJUE2JUU0JUJBJTg2JUU4JUE3JUEzJUU1JTg4JUIwaWolRTglQkUlQkUlRTclOTMlQTYlRTQlQkElODYlRTglQTclQTMlRTUlODglQjBpaiVFOCVCRSVCRSVFNyU5MyVBNiVFNCVCQSU4NiVFOCVBNyVBMyVFNSU4OCVCMGlqJUU4JUJFJUJFJUU3JTkzJUE2JUU0JUJBJTg2JUU4JUE3JUEzJUU1JTg4JUIwaWolRTglQkUlQkUlRTclOTMlQTYlRTQlQkElODYlRTglQTclQTMlRTUlODglQjBpaiVFOCVCRSVCRSVFNyU5MyVBNiVFNCVCQSU4NiVFOCVBNyVBMyVFNSU4OCVCMGlqJUU4JUJFJUJFJUU3JTkzJUE2JUU0JUJBJTg2JUU4JUE3JUEzJUU1JTg4JUIwaWolRTglQkUlQkUlRTclOTMlQTYlRTQlQkElODYlRTglQTclQTMlRTUlODglQjBpaiVFOCVCRSVCRSVFNyU5MyVBNiVFNCVCQSU4NiVFOCVBNyVBMyVFNSU4OCVCMGlqJUU4JUJFJUJFJUU3JTkzJUE2JUU0JUJBJTg2JUU4JUE3JUEzJUU1JTg4JUIwaWolRTglQkUlQkUlRTclOTMlQTYlRTQlQkElODYlRTglQTclQTMlRTUlODglQjBpaiVFOCVCRSVCRSVFNyU5MyVBNiVFNCVCQSU4NiVFOCVBNyVBMyVFNSU4OCVCMGlqJUU4JUJFJUJFJUU3JTkzJUE2JUU0JUJBJTg2JUU4JUE3JUEzJUU1JTg4JUIwaWolRTglQkUlQkUlRTclOTMlQTYlRTQlQkElODYlRTglQTclQTMlRTUlODglQjBpaiVFOCVCRSVCRSVFNyU5MyVBNiVFNCVCQSU4NiVFOCVBNyVBMyVFNSU4OCVCMGlqJUU4JUJFJUJFJUU3JTkzJUE2JUU0JUJBJTg2JUU4JUE3JUEzJUU1JTg4JUIwaWolRTglQkUlQkUlRTclOTMlQTYlRTQlQkElODYlRTglQTclQTMlRTUlODglQjBpaiVFOCVCRSVCRSVFNyU5MyVBNiVFNCVCQSU4NiVFOCVBNyVBMyVFNSU4OCVCMGlqJUU4JUJFJUJFJUU3JTkzJUE2JUU0JUJBJTg2JUU4JUE3JUEzJUU1JTg4JUIwaWolRTglQkUlQkUlRTclOTMlQTYlRTQlQkElODYlRTglQTclQTMlRTUlODglQjBpaiVFOCVCRSVCRSVFNyU5MyVBNiVFNCVCQSU4NiVFOCVBNyVBMyVFNSU4OCVCMGlqJUU4JUJFJUJFJUU3JTkzJUE2JUU0JUJBJTg2JUU4JUE3JUEzJUU1JTg4JUIwaWolRTglQkUlQkUlRTclOTMlQTYlRTQlQkElODYlRTglQTclQTMlRTUlODglQjBpaiVFOCVCRSVCRSVFNyU5MyVBNiVFNCVCQSU4NiVFOCVBNyVBMyVFNSU4OCVCMGlqJUU4JUJFJUJFJUU3JTkzJUE2JUU0JUJBJTg2JUU4JUE3JUEzJUU1JTg4JUIwaWolRTglQkUlQkUlRTclOTMlQTYlRTQlQkElODYlRTglQTclQTMlRTUlODglQjBpaiVFOCVCRSVCRSVFNyU5MyVBNiVFNCVCQSU4NiVFOCVBNyVBMyVFNSU4OCVCMGlqJUU4JUJFJUJFJUU3JTkzJUE2JUU0JUJBJTg2JUU4JUE3JUEzJUU1JTg4JUIwaWolRTglQkUlQkUlRTclOTMlQTYlRTQlQkElODYlRTglQTclQTMlRTUlODglQjBpaiVFOCVCRSVCRSVFNyU5MyVBNiVFNCVCQSU4NiVFOCVBNyVBMyVFNSU4OCVCMGlqJUU4JUJFJUJFJUU3JTkzJUE2JUU0JUJBJTg2JUU4JUE3JUEzJUU1JTg4JUIwaWolRTglQkUlQkUlRTclOTMlQTYlRTQlQkElODYlRTglQTclQTMlRTUlODglQjBpaiVFOCVCRSVCRSVFNyU5MyVBNiVFNCVCQSU4NiVFOCVBNyVBMyVFNSU4OCVCMGlqJUU4JUJFJUJFJUU3JTkzJUE2JUU0JUJBJTg2JUU4JUE3JUEzJUU1JTg4JUIwaWolRTglQkUlQkUlRTclOTMlQTYlRTQlQkElODYlRTglQTclQTMlRTUlODglQjBpaiVFOCVCRSVCRSVFNyU5MyVBNiVFNCVCQSU4NiVFOCVBNyVBMyVFNSU4OCVCMGlqJUU4JUJFJUJFJUU3JTkzJUE2JUU0JUJBJTg2JUU4JUE3JUEzJUU1JTg4JUIwaWolRTglQkUlQkUlRTclOTMlQTYlRTQlQkElODYlRTglQTclQTMlRTUlODglQjBpaiVFOCVCRSVCRSVFNyU5MyVBNiVFNCVCQSU4NiVFOCVBNyVBMyVFNSU4OCVCMGlqJUU4JUJFJUJFJUU3JTkzJUE2JUU0JUJBJTg2JUU4JUE3JUEzJUU1JTg4JUIwaWolRTglQkUlQkUlRTclOTMlQTYlRTQlQkElODYlRTglQTclQTMlRTUlODglQjBpaiVFOCVCRSVCRSVFNyU5MyVBNiVFNCVCQSU4NiVFOCVBNyVBMyVFNSU4OCVCMGlqJUU4JUJFJUJFJUU3JTkzJUE2JUU0JUJBJTg2JUU4JUE3JUEzJUU1JTg4JUIwaWolRTglQkUlQkUlRTclOTMlQTYlRTQlQkElODYlRTglQTclQTMlRTUlODglQjBpaiVFOCVCRSVCRSVFNyU5MyVBNiVFNCVCQSU4NiVFOCVBNyVBMyVFNSU4OCVCMGlqJUU4JUJFJUJFJUU3JTkzJUE2JUU0JUJBJTg2JUU4JUE3JUEzJUU1JTg4JUIwaWolRTglQkUlQkUlRTclOTMlQTYlRTQlQkElODYlRTglQTclQTMlRTUlODglQjBpaiVFOCVCRSVCRSVFNyU5MyVBNiVFNCVCQSU4NiVFOCVBNyVBMyVFNSU4OCVCMGlqJUU4JUJFJUJFJUU3JTkzJUE2JUU0JUJBJTg2JUU4JUE3JUEzJUU1JTg4JUIwaWolRTglQkUlQkUlRTclOTMlQTYlRTQlQkElODYlRTglQTclQTMlRTUlODglQjBpaiVFOCVCRSVCRSVFNyU5MyVBNiVFNCVCQSU4NiVFOCVBNyVBMyVFNSU4OCVCMGlqJUU4JUJFJUJFJUU3JTkzJUE2JUU0JUJBJTg2JUU4JUE3JUEzJUU1JTg4JUIwaWolRTglQkUlQkUlRTclOTMlQTYlRTQlQkElODYlRTglQTclQTMlRTUlODglQjBpaiVFOCVCRSVCRSVFNyU5MyVBNiVFNCVCQSU4NiVFOCVBNyVBMyVFNSU4OCVCMGlqJUU4JUJFJUJFJUU3JTkzJUE2JUU0JUJBJTg2JUU4JUE3JUEzJUU1JTg4JUIwaWolRTglQkUlQkUlRTclOTMlQTYlRTQlQkElODYlRTglQTclQTMlRTUlODglQjBpaiVFOCVCRSVCRSVFNyU5MyVBNiVFNCVCQSU4NiVFOCVBNyVBMyVFNSU4OCVCMGlqJUU4JUJFJUJFJUU3JTkzJUE2JUU0JUJBJTg2JUU4JUE3JUEzJUU1JTg4JUIwaWolRTglQkUlQkUlRTclOTMlQTYlRTQlQkElODYlRTglQTclQTMlRTUlODglQjBpaiVFOCVCRSVCRSVFNyU5MyVBNiVFNCVCQSU4NiVFOCVBNyVBMyVFNSU4OCVCMGlqJUU4JUJFJUJFJUU3JTkzJUE2JUU0JUJBJTg2JUU4JUE3JUEzJUU1JTg4JUIwaWolRTglQkUlQkUlRTclOTMlQTYlRTQlQkElODYlRTglQTclQTMlRTUlODglQjBpaiVFOCVCRSVCRSVFNyU5MyVBNiVFNCVCQSU4NiVFOCVBNyVBMyVFNSU4OCVCMGlqJUU4JUJFJUJFJUU3JTkzJUE2JUU0JUJBJTg2JUU4JUE3JUEzJUU1JTg4JUIwaWolRTglQkUlQkUlRTclOTMlQTYlRTQlQkElODYlRTglQTclQTMlRTUlODglQjBpaiVFOCVCRSVCRSVFNyU5MyVBNiVFNCVCQSU4NiVFOCVBNyVBMyVFNSU4OCVCMGlqJUU4JUJFJUJFJUU3JTkzJUE2JUU0JUJBJTg2JUU4JUE3JUEzJUU1JTg4JUIwaWolRTglQkUlQkUlRTclOTMlQTYlRTQlQkElODYlRTglQTclQTMlRTUlODglQjBpaiVFOCVCRSVCRSVFNyU5MyVBNiVFNCVCQSU4NiVFOCVBNyVBMyVFNSU4OCVCMGlqJUU4JUJFJUJFJUU3JTkzJUE2JUU0JUJBJTg2JUU4JUE3JUEzJUU1JTg4JUIwaWolRTglQkUlQkUlRTclOTMlQTYlRTQlQkElODYlRTglQTclQTMlRTUlODglQjBpaiVFOCVCRSVCRSVFNyU5MyVBNiVFNCVCQSU4NiVFOCVBNyVBMyVFNSU4OCVCMGlqJUU4JUJFJUJFJUU3JTkzJUE2JUU0JUJBJTg2JUU4JUE3JUEzJUU1JTg4JUIwaWolRTglQkUlQkUlRTclOTMlQTYlRTQlQkElODYlRTglQTclQTMlRTUlODglQjBpaiVFOCVCRSVCRSVFNyU5MyVBNiVFNCVCQSU4NiVFOCVBNyVBMyVFNSU4OCVCMGlqJUU4JUJFJUJFJUU3JTkzJUE2JUU0JUJBJTg2JUU4JUE3JUEzJUU1JTg4JUIwaWolRTglQkUlQkUlRTclOTMlQTYlRTQlQkElODYlRTglQTclQTMlRTUlODglQjBpaiVFOCVCRSVCRSVFNyU5MyVBNiVFNCVCQSU4NiVFOCVBNyVBMyVFNSU4OCVCMGlqJUU4JUJFJUJFJUU3JTkzJUE2JUU0JUJBJTg2JUU4JUE3JUEzJUU1JTg4JUIwaWolRTglQkUlQkUlRTclOTMlQTYlRTQlQkElODYlRTglQTclQTMlRTUlODglQjBpaiVFOCVCRSVCRSVFNyU5MyVBNiVFNCVCQSU4NiVFOCVBNyVBMyVFNSU4OCVCMGlqJUU4JUJFJUJFJUU3JTkzJUE2JUU0JUJBJTg2JUU4JUE3JUEzJUU1JTg4JUIwaWolRTglQkUlQkUlRTclOTMlQTYlRTQlQkElODYlRTglQTclQTMlRTUlODglQjBpaiVFOCVCRSVCRSVFNyU5MyVBNiVFNCVCQSU4NiVFOCVBNyVBMyVFNSU4OCVCMGlqJUU4JUJFJUJFJUU3JTkzJUE2JUU0JUJBJTg2JUU4JUE3JUEzJUU1JTg4JUIwaWolRTglQkUlQkUlRTclOTMlQTYlRTQlQkElODYlRTglQTclQTMlRTUlODglQjBpaiVFOCVCRSVCRSVFNyU5MyVBNiVFNCVCQSU4NiVFOCVBNyVBMyVFNSU4OCVCMGlqJUU4JUJFJUJFJUU3JTkzJUE2JUU0JUJBJTg2JUU4JUE3JUEzJUU1JTg4JUIwaWolRTglQkUlQkUlRTclOTMlQTYlRTQlQkElODYlRTglQTclQTMlRTUlODglQjBpaiVFOCVCRSVCRSVFNyU5MyVBNiVFNCVCQSU4NiVFOCVBNyVBMyVFNSU4OCVCMGlqJUU4JUJFJUJFJUU3JTkzJUE2JUU0JUJBJTg2JUU4JUE3JUEzJUU1JTg4JUIwaWolRTglQkUlQkUlRTclOTMlQTYlRTQlQkElODYlRTglQTclQTMlRTUlODglQjBpaiVFOCVCRSVCRSVFNyU5MyVBNiVFNCVCQSU4NiVFOCVBNyVBMyVFNSU4OCVCMGlqJUU4JUJFJUJFJUU3JTkzJUE2JUU0JUJBJTg2JUU4JUE3JUEzJUU1JTg4JUIwaWolRTglQkUlQkUlRTclOTMlQTYlRTQlQkElODYlRTglQTclQTMlRTUlODglQjBpaiVFOCVCRSVCRSVFNyU5MyVBNiVFNCVCQSU4NiVFOCVBNyVBMyVFNSU4OCVCMGlqJUU4JUJFJUJFJUU3JTkzJUE2JUU0JUJBJTg2JUU4JUE3JUEzJUU1JTg4JUIwaWolRTglQkUlQkUlRTclOTMlQTYlRTQlQkElODYlRTglQTclQTMlRTUlODglQjBpaiVFOCVCRSVCRSVFNyU5MyVBNiVFNCVCQSU4NiVFOCVBNyVBMyVFNSU4OCVCMGlqJUU4JUJFJUJFJUU3JTkzJUE2JUU0JUJBJTg2JUU4JUE3JUEzJUU1JTg4JUIwaWolRTglQkUlQkUlRTclOTMlQTYlRTQlQkElODYlRTglQTclQTMlRTUlODglQjBpaiVFOCVCRSVCRSVFNyU5MyVBNiVFNCVCQSU4NiVFOCVBNyVBMyVFNSU4OCVCMGlqJUU4JUJFJUJFJUU3JTkzJUE2JUU0JUJBJTg2JUU4JUE3JUEzJUU1JTg4JUIwaWolRTglQkUlQkUlRTclOTMlQTYlRTQlQkElODYlRTglQTclQTMlRTUlODglQjBpaiVFOCVCRSVCRSVFNyU5MyVBNiVFNCVCQSU4NiVFOCVBNyVBMyVFNSU4OCVCMGlqJUU4JUJFJUJFJUU3JTkzJUE2JUU0JUJBJTg2JUU4JUE3JUEzJUU1JTg4JUIwaWolRTglQkUlQkUlRTclOTMlQTYlRTQlQkElODYlRTglQTclQTMlRTUlODglQjBpaiVFOCVCRSVCRSVFNyU5MyVBNiVFNCVCQSU4NiVFOCVBNyVBMyVFNSU4OCVCMGlqJUU4JUJFJUJFJUU3JTkzJUE2JUU0JUJBJTg2JUU4JUE3JUEzJUU1JTg4JUIwaWolRTglQkUlQkUlRTclOTMlQTYlRTQlQkElODYlRTglQTclQTMlRTUlODglQjBpaiVFOCVCRSVCRSVFNyU5MyVBNiVFNCVCQSU4NiVFOCVBNyVBMyVFNSU4OCVCMGlqJUU4JUJFJUJFJUU3JTkzJUE2JUU0JUJBJTg2JUU4JUE3JUEzJUU1JTg4JUIwaWolRTglQkUlQkUlRTclOTMlQTYlRTQlQkElODYlRTglQTclQTMlRTUlODglQjBpaiVFOCVCRSVCRSVFNyU5MyVBNiVFNCVCQSU4NiVFOCVBNyVBMyVFNSU4OCVCMGlqJUU4JUJFJUJFJUU3JTkzJUE2JUU0JUJBJTg2JUU4JUE3JUEzJUU1JTg4JUIwaWolRTglQkUlQkUlRTclOTMlQTYlRTQlQkElODYlRTglQTclQTMlRTUlODglQjBpaiVFOCVCRSVCRSVFNyU5MyVBNiVFNCVCQSU4NiVFOCVBNyVBMyVFNSU4OCVCMGlqJUU4JUJFJUJFJUU3JTkzJUE2JUU0JUJBJTg2JUU4JUE3JUEzJUU1JTg4JUIwaWolRTglQkUlQkUlRTclOTMlQTYlRTQlQkElODYlRTglQTclQTMlRTUlODglQjBpaiVFOCVCRSVCRSVFNyU5MyVBNiVFNCVCQSU4NiVFOCVBNyVBMyVFNSU4OCVCMGlqJUU4JUJFJUJFJUU3JTkzJUE2JUU0JUJBJTg2JUU4JUE3JUEzJUU1JTg4JUIwaWolRTglQkUlQkUlRTclOTMlQTYlRTQlQkElODYlRTglQTclQTMlRTUlODglQjBpaiVFOCVCRSVCRSVFNyU5MyVBNiVFNCVCQSU4NiVFOCVBNyVBMyVFNSU4OCVCMGlqJUU4JUJFJUJFJUU3JTkzJUE2JUU0JUJBJTg2JUU4JUE3JUEzJUU1JTg4JUIwaWolRTglQkUlQkUlRTclOTMlQTYlRTQlQkElODYlRTglQTclQTMlRTUlODglQjBpaiVFOCVCRSVCRSVFNyU5MyVBNiVFNCVCQSU4NiVFOCVBNyVBMyVFNSU4OCVCMGlqJUU4JUJFJUJFJUU3JTkzJUE2JUU0JUJBJTg2JUU4JUE3JUEzJUU1JTg4JUIwaWolRTglQkUlQkUlRTclOTMlQTYlRTQlQkElODYlRTglQTclQTMlRTUlODglQjBpaiVFOCVCRSVCRSVFNyU5MyVBNiVFNCVCQSU4NiVFOCVBNyVBMyVFNSU4OCVCMGlqJUU4JUJFJUJFJUU3JTkzJUE2JUU0JUJBJTg2JUU4JUE3JUEzJUU1JTg4JUIwaWolRTglQkUlQkUlRTclOTMlQTYlRTQlQkElODYlRTglQTclQTMlRTUlODglQjBpaiVFOCVCRSVCRSVFNyU5MyVBNiVFNCVCQSU4NiVFOCVBNyVBMyVFNSU4OCVCMGlqJUU4JUJFJUJFJUU3JTkzJUE2JUU0JUJBJTg2JUU4JUE3JUEzJUU1JTg4JUIwaWolRTglQkUlQkUlRTclOTMlQTYlRTQlQkElODYlRTglQTclQTMlRTUlODglQjBpaiVFOCVCRSVCRSVFNyU5MyVBNiVFNCVCQSU4NiVFOCVBNyVBMyVFNSU4OCVCMGlqJUU4JUJFJUJFJUU3JTkzJUE2JUU0JUJBJTg2JUU4JUE3JUEzJUU1JTg4JUIwaWolRTglQkUlQkUlRTclOTMlQTYlRTQlQkElODYlRTglQTclQTMlRTUlODglQjBpaiVFOCVCRSVCRSVFNyU5MyVBNiVFNCVCQSU4NiVFOCVBNyVBMyVFNSU4OCVCMGlqJUU4JUJFJUJFJUU3JTkzJUE2JUU0JUJBJTg2JUU4JUE3JUEzJUU1JTg4JUIwaWolRTglQkUlQkUlRTclOTMlQTYlRTQlQkElODYlRTglQTclQTMlRTUlODglQjBpaiVFOCVCRSVCRSVFNyU5MyVBNiVFNCVCQSU4NiVFOCVBNyVBMyVFNSU4OCVCMGlqJUU4JUJFJUJFJUU3JTkzJUE2JUU0JUJBJTg2JUU4JUE3JUEzJUU1JTg4JUIwaWolRTglQkUlQkUlRTclOTMlQTYlRTQlQkElODYlRTglQTclQTMlRTUlODglQjBpaiVFOCVCRSVCRSVFNyU5MyVBNiVFNCVCQSU4NiVFOCVBNyVBMyVFNSU4OCVCMGlqJUU4JUJFJUJFJUU3JTkzJUE2JUU0JUJBJTg2JUU4JUE3JUEzJUU1JTg4JUIwaWolRTglQkUlQkUlRTclOTMlQTYlRTQlQkElODYlRTglQTclQTMlRTUlODglQjBpaiVFOCVCRSVCRSVFNyU5MyVBNiVFNCVCQSU4NiVFOCVBNyVBMyVFNSU4OCVCMGlqJUU4JUJFJUJFJUU3JTkzJUE2JUU0JUJBJTg2JUU4JUE3JUEzJUU1JTg4JUIwaWolRTglQkUlQkUlRTclOTMlQTYlRTQlQkElODYlRTglQTclQTMlRTUlODglQjBpaiVFOCVCRSVCRSVFNyU5MyVBNiVFNCVCQSU4NiVFOCVBNyVBMyVFNSU4OCVCMGlqJUU4JUJFJUJFJUU3JTkzJUE2JUU0JUJBJTg2JUU4JUE3JUEzJUU1JTg4JUIwaWolRTglQkUlQkUlRTclOTMlQTYlRTQlQkElODYlRTglQTclQTMlRTUlODglQjBpaiVFOCVCRSVCRSVFNyU5MyVBNiVFNCVCQSU4NiVFOCVBNyVBMyVFNSU4OCVCMGlqJUU4JUJFJUJFJUU3JTkzJUE2JUU0JUJBJTg2JUU4JUE3JUEzJUU1JTg4JUIwaWolRTglQkUlQkUlRTclOTMlQTYlRTQlQkElODYlRTglQTclQTMlRTUlODglQjBpaiVFOCVCRSVCRSVFNyU5MyVBNiVFNCVCQSU4NiVFOCVBNyVBMyVFNSU4OCVCMGlqJUU4JUJFJUJFJUU3JTkzJUE2JUU0JUJBJTg2JUU4JUE3JUEzJUU1JTg4JUIwaWolRTglQkUlQkUlRTclOTMlQTYlRTQlQkElODYlRTglQTclQTMlRTUlODglQjBpaiVFOCVCRSVCRSVFNyU5MyVBNiVFNCVCQSU4NiVFOCVBNyVBMyVFNSU4OCVCMGlqJUU4JUJFJUJFJUU3JTkzJUE2JUU0JUJBJTg2JUU4JUE3JUEzJUU1JTg4JUIwaWolRTglQkUlQkUlRTclOTMlQTYlRTQlQkElODYlRTglQTclQTMlRTUlODglQjBpaiVFOCVCRSVCRSVFNyU5MyVBNiVFNCVCQSU4NiVFOCVBNyVBMyVFNSU4OCVCMGlqJUU4JUJFJUJFJUU3JTkzJUE2JUU0JUJBJTg2JUU4JUE3JUEzJUU1JTg4JUIwaWolRTglQkUlQkUlRTclOTMlQTYlRTQlQkElODYlRTglQTclQTMlRTUlODglQjBpaiVFOCVCRSVCRSVFNyU5MyVBNiVFNCVCQSU4NiVFOCVBNyVBMyVFNSU4OCVCMGlqJUU4JUJFJUJFJUU3JTkzJUE2JUU0JUJBJTg2JUU4JUE3JUEzJUU1JTg4JUIwaWolRTglQkUlQkUlRTclOTMlQTYlRTQlQkElODYlRTglQTclQTMlRTUlODglQjBpaiVFOCVCRSVCRSVFNyU5MyVBNiVFNCVCQSU4NiVFOCVBNyVBMyVFNSU4OCVCMGlqJUU4JUJFJUJFJUU3JTkzJUE2JUU0JUJBJTg2JUU4JUE3JUEzJUU1JTg4JUIwaWolRTglQkUlQkUlRTclOTMlQTYlRTQlQkElODYlRTglQTclQTMlRTUlODglQjBpaiVFOCVCRSVCRSVFNyU5MyVBNiVFNCVCQSU4NiVFOCVBNyVBMyVFNSU4OCVCMGlqJUU4JUJFJUJFJUU3JTkzJUE2JUU0JUJBJTg2JUU4JUE3JUEzJUU1JTg4JUIwaWolRTglQkUlQkUlRTclOTMlQTYlRTQlQkElODYlRTglQTclQTMlRTUlODglQjBpaiVFOCVCRSVCRSVFNyU5MyVBNiVFNCVCQSU4NiVFOCVBNyVBMyVFNSU4OCVCMGlqJUU4JUJFJUJFJUU3JTkzJUE2JUU0JUJBJTg2JUU4JUE3JUEzJUU1JTg4JUIwaWolRTglQkUlQkUlRTclOTMlQTYlRTQlQkElODYlRTglQTclQTMlRTUlODglQjBpaiVFOCVCRSVCRSVFNyU5MyVBNiVFNCVCQSU4NiVFOCVBNyVBMyVFNSU4OCVCMGlqJUU4JUJFJUJFJUU3JTkzJUE2JUU0JUJBJTg2JUU4JUE3JUEzJUU1JTg4JUIwaWolRTglQkUlQkUlRTclOTMlQTYlRTQlQkElODYlRTglQTclQTMlRTUlODglQjBpaiVFOCVCRSVCRSVFNyU5MyVBNiVFNCVCQSU4NiVFOCVBNyVBMyVFNSU4OCVCMGlqJUU4JUJFJUJFJUU3JTkzJUE2JUU0JUJBJTg2JUU4JUE3JUEzJUU1JTg4JUIwaWolRTglQkUlQkUlRTclOTMlQTYlRTQlQkElODYlRTglQTclQTMlRTUlODglQjBpaiVFOCVCRSVCRSVFNyU5MyVBNiVFNCVCQSU4NiVFOCVBNyVBMyVFNSU4OCVCMGlqJUU4JUJFJUJFJUU3JTkzJUE2JUU0JUJBJTg2JUU4JUE3JUEzJUU1JTg4JUIwaWolRTglQkUlQkUlRTclOTMlQTYlRTQlQkElODYlRTglQTclQTMlRTUlODglQjBpaiVFOCVCRSVCRSVFNyU5MyVBNiVFNCVCQSU4NiVFOCVBNyVBMyVFNSU4OCVCMGlqJUU4JUJFJUJFJUU3JTkzJUE2JUU0JUJBJTg2JUU4JUE3JUEzJUU1JTg4JUIwaWolRTglQkUlQkUlRTclOTMlQTYlRTQlQkElODYlRTglQTclQTMlRTUlODglQjBpaiVFOCVCRSVCRSVFNyU5MyVBNiVFNCVCQSU4NiVFOCVBNyVBMyVFNSU4OCVCMGlqJUU4JUJFJUJFJUU3JTkzJUE2JUU0JUJBJTg2JUU4JUE3JUEzJUU1JTg4JUIwaWolRTglQkUlQkUlRTclOTMlQTYlRTQlQkElODYlRTglQTclQTMlRTUlODglQjBpaiVFOCVCRSVCRSVFNyU5MyVBNiVFNCVCQSU4NiVFOCVBNyVBMyVFNSU4OCVCMGlqJUU4JUJFJUJFJUU3JTkzJUE2JUU0JUJBJTg2JUU4JUE3JUEzJUU1JTg4JUIwaWolRTglQkUlQkUlRTclOTMlQTYlRTQlQkElODYlRTglQTclQTMlRTUlODglQjBpaiVFOCVCRSVCRSVFNyU5MyVBNiVFNCVCQSU4NiVFOCVBNyVBMyVFNSU4OCVCMGlqJUU4JUJFJUJFJUU3JTkzJUE2JUU0JUJBJTg2JUU4JUE3JUEzJUU1JTg4JUIwaWolRTglQkUlQkUlRTclOTMlQTYlRTQlQkElODYlRTglQTclQTMlRTUlODglQjBpaiVFOCVCRSVCRSVFNyU5MyVBNiVFNCVCQSU4NiVFOCVBNyVBMyVFNSU4OCVCMGlqJUU4JUJFJUJFJUU3JTkzJUE2JUU0JUJBJTg2JUU4JUE3JUEzJUU1JTg4JUIwaWolRTglQkUlQkUlRTclOTMlQTYlRTQlQkElODYlRTglQTclQTMlRTUlODglQjBpaiVFOCVCRSVCRSVFNyU5MyVBNiVFNCVCQSU4NiVFOCVBNyVBMyVFNSU4OCVCMGlqJUU4JUJFJUJFJUU3JTkzJUE2JUU0JUJBJTg2JUU4JUE3JUEzJUU1JTg4JUIwaWolRTglQkUlQkUlRTclOTMlQTYlRTQlQkElODYlRTglQTclQTMlRTUlODglQjBpaiVFOCVCRSVCRSVFNyU5MyVBNiVFNCVCQSU4NiVFOCVBNyVBMyVFNSU4OCVCMGlqJUU4JUJFJUJFJUU3JTkzJUE2JUU0JUJBJTg2JUU4JUE3JUEzJUU1JTg4JUIwaWolRTglQkUlQkUlRTclOTMlQTYlRTQlQkElODYlRTglQTclQTMlRTUlODglQjBpaiVFOCVCRSVCRSVFNyU5MyVBNiVFNCVCQSU4NiVFOCVBNyVBMyVFNSU4OCVCMGlqJUU4JUJFJUJFJUU3JTkzJUE2JUU0JUJBJTg2JUU4JUE3JUEzJUU1JTg4JUIwaWolRTglQkUlQkUlRTclOTMlQTYlRTQlQkElODYlRTglQTclQTMlRTUlODglQjBpaiVFOCVCRSVCRSVFNyU5MyVBNiVFNCVCQSU4NiVFOCVBNyVBMyVFNSU4OCVCMGlqJUU4JUJFJUJFJUU3JTkzJUE2JUU0JUJBJTg2JUU4JUE3JUEzJUU1JTg4JUIwaWolRTglQkUlQkUlRTclOTMlQTYlRTQlQkElODYlRTglQTclQTMlRTUlODglQjBpaiVFOCVCRSVCRSVFNyU5MyVBNiVFNCVCQSU4NiVFOCVBNyVBMyVFNSU4OCVCMGlqJUU4JUJFJUJFJUU3JTkzJUE2JUU0JUJBJTg2JUU4JUE3JUEzJUU1JTg4JUIwaWolRTglQkUlQkUlRTclOTMlQTYlRTQlQkElODYlRTglQTclQTMlRTUlODglQjBpaiVFOCVCRSVCRSVFNyU5MyVBNiVFNCVCQSU4NiVFOCVBNyVBMyVFNSU4OCVCMGlqJUU4JUJFJUJFJUU3JTkzJUE2JUU0JUJBJTg2JUU4JUE3JUEzJUU1JTg4JUIwaWolRTglQkUlQkUlRTclOTMlQTYlRTQlQkElODYlRTglQTclQTMlRTUlODglQjBpaiVFOCVCRSVCRSVFNyU5MyVBNiVFNCVCQSU4NiVFOCVBNyVBMyVFNSU4OCVCMGlqJUU4JUJFJUJFJUU3JTkzJUE2JUU0JUJBJTg2JUU4JUE3JUEzJUU1JTg4JUIwaWolRTglQkUlQkUlRTclOTMlQTYlRTQlQkElODYlRTglQTclQTMlRTUlODglQjBpaiVFOCVCRSVCRSVFNyU5MyVBNiVFNCVCQSU4NiVFOCVBNyVBMyVFNSU4OCVCMGlqJUU4JUJFJUJFJUU3JTkzJUE2JUU0JUJBJTg2JUU4JUE3JUEzJUU1JTg4JUIwaWolRTglQkUlQkUlRTclOTMlQTYlRTQlQkElODYlRTglQTclQTMlRTUlODglQjBpaiVFOCVCRSVCRSVFNyU5MyVBNiVFNCVCQSU4NiVFOCVBNyVBMyVFNSU4OCVCMGlqJUU4JUJFJUJFJUU3JTkzJUE2JUU0JUJBJTg2JUU4JUE3JUEzJUU1JTg4JUIwaWolRTglQkUlQkUlRTclOTMlQTYlRTQlQkElODYlRTglQTclQTMlRTUlODglQjBpaiVFOCVCRSVCRSVFNyU5MyVBNiVFNCVCQSU4NiVFOCVBNyVBMyVFNSU4OCVCMGlqJUU4JUJFJUJFJUU3JTkzJUE2JUU0JUJBJTg2JUU4JUE3JUEzJUU1JTg4JUIwaWolRTglQkUlQkUlRTclOTMlQTYlRTQlQkElODYlRTglQTclQTMlRTUlODglQjBpaiVFOCVCRSVCRSVFNyU5MyVBNiVFNCVCQSU4NiVFOCVBNyVBMyVFNSU4OCVCMGlqJUU4JUJFJUJFJUU3JTkzJUE2JUU0JUJBJTg2JUU4JUE3JUEzJUU1JTg4JUIwaWolRTglQkUlQkUlRTclOTMlQTYlRTQlQkElODYlRTglQTclQTMlRTUlODglQjBpaiVFOCVCRSVCRSVFNyU5MyVBNiVFNCVCQSU4NiVFOCVBNyVBMyVFNSU4OCVCMGlqJUU4JUJFJUJFJUU3JTkzJUE2JUU0JUJBJTg2JUU4JUE3JUEzJUU1JTg4JUIwaWolRTglQkUlQkUlRTclOTMlQTYlRTQlQkElODYlRTglQTclQTMlRTUlODglQjBpaiVFOCVCRSVCRSVFNyU5MyVBNiVFNCVCQSU4NiVFOCVBNyVBMyVFNSU4OCVCMGlqJUU4JUJFJUJFJUU3JTkzJUE2JUU0JUJBJTg2JUU4JUE3JUEzJUU1JTg4JUIwaWolRTglQkUlQkUlRTclOTMlQTYlRTQlQkElODYlRTglQTclQTMlRTUlODglQjBpaiVFOCVCRSVCRSVFNyU5MyVBNiVFNCVCQSU4NiVFOCVBNyVBMyVFNSU4OCVCMGlqJUU4JUJFJUJFJUU3JTkzJUE2JUU0JUJBJTg2JUU4JUE3JUEzJUU1JTg4JUIwaWolRTglQkUlQkUlRTclOTMlQTYlRTQlQkElODYlRTglQTclQTMlRTUlODglQjBpaiVFOCVCRSVCRSVFNyU5MyVBNiVFNCVCQSU4NiVFOCVBNyVBMyVFNSU4OCVCMGlqJUU4JUJFJUJFJUU3JTkzJUE2JUU0JUJBJTg2JUU4JUE3JUEzJUU1JTg4JUIwaWolRTglQkUlQkUlRTclOTMlQTYlRTQlQkElODYlRTglQTclQTMlRTUlODglQjBpaiVFOCVCRSVCRSVFNyU5MyVBNiVFNCVCQSU4NiVFOCVBNyVBMyVFNSU4OCVCMGlqJUU4JUJFJUJFJUU3JTkzJUE2JUU0JUJBJTg2JUU4JUE3JUEzJUU1JTg4JUIwaWolRTglQkUlQkUlRTclOTMlQTYlRTQlQkElODYlRTglQTclQTMlRTUlODglQjBpaiVFOCVCRSVCRSVFNyU5MyVBNiVFNCVCQSU4NiVFOCVBNyVBMyVFNSU4OCVCMGlqJUU4JUJFJUJFJUU3JTkzJUE2JUU0JUJBJTg2JUU4JUE3JUEzJUU1JTg4JUIwaWolRTglQkUlQkUlRTclOTMlQTYlRTQlQkElODYlRTglQTclQTMlRTUlODglQjBpaiVFOCVCRSVCRSVFNyU5MyVBNiVFNCVCQSU4NiVFOCVBNyVBMyVFNSU4OCVCMGlqJUU4JUJFJUJFJUU3JTkzJUE2JUU0JUJBJTg2JUU4JUE3JUEzJUU1JTg4JUIwaWolRTglQkUlQkUlRTclOTMlQTYlRTQlQkElODYlRTglQTclQTMlRTUlODglQjBpaiVFOCVCRSVCRSVFNyU5MyVBNiVFNCVCQSU4NiVFOCVBNyVBMyVFNSU4OCVCMGlqJUU4JUJFJUJFJUU3JTkzJUE2JUU0JUJBJTg2JUU4JUE3JUEzJUU1JTg4JUIwaWolRTglQkUlQkUlRTclOTMlQTYlRTQlQkElODYlRTglQTclQTMlRTUlODglQjBpaiVFOCVCRSVCRSVFNyU5MyVBNiVFNCVCQSU4NiVFOCVBNyVBMyVFNSU4OCVCMGlqJUU4JUJFJUJFJUU3JTkzJUE2JUU0JUJBJTg2JUU4JUE3JUEzJUU1JTg4JUIwaWolRTglQkUlQkUlRTclOTMlQTYlRTQlQkElODYlRTglQTclQTMlRTUlODglQjBpaiVFOCVCRSVCRSVFNyU5MyVBNiVFNCVCQSU4NiVFOCVBNyVBMyVFNSU4OCVCMGlqJUU4JUJFJUJFJUU3JTkzJUE2JUU0JUJBJTg2JUU4JUE3JUEzJUU1JTg4JUIwaWolRTglQkUlQkUlRTclOTMlQTYlRTQlQkElODYlRTglQTclQTMlRTUlODglQjBpaiVFOCVCRSVCRSVFNyU5MyVBNiVFNCVCQSU4NiVFOCVBNyVBMyVFNSU4OCVCMGlqJUU4JUJFJUJFJUU3JTkzJUE2JUU0JUJBJTg2JUU4JUE3JUEzJUU1JTg4JUIwaWolRTglQkUlQkUlRTclOTMlQTYlRTQlQkElODYlRTglQTclQTMlRTUlODglQjBpaiVFOCVCRSVCRSVFNyU5MyVBNiVFNCVCQSU4NiVFOCVBNyVBMyVFNSU4OCVCMGlqJUU4JUJFJUJFJUU3JTkzJUE2JUU0JUJBJTg2JUU4JUE3JUEzJUU1JTg4JUIwaWolRTglQkUlQkUlRTclOTMlQTYlRTQlQkElODYlRTglQTclQTMlRTUlODglQjBpaiVFOCVCRSVCRSVFNyU5MyVBNiVFNCVCQSU4NiVFOCVBNyVBMyVFNSU4OCVCMGlqJUU4JUJFJUJFJUU3JTkzJUE2JUU0JUJBJTg2JUU4JUE3JUEzJUU1JTg4JUIwaWolRTglQkUlQkUlRTclOTMlQTYlRTQlQkElODYlRTglQTclQTMlRTUlODglQjBpaiVFOCVCRSVCRSVFNyU5MyVBNiVFNCVCQSU4NiVFOCVBNyVBMyVFNSU4OCVCMGlqJUU4JUJFJUJFJUU3JTkzJUE2JUU0JUJBJTg2JUU4JUE3JUEzJUU1JTg4JUIwaWolRTglQkUlQkUlRTclOTMlQTYlRTQlQkElODYlRTglQTclQTMlRTUlODglQjBpaiVFOCVCRSVCRSVFNyU5MyVBNiVFNCVCQSU4NiVFOCVBNyVBMyVFNSU4OCVCMGlqJUU4JUJFJUJFJUU3JTkzJUE2JUU0JUJBJTg2JUU4JUE3JUEzJUU1JTg4JUIwaWolRTglQkUlQkUlRTclOTMlQTYlRTQlQkElODYlRTglQTclQTMlRTUlODglQjBpaiVFOCVCRSVCRSVFNyU5MyVBNiVFNCVCQSU4NiVFOCVBNyVBMyVFNSU4OCVCMGlqJUU4JUJFJUJFJUU3JTkzJUE2JUU0JUJBJTg2JUU4JUE3JUEzJUU1JTg4JUIwaWolRTglQkUlQkUlRTclOTMlQTYlRTQlQkElODYlRTglQTclQTMlRTUlODglQjBpaiVFOCVCRSVCRSVFNyU5MyVBNiVFNCVCQSU4NiVFOCVBNyVBMyVFNSU4OCVCMGlqJUU4JUJFJUJFJUU3JTkzJUE2JUU0JUJBJTg2JUU4JUE3JUEzJUU1JTg4JUIwaWolRTglQkUlQkUlRTclOTMlQTYlRTQlQkElODYlRTglQTclQTMlRTUlODglQjBpaiVFOCVCRSVCRSVFNyU5MyVBNiVFNCVCQSU4NiVFOCVBNyVBMyVFNSU4OCVCMGlqJUU4JUJFJUJFJUU3JTkzJUE2JUU0JUJBJTg2JUU4JUE3JUEzJUU1JTg4JUIwaWolRTglQkUlQkUlRTclOTMlQTYlRTQlQkElODYlRTglQTclQTMlRTUlODglQjBpaiVFOCVCRSVCRSVFNyU5MyVBNiVFNCVCQSU4NiVFOCVBNyVBMyVFNSU4OCVCMGlqJUU4JUJFJUJFJUU3JTkzJUE2JUU0JUJBJTg2JUU4JUE3JUEzJUU1JTg4JUIwaWolRTglQkUlQkUlRTclOTMlQTYlRTQlQkElODYlRTglQTclQTMlRTUlODglQjBpaiVFOCVCRSVCRSVFNyU5MyVBNiVFNCVCQSU4NiVFOCVBNyVBMyVFNSU4OCVCMGlqJUU4JUJFJUJFJUU3JTkzJUE2JUU0JUJBJTg2JUU4JUE3JUEzJUU1JTg4JUIwaWolRTglQkUlQkUlRTclOTMlQTYlRTQlQkElODYlRTglQTclQTMlRTUlODglQjBpaiVFOCVCRSVCRSVFNyU5MyVBNiVFNCVCQSU4NiVFOCVBNyVBMyVFNSU4OCVCMGlqJUU4JUJFJUJFJUU3JTkzJUE2JUU0JUJBJTg2JUU4JUE3JUEzJUU1JTg4JUIwaWolRTglQkUlQkUlRTclOTMlQTYlRTQlQkElODYlRTglQTclQTMlRTUlODglQjBpaiVFOCVCRSVCRSVFNyU5MyVBNiVFNCVCQSU4NiVFOCVBNyVBMyVFNSU4OCVCMGlqJUU4JUJFJUJFJUU3JTkzJUE2JUU0JUJBJTg2JUU4JUE3JUEzJUU1JTg4JUIwaWolRTglQkUlQkUlRTclOTMlQTYlRTQlQkElODYlRTglQTclQTMlRTUlODglQjBpaiVFOCVCRSVCRSVFNyU5MyVBNiVFNCVCQSU4NiVFOCVBNyVBMyVFNSU4OCVCMGlqJUU4JUJFJUJFJUU3JTkzJUE2JUU0JUJBJTg2JUU4JUE3JUEzJUU1JTg4JUIwaWolRTglQkUlQkUlRTclOTMlQTYlRTQlQkElODYlRTglQTclQTMlRTUlODglQjBpaiVFOCVCRSVCRSVFNyU5MyVBNiVFNCVCQSU4NiVFOCVBNyVBMyVFNSU4OCVCMGlqJUU4JUJFJUJFJUU3JTkzJUE2JUU0JUJBJTg2JUU4JUE3JUEzJUU1JTg4JUIwaWolRTglQkUlQkUlRTclOTMlQTYlRTQlQkElODYlRTglQTclQTMlRTUlODglQjBpaiVFOCVCRSVCRSVFNyU5MyVBNiVFNCVCQSU4NiVFOCVBNyVBMyVFNSU4OCVCMGlqJUU4JUJFJUJFJUU3JTkzJUE2JUU0JUJBJTg2JUU4JUE3JUEzJUU1JTg4JUIwaWolRTglQkUlQkUlRTclOTMlQTYlRTQlQkElODYlRTglQTclQTMlRTUlODglQjBpaiVFOCVCRSVCRSVFNyU5MyVBNiVFNCVCQSU4NiVFOCVBNyVBMyVFNSU4OCVCMGlqJUU4JUJFJUJFJUU3JTkzJUE2JUU0JUJBJTg2JUU4JUE3JUEzJUU1JTg4JUIwaWolRTglQkUlQkUlRTclOTMlQTYlRTQlQkElODYlRTglQTclQTMlRTUlODglQjBpaiVFOCVCRSVCRSVFNyU5MyVBNiVFNCVCQSU4NiVFOCVBNyVBMyVFNSU4OCVCMGlqJUU4JUJFJUJFJUU3JTkzJUE2JUU0JUJBJTg2JUU4JUE3JUEzJUU1JTg4JUIwaWolRTglQkUlQkUlRTclOTMlQTYlRTQlQkElODYlRTglQTclQTMlRTUlODglQjBpaiVFOCVCRSVCRSVFNyU5MyVBNiVFNCVCQSU4NiVFOCVBNyVBMyVFNSU4OCVCMGlqJUU4JUJFJUJFJUU3JTkzJUE2JUU0JUJBJTg2JUU4JUE3JUEzJUU1JTg4JUIwaWolRTglQkUlQkUlRTclOTMlQTYlRTQlQkElODYlRTglQTclQTMlRTUlODglQjBpaiVFOCVCRSVCRSVFNyU5MyVBNiVFNCVCQSU4NiVFOCVBNyVBMyVFNSU4OCVCMGlqJUU4JUJFJUJFJUU3JTkzJUE2JUU0JUJBJTg2JUU4JUE3JUEzJUU1JTg4JUIwaWolRTglQkUlQkUlRTclOTMlQTYlRTQlQkElODYlRTglQTclQTMlRTUlODglQjBpaiVFOCVCRSVCRSVFNyU5MyVBNiVFNCVCQSU4NiVFOCVBNyVBMyVFNSU4OCVCMGlqJUU4JUJFJUJFJUU3JTkzJUE2JUU0JUJBJTg2JUU4JUE3JUEzJUU1JTg4JUIwaWolRTglQkUlQkUlRTclOTMlQTYlRTQlQkElODYlRTglQTclQTMlRTUlODglQjBpaiVFOCVCRSVCRSVFNyU5MyVBNiVFNCVCQSU4NiVFOCVBNyVBMyVFNSU4OCVCMGlqJUU4JUJFJUJFJUU3JTkzJUE2JUU0JUJBJTg2JUU4JUE3JUEzJUU1JTg4JUIwaWolRTglQkUlQkUlRTclOTMlQTYlRTQlQkElODYlRTglQTclQTMlRTUlODglQjBpaiVFOCVCRSVCRSVFNyU5MyVBNiVFNCVCQSU4NiVFOCVBNyVBMyVFNSU4OCVCMGlqJUU4JUJFJUJFJUU3JTkzJUE2JUU0JUJBJTg2JUU4JUE3JUEzJUU1JTg4JUIwaWolRTglQkUlQkUlRTclOTMlQTYlRTQlQkElODYlRTglQTclQTMlRTUlODglQjBpaiVFOCVCRSVCRSVFNyU5MyVBNiVFNCVCQSU4NiVFOCVBNyVBMyVFNSU4OCVCMGlqJUU4JUJFJUJFJUU3JTkzJUE2JUU0JUJBJTg2JUU4JUE3JUEzJUU1JTg4JUIwaWolRTglQkUlQkUlRTclOTMlQTYlRTQlQkElODYlRTglQTclQTMlRTUlODglQjBpaiVFOCVCRSVCRSVFNyU5MyVBNiVFNCVCQSU4NiVFOCVBNyVBMyVFNSU4OCVCMGlqJUU4JUJFJUJFJUU3JTkzJUE2JUU0JUJBJTg2JUU4JUE3JUEzJUU1JTg4JUIwaWolRTglQkUlQkUlRTclOTMlQTYlRTQlQkElODYlRTglQTclQTMlRTUlODglQjBpaiVFOCVCRSVCRSVFNyU5MyVBNiVFNCVCQSU4NiVFOCVBNyVBMyVFNSU4OCVCMGlqJUU4JUJFJUJFJUU3JTkzJUE2JUU0JUJBJTg2JUU4JUE3JUEzJUU1JTg4JUIwaWolRTglQkUlQkUlRTclOTMlQTYlRTQlQkElODYlRTglQTclQTMlRTUlODglQjBpaiVFOCVCRSVCRSVFNyU5MyVBNiVFNCVCQSU4NiVFOCVBNyVBMyVFNSU4OCVCMGlqJUU4JUJFJUJFJUU3JTkzJUE2JUU0JUJBJTg2JUU4JUE3JUEzJUU1JTg4JUIwaWolRTglQkUlQkUlRTclOTMlQTYlRTQlQkElODYlRTglQTclQTMlRTUlODglQjBpaiVFOCVCRSVCRSVFNyU5MyVBNiVFNCVCQSU4NiVFOCVBNyVBMyVFNSU4OCVCMGlqJUU4JUJFJUJFJUU3JTkzJUE2JUU0JUJBJTg2JUU4JUE3JUEzJUU1JTg4JUIwaWolRTglQkUlQkUlRTclOTMlQTYlRTQlQkElODYlRTglQTclQTMlRTUlODglQjBpaiVFOCVCRSVCRSVFNyU5MyVBNiVFNCVCQSU4NiVFOCVBNyVBMyVFNSU4OCVCMGlqJUU4JUJFJUJFJUU3JTkzJUE2JUU0JUJBJTg2JUU4JUE3JUEzJUU1JTg4JUIwaWolRTglQkUlQkUlRTclOTMlQTYlRTQlQkElODYlRTglQTclQTMlRTUlODglQjBpaiVFOCVCRSVCRSVFNyU5MyVBNiVFNCVCQSU4NiVFOCVBNyVBMyVFNSU4OCVCMGlqJUU4JUJFJUJFJUU3JTkzJUE2JUU0JUJBJTg2JUU4JUE3JUEzJUU1JTg4JUIwaWolRTglQkUlQkUlRTclOTMlQTYlRTQlQkElODYlRTglQTclQTMlRTUlODglQjBpaiVFOCVCRSVCRSVFNyU5MyVBNiVFNCVCQSU4NiVFOCVBNyVBMyVFNSU4OCVCMGlqJUU4JUJFJUJFJUU3JTkzJUE2JUU0JUJBJTg2JUU4JUE3JUEzJUU1JTg4JUIwaWolRTglQkUlQkUlRTclOTMlQTYlRTQlQkElODYlRTglQTclQTMlRTUlODglQjBpaiVFOCVCRSVCRSVFNyU5MyVBNiVFNCVCQSU4NiVFOCVBNyVBMyVFNSU4OCVCMGlqJUU4JUJFJUJFJUU3JTkzJUE2JUU0JUJBJTg2JUU4JUE3JUEzJUU1JTg4JUIwaWolRTglQkUlQkUlRTclOTMlQTYlRTQlQkElODYlRTglQTclQTMlRTUlODglQjBpaiVFOCVCRSVCRSVFNyU5MyVBNiVFNCVCQSU4NiVFOCVBNyVBMyVFNSU4OCVCMGlqJUU4JUJFJUJFJUU3JTkzJUE2JUU0JUJBJTg2JUU4JUE3JUEzJUU1JTg4JUIwaWolRTglQkUlQkUlRTclOTMlQTYlRTQlQkElODYlRTglQTclQTMlRTUlODglQjBpaiVFOCVCRSVCRSVFNyU5MyVBNiVFNCVCQSU4NiVFOCVBNyVBMyVFNSU4OCVCMGlqJUU4JUJFJUJFJUU3JTkzJUE2JUU0JUJBJTg2JUU4JUE3JUEzJUU1JTg4JUIwaWolRTglQkUlQkUlRTclOTMlQTYlRTQlQkElODYlRTglQTclQTMlRTUlODglQjBpaiVFOCVCRSVCRSVFNyU5MyVBNiVFNCVCQSU4NiVFOCVBNyVBMyVFNSU4OCVCMGlqJUU4JUJFJUJFJUU3JTkzJUE2JUU0JUJBJTg2JUU4JUE3JUEzJUU1JTg4JUIwaWolRTglQkUlQkUlRTclOTMlQTYlRTQlQkElODYlRTglQTclQTMlRTUlODglQjBpaiVFOCVCRSVCRSVFNyU5MyVBNiVFNCVCQSU4NiVFOCVBNyVBMyVFNSU4OCVCMGlqJUU4JUJFJUJFJUU3JTkzJUE2JUU0JUJBJTg2JUU4JUE3JUEzJUU1JTg4JUIwaWolRTglQkUlQkUlRTclOTMlQTYlRTQlQkElODYlRTglQTclQTMlRTUlODglQjBpaiVFOCVCRSVCRSVFNyU5MyVBNiVFNCVCQSU4NiVFOCVBNyVBMyVFNSU4OCVCMGlqJUU4JUJFJUJFJUU3JTkzJUE2JUU0JUJBJTg2JUU4JUE3JUEzJUU1JTg4JUIwaWolRTglQkUlQkUlRTclOTMlQTYlRTQlQkElODYlRTglQTclQTMlRTUlODglQjBpaiVFOCVCRSVCRSVFNyU5MyVBNiVFNCVCQSU4NiVFOCVBNyVBMyVFNSU4OCVCMGlqJUU4JUJFJUJFJUU3JTkzJUE2JUU0JUJBJTg2JUU4JUE3JUEzJUU1JTg4JUIwaWolRTglQkUlQkUlRTclOTMlQTYlRTQlQkElODYlRTglQTclQTMlRTUlODglQjBpaiVFOCVCRSVCRSVFNyU5MyVBNiVFNCVCQSU4NiVFOCVBNyVBMyVFNSU4OCVCMGlqJUU4JUJFJUJFJUU3JTkzJUE2JUU0JUJBJTg2JUU4JUE3JUEzJUU1JTg4JUIwaWolRTglQkUlQkUlRTclOTMlQTYlRTQlQkElODYlRTglQTclQTMlRTUlODglQjBpaiVFOCVCRSVCRSVFNyU5MyVBNiVFNCVCQSU4NiVFOCVBNyVBMyVFNSU4OCVCMGlqJUU4JUJFJUJFJUU3JTkzJUE2JUU0JUJBJTg2JUU4JUE3JUEzJUU1JTg4JUIwaWolRTglQkUlQkUlRTclOTMlQTYlRTQlQkElODYlRTglQTclQTMlRTUlODglQjBpaiVFOCVCRSVCRSVFNyU5MyVBNiVFNCVCQSU4NiVFOCVBNyVBMyVFNSU4OCVCMGlqJUU4JUJFJUJFJUU3JTkzJUE2JUU0JUJBJTg2JUU4JUE3JUEzJUU1JTg4JUIwaWolRTglQkUlQkUlRTclOTMlQTYlRTQlQkElODYlRTglQTclQTMlRTUlODglQjBpaiVFOCVCRSVCRSVFNyU5MyVBNiVFNCVCQSU4NiVFOCVBNyVBMyVFNSU4OCVCMGlqJUU4JUJFJUJFJUU3JTkzJUE2JUU0JUJBJTg2JUU4JUE3JUEzJUU1JTg4JUIwaWolRTglQkUlQkUlRTclOTMlQTYlRTQlQkElODYlRTglQTclQTMlRTUlODglQjBpaiVFOCVCRSVCRSVFNyU5MyVBNiVFNCVCQSU4NiVFOCVBNyVBMyVFNSU4OCVCMGlqJUU4JUJFJUJFJUU3JTkzJUE2JUU0JUJBJTg2JUU4JUE3JUEzJUU1JTg4JUIwaWolRTglQkUlQkUlRTclOTMlQTYlRTQlQkElODYlRTglQTclQTMlRTUlODglQjBpaiVFOCVCRSVCRSVFNyU5MyVBNiVFNCVCQSU4NiVFOCVBNyVBMyVFNSU4OCVCMGlqJUU4JUJFJUJFJUU3JTkzJUE2JUU0JUJBJTg2JUU4JUE3JUEzJUU1JTg4JUIwaWolRTglQkUlQkUlRTclOTMlQTYlRTQlQkElODYlRTglQTclQTMlRTUlODglQjBpaiVFOCVCRSVCRSVFNyU5MyVBNiVFNCVCQSU4NiVFOCVBNyVBMyVFNSU4OCVCMGlqJUU4JUJFJUJFJUU3JTkzJUE2JUU0JUJBJTg2JUU4JUE3JUEzJUU1JTg4JUIwaWolRTglQkUlQkUlRTclOTMlQTYlRTQlQkElODYlRTglQTclQTMlRTUlODglQjBpaiVFOCVCRSVCRSVFNyU5MyVBNiVFNCVCQSU4NiVFOCVBNyVBMyVFNSU4OCVCMGlqJTNDJTJGcCUzRQ==', 0)
GO
INSERT [dbo].[News] ([New_id], [New_content], [New_Show]) VALUES (92, N'JTNDcCUzRSVFOCVCRSVCRSVFNyU5MyVBNiVFNCVCQSU4NiVFOCVBNyVBMyVFNSU4OCVCMGlqJUU4JUJFJUJFJUU3JTkzJUE2JUU0JUJBJTg2JUU4JUE3JUEzJUU1JTg4JUIwaWolRTglQkUlQkUlRTclOTMlQTYlRTQlQkElODYlRTglQTclQTMlRTUlODglQjBpaiVFOCVCRSVCRSVFNyU5MyVBNiVFNCVCQSU4NiVFOCVBNyVBMyVFNSU4OCVCMGlqJUU4JUJFJUJFJUU3JTkzJUE2JUU0JUJBJTg2JUU4JUE3JUEzJUU1JTg4JUIwaWolRTglQkUlQkUlRTclOTMlQTYlRTQlQkElODYlRTglQTclQTMlRTUlODglQjBpaiVFOCVCRSVCRSVFNyU5MyVBNiVFNCVCQSU4NiVFOCVBNyVBMyVFNSU4OCVCMGlqJUU4JUJFJUJFJUU3JTkzJUE2JUU0JUJBJTg2JUU4JUE3JUEzJUU1JTg4JUIwaWolRTglQkUlQkUlRTclOTMlQTYlRTQlQkElODYlRTglQTclQTMlRTUlODglQjBpaiVFOCVCRSVCRSVFNyU5MyVBNiVFNCVCQSU4NiVFOCVBNyVBMyVFNSU4OCVCMGlqJUU4JUJFJUJFJUU3JTkzJUE2JUU0JUJBJTg2JUU4JUE3JUEzJUU1JTg4JUIwaWolRTglQkUlQkUlRTclOTMlQTYlRTQlQkElODYlRTglQTclQTMlRTUlODglQjBpaiVFOCVCRSVCRSVFNyU5MyVBNiVFNCVCQSU4NiVFOCVBNyVBMyVFNSU4OCVCMGlqJUU4JUJFJUJFJUU3JTkzJUE2JUU0JUJBJTg2JUU4JUE3JUEzJUU1JTg4JUIwaWolRTglQkUlQkUlRTclOTMlQTYlRTQlQkElODYlRTglQTclQTMlRTUlODglQjBpaiVFOCVCRSVCRSVFNyU5MyVBNiVFNCVCQSU4NiVFOCVBNyVBMyVFNSU4OCVCMGlqJUU4JUJFJUJFJUU3JTkzJUE2JUU0JUJBJTg2JUU4JUE3JUEzJUU1JTg4JUIwaWolRTglQkUlQkUlRTclOTMlQTYlRTQlQkElODYlRTglQTclQTMlRTUlODglQjBpaiVFOCVCRSVCRSVFNyU5MyVBNiVFNCVCQSU4NiVFOCVBNyVBMyVFNSU4OCVCMGlqJUU4JUJFJUJFJUU3JTkzJUE2JUU0JUJBJTg2JUU4JUE3JUEzJUU1JTg4JUIwaWolRTglQkUlQkUlRTclOTMlQTYlRTQlQkElODYlRTglQTclQTMlRTUlODglQjBpaiVFOCVCRSVCRSVFNyU5MyVBNiVFNCVCQSU4NiVFOCVBNyVBMyVFNSU4OCVCMGlqJUU4JUJFJUJFJUU3JTkzJUE2JUU0JUJBJTg2JUU4JUE3JUEzJUU1JTg4JUIwaWolRTglQkUlQkUlRTclOTMlQTYlRTQlQkElODYlRTglQTclQTMlRTUlODglQjBpaiVFOCVCRSVCRSVFNyU5MyVBNiVFNCVCQSU4NiVFOCVBNyVBMyVFNSU4OCVCMGlqJUU4JUJFJUJFJUU3JTkzJUE2JUU0JUJBJTg2JUU4JUE3JUEzJUU1JTg4JUIwaWolRTglQkUlQkUlRTclOTMlQTYlRTQlQkElODYlRTglQTclQTMlRTUlODglQjBpaiVFOCVCRSVCRSVFNyU5MyVBNiVFNCVCQSU4NiVFOCVBNyVBMyVFNSU4OCVCMGlqJUU4JUJFJUJFJUU3JTkzJUE2JUU0JUJBJTg2JUU4JUE3JUEzJUU1JTg4JUIwaWolRTglQkUlQkUlRTclOTMlQTYlRTQlQkElODYlRTglQTclQTMlRTUlODglQjBpaiVFOCVCRSVCRSVFNyU5MyVBNiVFNCVCQSU4NiVFOCVBNyVBMyVFNSU4OCVCMGlqJUU4JUJFJUJFJUU3JTkzJUE2JUU0JUJBJTg2JUU4JUE3JUEzJUU1JTg4JUIwaWolRTglQkUlQkUlRTclOTMlQTYlRTQlQkElODYlRTglQTclQTMlRTUlODglQjBpaiVFOCVCRSVCRSVFNyU5MyVBNiVFNCVCQSU4NiVFOCVBNyVBMyVFNSU4OCVCMGlqJUU4JUJFJUJFJUU3JTkzJUE2JUU0JUJBJTg2JUU4JUE3JUEzJUU1JTg4JUIwaWolRTglQkUlQkUlRTclOTMlQTYlRTQlQkElODYlRTglQTclQTMlRTUlODglQjBpaiVFOCVCRSVCRSVFNyU5MyVBNiVFNCVCQSU4NiVFOCVBNyVBMyVFNSU4OCVCMGlqJUU4JUJFJUJFJUU3JTkzJUE2JUU0JUJBJTg2JUU4JUE3JUEzJUU1JTg4JUIwaWolRTglQkUlQkUlRTclOTMlQTYlRTQlQkElODYlRTglQTclQTMlRTUlODglQjBpaiVFOCVCRSVCRSVFNyU5MyVBNiVFNCVCQSU4NiVFOCVBNyVBMyVFNSU4OCVCMGlqJUU4JUJFJUJFJUU3JTkzJUE2JUU0JUJBJTg2JUU4JUE3JUEzJUU1JTg4JUIwaWolRTglQkUlQkUlRTclOTMlQTYlRTQlQkElODYlRTglQTclQTMlRTUlODglQjBpaiVFOCVCRSVCRSVFNyU5MyVBNiVFNCVCQSU4NiVFOCVBNyVBMyVFNSU4OCVCMGlqJUU4JUJFJUJFJUU3JTkzJUE2JUU0JUJBJTg2JUU4JUE3JUEzJUU1JTg4JUIwaWolRTglQkUlQkUlRTclOTMlQTYlRTQlQkElODYlRTglQTclQTMlRTUlODglQjBpaiVFOCVCRSVCRSVFNyU5MyVBNiVFNCVCQSU4NiVFOCVBNyVBMyVFNSU4OCVCMGlqJUU4JUJFJUJFJUU3JTkzJUE2JUU0JUJBJTg2JUU4JUE3JUEzJUU1JTg4JUIwaWolRTglQkUlQkUlRTclOTMlQTYlRTQlQkElODYlRTglQTclQTMlRTUlODglQjBpaiVFOCVCRSVCRSVFNyU5MyVBNiVFNCVCQSU4NiVFOCVBNyVBMyVFNSU4OCVCMGlqJUU4JUJFJUJFJUU3JTkzJUE2JUU0JUJBJTg2JUU4JUE3JUEzJUU1JTg4JUIwaWolRTglQkUlQkUlRTclOTMlQTYlRTQlQkElODYlRTglQTclQTMlRTUlODglQjBpaiVFOCVCRSVCRSVFNyU5MyVBNiVFNCVCQSU4NiVFOCVBNyVBMyVFNSU4OCVCMGlqJUU4JUJFJUJFJUU3JTkzJUE2JUU0JUJBJTg2JUU4JUE3JUEzJUU1JTg4JUIwaWolRTglQkUlQkUlRTclOTMlQTYlRTQlQkElODYlRTglQTclQTMlRTUlODglQjBpaiVFOCVCRSVCRSVFNyU5MyVBNiVFNCVCQSU4NiVFOCVBNyVBMyVFNSU4OCVCMGlqJUU4JUJFJUJFJUU3JTkzJUE2JUU0JUJBJTg2JUU4JUE3JUEzJUU1JTg4JUIwaWolRTglQkUlQkUlRTclOTMlQTYlRTQlQkElODYlRTglQTclQTMlRTUlODglQjBpaiVFOCVCRSVCRSVFNyU5MyVBNiVFNCVCQSU4NiVFOCVBNyVBMyVFNSU4OCVCMGlqJUU4JUJFJUJFJUU3JTkzJUE2JUU0JUJBJTg2JUU4JUE3JUEzJUU1JTg4JUIwaWolRTglQkUlQkUlRTclOTMlQTYlRTQlQkElODYlRTglQTclQTMlRTUlODglQjBpaiVFOCVCRSVCRSVFNyU5MyVBNiVFNCVCQSU4NiVFOCVBNyVBMyVFNSU4OCVCMGlqJUU4JUJFJUJFJUU3JTkzJUE2JUU0JUJBJTg2JUU4JUE3JUEzJUU1JTg4JUIwaWolRTglQkUlQkUlRTclOTMlQTYlRTQlQkElODYlRTglQTclQTMlRTUlODglQjBpaiVFOCVCRSVCRSVFNyU5MyVBNiVFNCVCQSU4NiVFOCVBNyVBMyVFNSU4OCVCMGlqJUU4JUJFJUJFJUU3JTkzJUE2JUU0JUJBJTg2JUU4JUE3JUEzJUU1JTg4JUIwaWolRTglQkUlQkUlRTclOTMlQTYlRTQlQkElODYlRTglQTclQTMlRTUlODglQjBpaiVFOCVCRSVCRSVFNyU5MyVBNiVFNCVCQSU4NiVFOCVBNyVBMyVFNSU4OCVCMGlqJUU4JUJFJUJFJUU3JTkzJUE2JUU0JUJBJTg2JUU4JUE3JUEzJUU1JTg4JUIwaWolRTglQkUlQkUlRTclOTMlQTYlRTQlQkElODYlRTglQTclQTMlRTUlODglQjBpaiVFOCVCRSVCRSVFNyU5MyVBNiVFNCVCQSU4NiVFOCVBNyVBMyVFNSU4OCVCMGlqJUU4JUJFJUJFJUU3JTkzJUE2JUU0JUJBJTg2JUU4JUE3JUEzJUU1JTg4JUIwaWolRTglQkUlQkUlRTclOTMlQTYlRTQlQkElODYlRTglQTclQTMlRTUlODglQjBpaiVFOCVCRSVCRSVFNyU5MyVBNiVFNCVCQSU4NiVFOCVBNyVBMyVFNSU4OCVCMGlqJUU4JUJFJUJFJUU3JTkzJUE2JUU0JUJBJTg2JUU4JUE3JUEzJUU1JTg4JUIwaWolRTglQkUlQkUlRTclOTMlQTYlRTQlQkElODYlRTglQTclQTMlRTUlODglQjBpaiVFOCVCRSVCRSVFNyU5MyVBNiVFNCVCQSU4NiVFOCVBNyVBMyVFNSU4OCVCMGlqJUU4JUJFJUJFJUU3JTkzJUE2JUU0JUJBJTg2JUU4JUE3JUEzJUU1JTg4JUIwaWolRTglQkUlQkUlRTclOTMlQTYlRTQlQkElODYlRTglQTclQTMlRTUlODglQjBpaiVFOCVCRSVCRSVFNyU5MyVBNiVFNCVCQSU4NiVFOCVBNyVBMyVFNSU4OCVCMGlqJUU4JUJFJUJFJUU3JTkzJUE2JUU0JUJBJTg2JUU4JUE3JUEzJUU1JTg4JUIwaWolRTglQkUlQkUlRTclOTMlQTYlRTQlQkElODYlRTglQTclQTMlRTUlODglQjBpaiVFOCVCRSVCRSVFNyU5MyVBNiVFNCVCQSU4NiVFOCVBNyVBMyVFNSU4OCVCMGlqJUU4JUJFJUJFJUU3JTkzJUE2JUU0JUJBJTg2JUU4JUE3JUEzJUU1JTg4JUIwaWolRTglQkUlQkUlRTclOTMlQTYlRTQlQkElODYlRTglQTclQTMlRTUlODglQjBpaiVFOCVCRSVCRSVFNyU5MyVBNiVFNCVCQSU4NiVFOCVBNyVBMyVFNSU4OCVCMGlqJUU4JUJFJUJFJUU3JTkzJUE2JUU0JUJBJTg2JUU4JUE3JUEzJUU1JTg4JUIwaWolRTglQkUlQkUlRTclOTMlQTYlRTQlQkElODYlRTglQTclQTMlRTUlODglQjBpaiVFOCVCRSVCRSVFNyU5MyVBNiVFNCVCQSU4NiVFOCVBNyVBMyVFNSU4OCVCMGlqJUU4JUJFJUJFJUU3JTkzJUE2JUU0JUJBJTg2JUU4JUE3JUEzJUU1JTg4JUIwaWolRTglQkUlQkUlRTclOTMlQTYlRTQlQkElODYlRTglQTclQTMlRTUlODglQjBpaiVFOCVCRSVCRSVFNyU5MyVBNiVFNCVCQSU4NiVFOCVBNyVBMyVFNSU4OCVCMGlqJUU4JUJFJUJFJUU3JTkzJUE2JUU0JUJBJTg2JUU4JUE3JUEzJUU1JTg4JUIwaWolRTglQkUlQkUlRTclOTMlQTYlRTQlQkElODYlRTglQTclQTMlRTUlODglQjBpaiVFOCVCRSVCRSVFNyU5MyVBNiVFNCVCQSU4NiVFOCVBNyVBMyVFNSU4OCVCMGlqJUU4JUJFJUJFJUU3JTkzJUE2JUU0JUJBJTg2JUU4JUE3JUEzJUU1JTg4JUIwaWolRTglQkUlQkUlRTclOTMlQTYlRTQlQkElODYlRTglQTclQTMlRTUlODglQjBpaiVFOCVCRSVCRSVFNyU5MyVBNiVFNCVCQSU4NiVFOCVBNyVBMyVFNSU4OCVCMGlqJUU4JUJFJUJFJUU3JTkzJUE2JUU0JUJBJTg2JUU4JUE3JUEzJUU1JTg4JUIwaWolRTglQkUlQkUlRTclOTMlQTYlRTQlQkElODYlRTglQTclQTMlRTUlODglQjBpaiVFOCVCRSVCRSVFNyU5MyVBNiVFNCVCQSU4NiVFOCVBNyVBMyVFNSU4OCVCMGlqJUU4JUJFJUJFJUU3JTkzJUE2JUU0JUJBJTg2JUU4JUE3JUEzJUU1JTg4JUIwaWolRTglQkUlQkUlRTclOTMlQTYlRTQlQkElODYlRTglQTclQTMlRTUlODglQjBpaiVFOCVCRSVCRSVFNyU5MyVBNiVFNCVCQSU4NiVFOCVBNyVBMyVFNSU4OCVCMGlqJUU4JUJFJUJFJUU3JTkzJUE2JUU0JUJBJTg2JUU4JUE3JUEzJUU1JTg4JUIwaWolRTglQkUlQkUlRTclOTMlQTYlRTQlQkElODYlRTglQTclQTMlRTUlODglQjBpaiVFOCVCRSVCRSVFNyU5MyVBNiVFNCVCQSU4NiVFOCVBNyVBMyVFNSU4OCVCMGlqJUU4JUJFJUJFJUU3JTkzJUE2JUU0JUJBJTg2JUU4JUE3JUEzJUU1JTg4JUIwaWolRTglQkUlQkUlRTclOTMlQTYlRTQlQkElODYlRTglQTclQTMlRTUlODglQjBpaiVFOCVCRSVCRSVFNyU5MyVBNiVFNCVCQSU4NiVFOCVBNyVBMyVFNSU4OCVCMGlqJUU4JUJFJUJFJUU3JTkzJUE2JUU0JUJBJTg2JUU4JUE3JUEzJUU1JTg4JUIwaWolRTglQkUlQkUlRTclOTMlQTYlRTQlQkElODYlRTglQTclQTMlRTUlODglQjBpaiVFOCVCRSVCRSVFNyU5MyVBNiVFNCVCQSU4NiVFOCVBNyVBMyVFNSU4OCVCMGlqJUU4JUJFJUJFJUU3JTkzJUE2JUU0JUJBJTg2JUU4JUE3JUEzJUU1JTg4JUIwaWolRTglQkUlQkUlRTclOTMlQTYlRTQlQkElODYlRTglQTclQTMlRTUlODglQjBpaiVFOCVCRSVCRSVFNyU5MyVBNiVFNCVCQSU4NiVFOCVBNyVBMyVFNSU4OCVCMGlqJUU4JUJFJUJFJUU3JTkzJUE2JUU0JUJBJTg2JUU4JUE3JUEzJUU1JTg4JUIwaWolRTglQkUlQkUlRTclOTMlQTYlRTQlQkElODYlRTglQTclQTMlRTUlODglQjBpaiVFOCVCRSVCRSVFNyU5MyVBNiVFNCVCQSU4NiVFOCVBNyVBMyVFNSU4OCVCMGlqJUU4JUJFJUJFJUU3JTkzJUE2JUU0JUJBJTg2JUU4JUE3JUEzJUU1JTg4JUIwaWolRTglQkUlQkUlRTclOTMlQTYlRTQlQkElODYlRTglQTclQTMlRTUlODglQjBpaiVFOCVCRSVCRSVFNyU5MyVBNiVFNCVCQSU4NiVFOCVBNyVBMyVFNSU4OCVCMGlqJUU4JUJFJUJFJUU3JTkzJUE2JUU0JUJBJTg2JUU4JUE3JUEzJUU1JTg4JUIwaWolRTglQkUlQkUlRTclOTMlQTYlRTQlQkElODYlRTglQTclQTMlRTUlODglQjBpaiVFOCVCRSVCRSVFNyU5MyVBNiVFNCVCQSU4NiVFOCVBNyVBMyVFNSU4OCVCMGlqJUU4JUJFJUJFJUU3JTkzJUE2JUU0JUJBJTg2JUU4JUE3JUEzJUU1JTg4JUIwaWolRTglQkUlQkUlRTclOTMlQTYlRTQlQkElODYlRTglQTclQTMlRTUlODglQjBpaiVFOCVCRSVCRSVFNyU5MyVBNiVFNCVCQSU4NiVFOCVBNyVBMyVFNSU4OCVCMGlqJUU4JUJFJUJFJUU3JTkzJUE2JUU0JUJBJTg2JUU4JUE3JUEzJUU1JTg4JUIwaWolRTglQkUlQkUlRTclOTMlQTYlRTQlQkElODYlRTglQTclQTMlRTUlODglQjBpaiVFOCVCRSVCRSVFNyU5MyVBNiVFNCVCQSU4NiVFOCVBNyVBMyVFNSU4OCVCMGlqJUU4JUJFJUJFJUU3JTkzJUE2JUU0JUJBJTg2JUU4JUE3JUEzJUU1JTg4JUIwaWolRTglQkUlQkUlRTclOTMlQTYlRTQlQkElODYlRTglQTclQTMlRTUlODglQjBpaiVFOCVCRSVCRSVFNyU5MyVBNiVFNCVCQSU4NiVFOCVBNyVBMyVFNSU4OCVCMGlqJUU4JUJFJUJFJUU3JTkzJUE2JUU0JUJBJTg2JUU4JUE3JUEzJUU1JTg4JUIwaWolRTglQkUlQkUlRTclOTMlQTYlRTQlQkElODYlRTglQTclQTMlRTUlODglQjBpaiVFOCVCRSVCRSVFNyU5MyVBNiVFNCVCQSU4NiVFOCVBNyVBMyVFNSU4OCVCMGlqJUU4JUJFJUJFJUU3JTkzJUE2JUU0JUJBJTg2JUU4JUE3JUEzJUU1JTg4JUIwaWolRTglQkUlQkUlRTclOTMlQTYlRTQlQkElODYlRTglQTclQTMlRTUlODglQjBpaiVFOCVCRSVCRSVFNyU5MyVBNiVFNCVCQSU4NiVFOCVBNyVBMyVFNSU4OCVCMGlqJUU4JUJFJUJFJUU3JTkzJUE2JUU0JUJBJTg2JUU4JUE3JUEzJUU1JTg4JUIwaWolRTglQkUlQkUlRTclOTMlQTYlRTQlQkElODYlRTglQTclQTMlRTUlODglQjBpaiVFOCVCRSVCRSVFNyU5MyVBNiVFNCVCQSU4NiVFOCVBNyVBMyVFNSU4OCVCMGlqJUU4JUJFJUJFJUU3JTkzJUE2JUU0JUJBJTg2JUU4JUE3JUEzJUU1JTg4JUIwaWolRTglQkUlQkUlRTclOTMlQTYlRTQlQkElODYlRTglQTclQTMlRTUlODglQjBpaiVFOCVCRSVCRSVFNyU5MyVBNiVFNCVCQSU4NiVFOCVBNyVBMyVFNSU4OCVCMGlqJUU4JUJFJUJFJUU3JTkzJUE2JUU0JUJBJTg2JUU4JUE3JUEzJUU1JTg4JUIwaWolRTglQkUlQkUlRTclOTMlQTYlRTQlQkElODYlRTglQTclQTMlRTUlODglQjBpaiVFOCVCRSVCRSVFNyU5MyVBNiVFNCVCQSU4NiVFOCVBNyVBMyVFNSU4OCVCMGlqJUU4JUJFJUJFJUU3JTkzJUE2JUU0JUJBJTg2JUU4JUE3JUEzJUU1JTg4JUIwaWolRTglQkUlQkUlRTclOTMlQTYlRTQlQkElODYlRTglQTclQTMlRTUlODglQjBpaiVFOCVCRSVCRSVFNyU5MyVBNiVFNCVCQSU4NiVFOCVBNyVBMyVFNSU4OCVCMGlqJUU4JUJFJUJFJUU3JTkzJUE2JUU0JUJBJTg2JUU4JUE3JUEzJUU1JTg4JUIwaWolRTglQkUlQkUlRTclOTMlQTYlRTQlQkElODYlRTglQTclQTMlRTUlODglQjBpaiVFOCVCRSVCRSVFNyU5MyVBNiVFNCVCQSU4NiVFOCVBNyVBMyVFNSU4OCVCMGlqJUU4JUJFJUJFJUU3JTkzJUE2JUU0JUJBJTg2JUU4JUE3JUEzJUU1JTg4JUIwaWolRTglQkUlQkUlRTclOTMlQTYlRTQlQkElODYlRTglQTclQTMlRTUlODglQjBpaiVFOCVCRSVCRSVFNyU5MyVBNiVFNCVCQSU4NiVFOCVBNyVBMyVFNSU4OCVCMGlqJUU4JUJFJUJFJUU3JTkzJUE2JUU0JUJBJTg2JUU4JUE3JUEzJUU1JTg4JUIwaWolRTglQkUlQkUlRTclOTMlQTYlRTQlQkElODYlRTglQTclQTMlRTUlODglQjBpaiVFOCVCRSVCRSVFNyU5MyVBNiVFNCVCQSU4NiVFOCVBNyVBMyVFNSU4OCVCMGlqJUU4JUJFJUJFJUU3JTkzJUE2JUU0JUJBJTg2JUU4JUE3JUEzJUU1JTg4JUIwaWolRTglQkUlQkUlRTclOTMlQTYlRTQlQkElODYlRTglQTclQTMlRTUlODglQjBpaiVFOCVCRSVCRSVFNyU5MyVBNiVFNCVCQSU4NiVFOCVBNyVBMyVFNSU4OCVCMGlqJUU4JUJFJUJFJUU3JTkzJUE2JUU0JUJBJTg2JUU4JUE3JUEzJUU1JTg4JUIwaWolRTglQkUlQkUlRTclOTMlQTYlRTQlQkElODYlRTglQTclQTMlRTUlODglQjBpaiVFOCVCRSVCRSVFNyU5MyVBNiVFNCVCQSU4NiVFOCVBNyVBMyVFNSU4OCVCMGlqJUU4JUJFJUJFJUU3JTkzJUE2JUU0JUJBJTg2JUU4JUE3JUEzJUU1JTg4JUIwaWolRTglQkUlQkUlRTclOTMlQTYlRTQlQkElODYlRTglQTclQTMlRTUlODglQjBpaiVFOCVCRSVCRSVFNyU5MyVBNiVFNCVCQSU4NiVFOCVBNyVBMyVFNSU4OCVCMGlqJUU4JUJFJUJFJUU3JTkzJUE2JUU0JUJBJTg2JUU4JUE3JUEzJUU1JTg4JUIwaWolRTglQkUlQkUlRTclOTMlQTYlRTQlQkElODYlRTglQTclQTMlRTUlODglQjBpaiVFOCVCRSVCRSVFNyU5MyVBNiVFNCVCQSU4NiVFOCVBNyVBMyVFNSU4OCVCMGlqJUU4JUJFJUJFJUU3JTkzJUE2JUU0JUJBJTg2JUU4JUE3JUEzJUU1JTg4JUIwaWolRTglQkUlQkUlRTclOTMlQTYlRTQlQkElODYlRTglQTclQTMlRTUlODglQjBpaiVFOCVCRSVCRSVFNyU5MyVBNiVFNCVCQSU4NiVFOCVBNyVBMyVFNSU4OCVCMGlqJUU4JUJFJUJFJUU3JTkzJUE2JUU0JUJBJTg2JUU4JUE3JUEzJUU1JTg4JUIwaWolRTglQkUlQkUlRTclOTMlQTYlRTQlQkElODYlRTglQTclQTMlRTUlODglQjBpaiVFOCVCRSVCRSVFNyU5MyVBNiVFNCVCQSU4NiVFOCVBNyVBMyVFNSU4OCVCMGlqJUU4JUJFJUJFJUU3JTkzJUE2JUU0JUJBJTg2JUU4JUE3JUEzJUU1JTg4JUIwaWolRTglQkUlQkUlRTclOTMlQTYlRTQlQkElODYlRTglQTclQTMlRTUlODglQjBpaiVFOCVCRSVCRSVFNyU5MyVBNiVFNCVCQSU4NiVFOCVBNyVBMyVFNSU4OCVCMGlqJUU4JUJFJUJFJUU3JTkzJUE2JUU0JUJBJTg2JUU4JUE3JUEzJUU1JTg4JUIwaWolRTglQkUlQkUlRTclOTMlQTYlRTQlQkElODYlRTglQTclQTMlRTUlODglQjBpaiVFOCVCRSVCRSVFNyU5MyVBNiVFNCVCQSU4NiVFOCVBNyVBMyVFNSU4OCVCMGlqJUU4JUJFJUJFJUU3JTkzJUE2JUU0JUJBJTg2JUU4JUE3JUEzJUU1JTg4JUIwaWolRTglQkUlQkUlRTclOTMlQTYlRTQlQkElODYlRTglQTclQTMlRTUlODglQjBpaiVFOCVCRSVCRSVFNyU5MyVBNiVFNCVCQSU4NiVFOCVBNyVBMyVFNSU4OCVCMGlqJUU4JUJFJUJFJUU3JTkzJUE2JUU0JUJBJTg2JUU4JUE3JUEzJUU1JTg4JUIwaWolRTglQkUlQkUlRTclOTMlQTYlRTQlQkElODYlRTglQTclQTMlRTUlODglQjBpaiVFOCVCRSVCRSVFNyU5MyVBNiVFNCVCQSU4NiVFOCVBNyVBMyVFNSU4OCVCMGlqJUU4JUJFJUJFJUU3JTkzJUE2JUU0JUJBJTg2JUU4JUE3JUEzJUU1JTg4JUIwaWolRTglQkUlQkUlRTclOTMlQTYlRTQlQkElODYlRTglQTclQTMlRTUlODglQjBpaiVFOCVCRSVCRSVFNyU5MyVBNiVFNCVCQSU4NiVFOCVBNyVBMyVFNSU4OCVCMGlqJUU4JUJFJUJFJUU3JTkzJUE2JUU0JUJBJTg2JUU4JUE3JUEzJUU1JTg4JUIwaWolRTglQkUlQkUlRTclOTMlQTYlRTQlQkElODYlRTglQTclQTMlRTUlODglQjBpaiVFOCVCRSVCRSVFNyU5MyVBNiVFNCVCQSU4NiVFOCVBNyVBMyVFNSU4OCVCMGlqJUU4JUJFJUJFJUU3JTkzJUE2JUU0JUJBJTg2JUU4JUE3JUEzJUU1JTg4JUIwaWolRTglQkUlQkUlRTclOTMlQTYlRTQlQkElODYlRTglQTclQTMlRTUlODglQjBpaiVFOCVCRSVCRSVFNyU5MyVBNiVFNCVCQSU4NiVFOCVBNyVBMyVFNSU4OCVCMGlqJUU4JUJFJUJFJUU3JTkzJUE2JUU0JUJBJTg2JUU4JUE3JUEzJUU1JTg4JUIwaWolRTglQkUlQkUlRTclOTMlQTYlRTQlQkElODYlRTglQTclQTMlRTUlODglQjBpaiVFOCVCRSVCRSVFNyU5MyVBNiVFNCVCQSU4NiVFOCVBNyVBMyVFNSU4OCVCMGlqJUU4JUJFJUJFJUU3JTkzJUE2JUU0JUJBJTg2JUU4JUE3JUEzJUU1JTg4JUIwaWolRTglQkUlQkUlRTclOTMlQTYlRTQlQkElODYlRTglQTclQTMlRTUlODglQjBpaiVFOCVCRSVCRSVFNyU5MyVBNiVFNCVCQSU4NiVFOCVBNyVBMyVFNSU4OCVCMGlqJUU4JUJFJUJFJUU3JTkzJUE2JUU0JUJBJTg2JUU4JUE3JUEzJUU1JTg4JUIwaWolRTglQkUlQkUlRTclOTMlQTYlRTQlQkElODYlRTglQTclQTMlRTUlODglQjBpaiVFOCVCRSVCRSVFNyU5MyVBNiVFNCVCQSU4NiVFOCVBNyVBMyVFNSU4OCVCMGlqJUU4JUJFJUJFJUU3JTkzJUE2JUU0JUJBJTg2JUU4JUE3JUEzJUU1JTg4JUIwaWolRTglQkUlQkUlRTclOTMlQTYlRTQlQkElODYlRTglQTclQTMlRTUlODglQjBpaiVFOCVCRSVCRSVFNyU5MyVBNiVFNCVCQSU4NiVFOCVBNyVBMyVFNSU4OCVCMGlqJUU4JUJFJUJFJUU3JTkzJUE2JUU0JUJBJTg2JUU4JUE3JUEzJUU1JTg4JUIwaWolRTglQkUlQkUlRTclOTMlQTYlRTQlQkElODYlRTglQTclQTMlRTUlODglQjBpaiVFOCVCRSVCRSVFNyU5MyVBNiVFNCVCQSU4NiVFOCVBNyVBMyVFNSU4OCVCMGlqJUU4JUJFJUJFJUU3JTkzJUE2JUU0JUJBJTg2JUU4JUE3JUEzJUU1JTg4JUIwaWolRTglQkUlQkUlRTclOTMlQTYlRTQlQkElODYlRTglQTclQTMlRTUlODglQjBpaiVFOCVCRSVCRSVFNyU5MyVBNiVFNCVCQSU4NiVFOCVBNyVBMyVFNSU4OCVCMGlqJUU4JUJFJUJFJUU3JTkzJUE2JUU0JUJBJTg2JUU4JUE3JUEzJUU1JTg4JUIwaWolRTglQkUlQkUlRTclOTMlQTYlRTQlQkElODYlRTglQTclQTMlRTUlODglQjBpaiVFOCVCRSVCRSVFNyU5MyVBNiVFNCVCQSU4NiVFOCVBNyVBMyVFNSU4OCVCMGlqJUU4JUJFJUJFJUU3JTkzJUE2JUU0JUJBJTg2JUU4JUE3JUEzJUU1JTg4JUIwaWolRTglQkUlQkUlRTclOTMlQTYlRTQlQkElODYlRTglQTclQTMlRTUlODglQjBpaiVFOCVCRSVCRSVFNyU5MyVBNiVFNCVCQSU4NiVFOCVBNyVBMyVFNSU4OCVCMGlqJUU4JUJFJUJFJUU3JTkzJUE2JUU0JUJBJTg2JUU4JUE3JUEzJUU1JTg4JUIwaWolRTglQkUlQkUlRTclOTMlQTYlRTQlQkElODYlRTglQTclQTMlRTUlODglQjBpaiVFOCVCRSVCRSVFNyU5MyVBNiVFNCVCQSU4NiVFOCVBNyVBMyVFNSU4OCVCMGlqJUU4JUJFJUJFJUU3JTkzJUE2JUU0JUJBJTg2JUU4JUE3JUEzJUU1JTg4JUIwaWolRTglQkUlQkUlRTclOTMlQTYlRTQlQkElODYlRTglQTclQTMlRTUlODglQjBpaiVFOCVCRSVCRSVFNyU5MyVBNiVFNCVCQSU4NiVFOCVBNyVBMyVFNSU4OCVCMGlqJUU4JUJFJUJFJUU3JTkzJUE2JUU0JUJBJTg2JUU4JUE3JUEzJUU1JTg4JUIwaWolRTglQkUlQkUlRTclOTMlQTYlRTQlQkElODYlRTglQTclQTMlRTUlODglQjBpaiVFOCVCRSVCRSVFNyU5MyVBNiVFNCVCQSU4NiVFOCVBNyVBMyVFNSU4OCVCMGlqJUU4JUJFJUJFJUU3JTkzJUE2JUU0JUJBJTg2JUU4JUE3JUEzJUU1JTg4JUIwaWolRTglQkUlQkUlRTclOTMlQTYlRTQlQkElODYlRTglQTclQTMlRTUlODglQjBpaiVFOCVCRSVCRSVFNyU5MyVBNiVFNCVCQSU4NiVFOCVBNyVBMyVFNSU4OCVCMGlqJUU4JUJFJUJFJUU3JTkzJUE2JUU0JUJBJTg2JUU4JUE3JUEzJUU1JTg4JUIwaWolRTglQkUlQkUlRTclOTMlQTYlRTQlQkElODYlRTglQTclQTMlRTUlODglQjBpaiVFOCVCRSVCRSVFNyU5MyVBNiVFNCVCQSU4NiVFOCVBNyVBMyVFNSU4OCVCMGlqJUU4JUJFJUJFJUU3JTkzJUE2JUU0JUJBJTg2JUU4JUE3JUEzJUU1JTg4JUIwaWolRTglQkUlQkUlRTclOTMlQTYlRTQlQkElODYlRTglQTclQTMlRTUlODglQjBpaiVFOCVCRSVCRSVFNyU5MyVBNiVFNCVCQSU4NiVFOCVBNyVBMyVFNSU4OCVCMGlqJUU4JUJFJUJFJUU3JTkzJUE2JUU0JUJBJTg2JUU4JUE3JUEzJUU1JTg4JUIwaWolRTglQkUlQkUlRTclOTMlQTYlRTQlQkElODYlRTglQTclQTMlRTUlODglQjBpaiVFOCVCRSVCRSVFNyU5MyVBNiVFNCVCQSU4NiVFOCVBNyVBMyVFNSU4OCVCMGlqJUU4JUJFJUJFJUU3JTkzJUE2JUU0JUJBJTg2JUU4JUE3JUEzJUU1JTg4JUIwaWolRTglQkUlQkUlRTclOTMlQTYlRTQlQkElODYlRTglQTclQTMlRTUlODglQjBpaiVFOCVCRSVCRSVFNyU5MyVBNiVFNCVCQSU4NiVFOCVBNyVBMyVFNSU4OCVCMGlqJUU4JUJFJUJFJUU3JTkzJUE2JUU0JUJBJTg2JUU4JUE3JUEzJUU1JTg4JUIwaWolRTglQkUlQkUlRTclOTMlQTYlRTQlQkElODYlRTglQTclQTMlRTUlODglQjBpaiVFOCVCRSVCRSVFNyU5MyVBNiVFNCVCQSU4NiVFOCVBNyVBMyVFNSU4OCVCMGlqJUU4JUJFJUJFJUU3JTkzJUE2JUU0JUJBJTg2JUU4JUE3JUEzJUU1JTg4JUIwaWolRTglQkUlQkUlRTclOTMlQTYlRTQlQkElODYlRTglQTclQTMlRTUlODglQjBpaiVFOCVCRSVCRSVFNyU5MyVBNiVFNCVCQSU4NiVFOCVBNyVBMyVFNSU4OCVCMGlqJUU4JUJFJUJFJUU3JTkzJUE2JUU0JUJBJTg2JUU4JUE3JUEzJUU1JTg4JUIwaWolRTglQkUlQkUlRTclOTMlQTYlRTQlQkElODYlRTglQTclQTMlRTUlODglQjBpaiVFOCVCRSVCRSVFNyU5MyVBNiVFNCVCQSU4NiVFOCVBNyVBMyVFNSU4OCVCMGlqJUU4JUJFJUJFJUU3JTkzJUE2JUU0JUJBJTg2JUU4JUE3JUEzJUU1JTg4JUIwaWolRTglQkUlQkUlRTclOTMlQTYlRTQlQkElODYlRTglQTclQTMlRTUlODglQjBpaiVFOCVCRSVCRSVFNyU5MyVBNiVFNCVCQSU4NiVFOCVBNyVBMyVFNSU4OCVCMGlqJUU4JUJFJUJFJUU3JTkzJUE2JUU0JUJBJTg2JUU4JUE3JUEzJUU1JTg4JUIwaWolRTglQkUlQkUlRTclOTMlQTYlRTQlQkElODYlRTglQTclQTMlRTUlODglQjBpaiVFOCVCRSVCRSVFNyU5MyVBNiVFNCVCQSU4NiVFOCVBNyVBMyVFNSU4OCVCMGlqJUU4JUJFJUJFJUU3JTkzJUE2JUU0JUJBJTg2JUU4JUE3JUEzJUU1JTg4JUIwaWolRTglQkUlQkUlRTclOTMlQTYlRTQlQkElODYlRTglQTclQTMlRTUlODglQjBpaiVFOCVCRSVCRSVFNyU5MyVBNiVFNCVCQSU4NiVFOCVBNyVBMyVFNSU4OCVCMGlqJUU4JUJFJUJFJUU3JTkzJUE2JUU0JUJBJTg2JUU4JUE3JUEzJUU1JTg4JUIwaWolRTglQkUlQkUlRTclOTMlQTYlRTQlQkElODYlRTglQTclQTMlRTUlODglQjBpaiVFOCVCRSVCRSVFNyU5MyVBNiVFNCVCQSU4NiVFOCVBNyVBMyVFNSU4OCVCMGlqJUU4JUJFJUJFJUU3JTkzJUE2JUU0JUJBJTg2JUU4JUE3JUEzJUU1JTg4JUIwaWolRTglQkUlQkUlRTclOTMlQTYlRTQlQkElODYlRTglQTclQTMlRTUlODglQjBpaiVFOCVCRSVCRSVFNyU5MyVBNiVFNCVCQSU4NiVFOCVBNyVBMyVFNSU4OCVCMGlqJUU4JUJFJUJFJUU3JTkzJUE2JUU0JUJBJTg2JUU4JUE3JUEzJUU1JTg4JUIwaWolRTglQkUlQkUlRTclOTMlQTYlRTQlQkElODYlRTglQTclQTMlRTUlODglQjBpaiVFOCVCRSVCRSVFNyU5MyVBNiVFNCVCQSU4NiVFOCVBNyVBMyVFNSU4OCVCMGlqJUU4JUJFJUJFJUU3JTkzJUE2JUU0JUJBJTg2JUU4JUE3JUEzJUU1JTg4JUIwaWolRTglQkUlQkUlRTclOTMlQTYlRTQlQkElODYlRTglQTclQTMlRTUlODglQjBpaiVFOCVCRSVCRSVFNyU5MyVBNiVFNCVCQSU4NiVFOCVBNyVBMyVFNSU4OCVCMGlqJUU4JUJFJUJFJUU3JTkzJUE2JUU0JUJBJTg2JUU4JUE3JUEzJUU1JTg4JUIwaWolRTglQkUlQkUlRTclOTMlQTYlRTQlQkElODYlRTglQTclQTMlRTUlODglQjBpaiVFOCVCRSVCRSVFNyU5MyVBNiVFNCVCQSU4NiVFOCVBNyVBMyVFNSU4OCVCMGlqJUU4JUJFJUJFJUU3JTkzJUE2JUU0JUJBJTg2JUU4JUE3JUEzJUU1JTg4JUIwaWolRTglQkUlQkUlRTclOTMlQTYlRTQlQkElODYlRTglQTclQTMlRTUlODglQjBpaiVFOCVCRSVCRSVFNyU5MyVBNiVFNCVCQSU4NiVFOCVBNyVBMyVFNSU4OCVCMGlqJUU4JUJFJUJFJUU3JTkzJUE2JUU0JUJBJTg2JUU4JUE3JUEzJUU1JTg4JUIwaWolRTglQkUlQkUlRTclOTMlQTYlRTQlQkElODYlRTglQTclQTMlRTUlODglQjBpaiVFOCVCRSVCRSVFNyU5MyVBNiVFNCVCQSU4NiVFOCVBNyVBMyVFNSU4OCVCMGlqJUU4JUJFJUJFJUU3JTkzJUE2JUU0JUJBJTg2JUU4JUE3JUEzJUU1JTg4JUIwaWolRTglQkUlQkUlRTclOTMlQTYlRTQlQkElODYlRTglQTclQTMlRTUlODglQjBpaiVFOCVCRSVCRSVFNyU5MyVBNiVFNCVCQSU4NiVFOCVBNyVBMyVFNSU4OCVCMGlqJUU4JUJFJUJFJUU3JTkzJUE2JUU0JUJBJTg2JUU4JUE3JUEzJUU1JTg4JUIwaWolRTglQkUlQkUlRTclOTMlQTYlRTQlQkElODYlRTglQTclQTMlRTUlODglQjBpaiVFOCVCRSVCRSVFNyU5MyVBNiVFNCVCQSU4NiVFOCVBNyVBMyVFNSU4OCVCMGlqJUU4JUJFJUJFJUU3JTkzJUE2JUU0JUJBJTg2JUU4JUE3JUEzJUU1JTg4JUIwaWolRTglQkUlQkUlRTclOTMlQTYlRTQlQkElODYlRTglQTclQTMlRTUlODglQjBpaiVFOCVCRSVCRSVFNyU5MyVBNiVFNCVCQSU4NiVFOCVBNyVBMyVFNSU4OCVCMGlqJUU4JUJFJUJFJUU3JTkzJUE2JUU0JUJBJTg2JUU4JUE3JUEzJUU1JTg4JUIwaWolRTglQkUlQkUlRTclOTMlQTYlRTQlQkElODYlRTglQTclQTMlRTUlODglQjBpaiVFOCVCRSVCRSVFNyU5MyVBNiVFNCVCQSU4NiVFOCVBNyVBMyVFNSU4OCVCMGlqJUU4JUJFJUJFJUU3JTkzJUE2JUU0JUJBJTg2JUU4JUE3JUEzJUU1JTg4JUIwaWolRTglQkUlQkUlRTclOTMlQTYlRTQlQkElODYlRTglQTclQTMlRTUlODglQjBpaiVFOCVCRSVCRSVFNyU5MyVBNiVFNCVCQSU4NiVFOCVBNyVBMyVFNSU4OCVCMGlqJUU4JUJFJUJFJUU3JTkzJUE2JUU0JUJBJTg2JUU4JUE3JUEzJUU1JTg4JUIwaWolRTglQkUlQkUlRTclOTMlQTYlRTQlQkElODYlRTglQTclQTMlRTUlODglQjBpaiVFOCVCRSVCRSVFNyU5MyVBNiVFNCVCQSU4NiVFOCVBNyVBMyVFNSU4OCVCMGlqJUU4JUJFJUJFJUU3JTkzJUE2JUU0JUJBJTg2JUU4JUE3JUEzJUU1JTg4JUIwaWolRTglQkUlQkUlRTclOTMlQTYlRTQlQkElODYlRTglQTclQTMlRTUlODglQjBpaiVFOCVCRSVCRSVFNyU5MyVBNiVFNCVCQSU4NiVFOCVBNyVBMyVFNSU4OCVCMGlqJUU4JUJFJUJFJUU3JTkzJUE2JUU0JUJBJTg2JUU4JUE3JUEzJUU1JTg4JUIwaWolRTglQkUlQkUlRTclOTMlQTYlRTQlQkElODYlRTglQTclQTMlRTUlODglQjBpaiVFOCVCRSVCRSVFNyU5MyVBNiVFNCVCQSU4NiVFOCVBNyVBMyVFNSU4OCVCMGlqJUU4JUJFJUJFJUU3JTkzJUE2JUU0JUJBJTg2JUU4JUE3JUEzJUU1JTg4JUIwaWolRTglQkUlQkUlRTclOTMlQTYlRTQlQkElODYlRTglQTclQTMlRTUlODglQjBpaiVFOCVCRSVCRSVFNyU5MyVBNiVFNCVCQSU4NiVFOCVBNyVBMyVFNSU4OCVCMGlqJUU4JUJFJUJFJUU3JTkzJUE2JUU0JUJBJTg2JUU4JUE3JUEzJUU1JTg4JUIwaWolRTglQkUlQkUlRTclOTMlQTYlRTQlQkElODYlRTglQTclQTMlRTUlODglQjBpaiVFOCVCRSVCRSVFNyU5MyVBNiVFNCVCQSU4NiVFOCVBNyVBMyVFNSU4OCVCMGlqJUU4JUJFJUJFJUU3JTkzJUE2JUU0JUJBJTg2JUU4JUE3JUEzJUU1JTg4JUIwaWolRTglQkUlQkUlRTclOTMlQTYlRTQlQkElODYlRTglQTclQTMlRTUlODglQjBpaiVFOCVCRSVCRSVFNyU5MyVBNiVFNCVCQSU4NiVFOCVBNyVBMyVFNSU4OCVCMGlqJUU4JUJFJUJFJUU3JTkzJUE2JUU0JUJBJTg2JUU4JUE3JUEzJUU1JTg4JUIwaWolRTglQkUlQkUlRTclOTMlQTYlRTQlQkElODYlRTglQTclQTMlRTUlODglQjBpaiVFOCVCRSVCRSVFNyU5MyVBNiVFNCVCQSU4NiVFOCVBNyVBMyVFNSU4OCVCMGlqJUU4JUJFJUJFJUU3JTkzJUE2JUU0JUJBJTg2JUU4JUE3JUEzJUU1JTg4JUIwaWolRTglQkUlQkUlRTclOTMlQTYlRTQlQkElODYlRTglQTclQTMlRTUlODglQjBpaiVFOCVCRSVCRSVFNyU5MyVBNiVFNCVCQSU4NiVFOCVBNyVBMyVFNSU4OCVCMGlqJUU4JUJFJUJFJUU3JTkzJUE2JUU0JUJBJTg2JUU4JUE3JUEzJUU1JTg4JUIwaWolRTglQkUlQkUlRTclOTMlQTYlRTQlQkElODYlRTglQTclQTMlRTUlODglQjBpaiVFOCVCRSVCRSVFNyU5MyVBNiVFNCVCQSU4NiVFOCVBNyVBMyVFNSU4OCVCMGlqJUU4JUJFJUJFJUU3JTkzJUE2JUU0JUJBJTg2JUU4JUE3JUEzJUU1JTg4JUIwaWolRTglQkUlQkUlRTclOTMlQTYlRTQlQkElODYlRTglQTclQTMlRTUlODglQjBpaiVFOCVCRSVCRSVFNyU5MyVBNiVFNCVCQSU4NiVFOCVBNyVBMyVFNSU4OCVCMGlqJUU4JUJFJUJFJUU3JTkzJUE2JUU0JUJBJTg2JUU4JUE3JUEzJUU1JTg4JUIwaWolRTglQkUlQkUlRTclOTMlQTYlRTQlQkElODYlRTglQTclQTMlRTUlODglQjBpaiVFOCVCRSVCRSVFNyU5MyVBNiVFNCVCQSU4NiVFOCVBNyVBMyVFNSU4OCVCMGlqJUU4JUJFJUJFJUU3JTkzJUE2JUU0JUJBJTg2JUU4JUE3JUEzJUU1JTg4JUIwaWolRTglQkUlQkUlRTclOTMlQTYlRTQlQkElODYlRTglQTclQTMlRTUlODglQjBpaiVFOCVCRSVCRSVFNyU5MyVBNiVFNCVCQSU4NiVFOCVBNyVBMyVFNSU4OCVCMGlqJUU4JUJFJUJFJUU3JTkzJUE2JUU0JUJBJTg2JUU4JUE3JUEzJUU1JTg4JUIwaWolRTglQkUlQkUlRTclOTMlQTYlRTQlQkElODYlRTglQTclQTMlRTUlODglQjBpaiVFOCVCRSVCRSVFNyU5MyVBNiVFNCVCQSU4NiVFOCVBNyVBMyVFNSU4OCVCMGlqJUU4JUJFJUJFJUU3JTkzJUE2JUU0JUJBJTg2JUU4JUE3JUEzJUU1JTg4JUIwaWolRTglQkUlQkUlRTclOTMlQTYlRTQlQkElODYlRTglQTclQTMlRTUlODglQjBpaiVFOCVCRSVCRSVFNyU5MyVBNiVFNCVCQSU4NiVFOCVBNyVBMyVFNSU4OCVCMGlqJUU4JUJFJUJFJUU3JTkzJUE2JUU0JUJBJTg2JUU4JUE3JUEzJUU1JTg4JUIwaWolRTglQkUlQkUlRTclOTMlQTYlRTQlQkElODYlRTglQTclQTMlRTUlODglQjBpaiVFOCVCRSVCRSVFNyU5MyVBNiVFNCVCQSU4NiVFOCVBNyVBMyVFNSU4OCVCMGlqJUU4JUJFJUJFJUU3JTkzJUE2JUU0JUJBJTg2JUU4JUE3JUEzJUU1JTg4JUIwaWolRTglQkUlQkUlRTclOTMlQTYlRTQlQkElODYlRTglQTclQTMlRTUlODglQjBpaiVFOCVCRSVCRSVFNyU5MyVBNiVFNCVCQSU4NiVFOCVBNyVBMyVFNSU4OCVCMGlqJUU4JUJFJUJFJUU3JTkzJUE2JUU0JUJBJTg2JUU4JUE3JUEzJUU1JTg4JUIwaWolRTglQkUlQkUlRTclOTMlQTYlRTQlQkElODYlRTglQTclQTMlRTUlODglQjBpaiVFOCVCRSVCRSVFNyU5MyVBNiVFNCVCQSU4NiVFOCVBNyVBMyVFNSU4OCVCMGlqJUU4JUJFJUJFJUU3JTkzJUE2JUU0JUJBJTg2JUU4JUE3JUEzJUU1JTg4JUIwaWolRTglQkUlQkUlRTclOTMlQTYlRTQlQkElODYlRTglQTclQTMlRTUlODglQjBpaiVFOCVCRSVCRSVFNyU5MyVBNiVFNCVCQSU4NiVFOCVBNyVBMyVFNSU4OCVCMGlqJUU4JUJFJUJFJUU3JTkzJUE2JUU0JUJBJTg2JUU4JUE3JUEzJUU1JTg4JUIwaWolRTglQkUlQkUlRTclOTMlQTYlRTQlQkElODYlRTglQTclQTMlRTUlODglQjBpaiVFOCVCRSVCRSVFNyU5MyVBNiVFNCVCQSU4NiVFOCVBNyVBMyVFNSU4OCVCMGlqJUU4JUJFJUJFJUU3JTkzJUE2JUU0JUJBJTg2JUU4JUE3JUEzJUU1JTg4JUIwaWolRTglQkUlQkUlRTclOTMlQTYlRTQlQkElODYlRTglQTclQTMlRTUlODglQjBpaiVFOCVCRSVCRSVFNyU5MyVBNiVFNCVCQSU4NiVFOCVBNyVBMyVFNSU4OCVCMGlqJUU4JUJFJUJFJUU3JTkzJUE2JUU0JUJBJTg2JUU4JUE3JUEzJUU1JTg4JUIwaWolRTglQkUlQkUlRTclOTMlQTYlRTQlQkElODYlRTglQTclQTMlRTUlODglQjBpaiVFOCVCRSVCRSVFNyU5MyVBNiVFNCVCQSU4NiVFOCVBNyVBMyVFNSU4OCVCMGlqJUU4JUJFJUJFJUU3JTkzJUE2JUU0JUJBJTg2JUU4JUE3JUEzJUU1JTg4JUIwaWolRTglQkUlQkUlRTclOTMlQTYlRTQlQkElODYlRTglQTclQTMlRTUlODglQjBpaiVFOCVCRSVCRSVFNyU5MyVBNiVFNCVCQSU4NiVFOCVBNyVBMyVFNSU4OCVCMGlqJUU4JUJFJUJFJUU3JTkzJUE2JUU0JUJBJTg2JUU4JUE3JUEzJUU1JTg4JUIwaWolRTglQkUlQkUlRTclOTMlQTYlRTQlQkElODYlRTglQTclQTMlRTUlODglQjBpaiVFOCVCRSVCRSVFNyU5MyVBNiVFNCVCQSU4NiVFOCVBNyVBMyVFNSU4OCVCMGlqJUU4JUJFJUJFJUU3JTkzJUE2JUU0JUJBJTg2JUU4JUE3JUEzJUU1JTg4JUIwaWolRTglQkUlQkUlRTclOTMlQTYlRTQlQkElODYlRTglQTclQTMlRTUlODglQjBpaiVFOCVCRSVCRSVFNyU5MyVBNiVFNCVCQSU4NiVFOCVBNyVBMyVFNSU4OCVCMGlqJUU4JUJFJUJFJUU3JTkzJUE2JUU0JUJBJTg2JUU4JUE3JUEzJUU1JTg4JUIwaWolRTglQkUlQkUlRTclOTMlQTYlRTQlQkElODYlRTglQTclQTMlRTUlODglQjBpaiVFOCVCRSVCRSVFNyU5MyVBNiVFNCVCQSU4NiVFOCVBNyVBMyVFNSU4OCVCMGlqJUU4JUJFJUJFJUU3JTkzJUE2JUU0JUJBJTg2JUU4JUE3JUEzJUU1JTg4JUIwaWolRTglQkUlQkUlRTclOTMlQTYlRTQlQkElODYlRTglQTclQTMlRTUlODglQjBpaiVFOCVCRSVCRSVFNyU5MyVBNiVFNCVCQSU4NiVFOCVBNyVBMyVFNSU4OCVCMGlqJUU4JUJFJUJFJUU3JTkzJUE2JUU0JUJBJTg2JUU4JUE3JUEzJUU1JTg4JUIwaWolRTglQkUlQkUlRTclOTMlQTYlRTQlQkElODYlRTglQTclQTMlRTUlODglQjBpaiVFOCVCRSVCRSVFNyU5MyVBNiVFNCVCQSU4NiVFOCVBNyVBMyVFNSU4OCVCMGlqJUU4JUJFJUJFJUU3JTkzJUE2JUU0JUJBJTg2JUU4JUE3JUEzJUU1JTg4JUIwaWolRTglQkUlQkUlRTclOTMlQTYlRTQlQkElODYlRTglQTclQTMlRTUlODglQjBpaiVFOCVCRSVCRSVFNyU5MyVBNiVFNCVCQSU4NiVFOCVBNyVBMyVFNSU4OCVCMGlqJUU4JUJFJUJFJUU3JTkzJUE2JUU0JUJBJTg2JUU4JUE3JUEzJUU1JTg4JUIwaWolRTglQkUlQkUlRTclOTMlQTYlRTQlQkElODYlRTglQTclQTMlRTUlODglQjBpaiVFOCVCRSVCRSVFNyU5MyVBNiVFNCVCQSU4NiVFOCVBNyVBMyVFNSU4OCVCMGlqJUU4JUJFJUJFJUU3JTkzJUE2JUU0JUJBJTg2JUU4JUE3JUEzJUU1JTg4JUIwaWolRTglQkUlQkUlRTclOTMlQTYlRTQlQkElODYlRTglQTclQTMlRTUlODglQjBpaiVFOCVCRSVCRSVFNyU5MyVBNiVFNCVCQSU4NiVFOCVBNyVBMyVFNSU4OCVCMGlqJUU4JUJFJUJFJUU3JTkzJUE2JUU0JUJBJTg2JUU4JUE3JUEzJUU1JTg4JUIwaWolRTglQkUlQkUlRTclOTMlQTYlRTQlQkElODYlRTglQTclQTMlRTUlODglQjBpaiVFOCVCRSVCRSVFNyU5MyVBNiVFNCVCQSU4NiVFOCVBNyVBMyVFNSU4OCVCMGlqJUU4JUJFJUJFJUU3JTkzJUE2JUU0JUJBJTg2JUU4JUE3JUEzJUU1JTg4JUIwaWolRTglQkUlQkUlRTclOTMlQTYlRTQlQkElODYlRTglQTclQTMlRTUlODglQjBpaiVFOCVCRSVCRSVFNyU5MyVBNiVFNCVCQSU4NiVFOCVBNyVBMyVFNSU4OCVCMGlqJUU4JUJFJUJFJUU3JTkzJUE2JUU0JUJBJTg2JUU4JUE3JUEzJUU1JTg4JUIwaWolRTglQkUlQkUlRTclOTMlQTYlRTQlQkElODYlRTglQTclQTMlRTUlODglQjBpaiVFOCVCRSVCRSVFNyU5MyVBNiVFNCVCQSU4NiVFOCVBNyVBMyVFNSU4OCVCMGlqJUU4JUJFJUJFJUU3JTkzJUE2JUU0JUJBJTg2JUU4JUE3JUEzJUU1JTg4JUIwaWolRTglQkUlQkUlRTclOTMlQTYlRTQlQkElODYlRTglQTclQTMlRTUlODglQjBpaiVFOCVCRSVCRSVFNyU5MyVBNiVFNCVCQSU4NiVFOCVBNyVBMyVFNSU4OCVCMGlqJUU4JUJFJUJFJUU3JTkzJUE2JUU0JUJBJTg2JUU4JUE3JUEzJUU1JTg4JUIwaWolRTglQkUlQkUlRTclOTMlQTYlRTQlQkElODYlRTglQTclQTMlRTUlODglQjBpaiVFOCVCRSVCRSVFNyU5MyVBNiVFNCVCQSU4NiVFOCVBNyVBMyVFNSU4OCVCMGlqJUU4JUJFJUJFJUU3JTkzJUE2JUU0JUJBJTg2JUU4JUE3JUEzJUU1JTg4JUIwaWolRTglQkUlQkUlRTclOTMlQTYlRTQlQkElODYlRTglQTclQTMlRTUlODglQjBpaiVFOCVCRSVCRSVFNyU5MyVBNiVFNCVCQSU4NiVFOCVBNyVBMyVFNSU4OCVCMGlqJUU4JUJFJUJFJUU3JTkzJUE2JUU0JUJBJTg2JUU4JUE3JUEzJUU1JTg4JUIwaWolRTglQkUlQkUlRTclOTMlQTYlRTQlQkElODYlRTglQTclQTMlRTUlODglQjBpaiVFOCVCRSVCRSVFNyU5MyVBNiVFNCVCQSU4NiVFOCVBNyVBMyVFNSU4OCVCMGlqJUU4JUJFJUJFJUU3JTkzJUE2JUU0JUJBJTg2JUU4JUE3JUEzJUU1JTg4JUIwaWolRTglQkUlQkUlRTclOTMlQTYlRTQlQkElODYlRTglQTclQTMlRTUlODglQjBpaiVFOCVCRSVCRSVFNyU5MyVBNiVFNCVCQSU4NiVFOCVBNyVBMyVFNSU4OCVCMGlqJUU4JUJFJUJFJUU3JTkzJUE2JUU0JUJBJTg2JUU4JUE3JUEzJUU1JTg4JUIwaWolRTglQkUlQkUlRTclOTMlQTYlRTQlQkElODYlRTglQTclQTMlRTUlODglQjBpaiVFOCVCRSVCRSVFNyU5MyVBNiVFNCVCQSU4NiVFOCVBNyVBMyVFNSU4OCVCMGlqJUU4JUJFJUJFJUU3JTkzJUE2JUU0JUJBJTg2JUU4JUE3JUEzJUU1JTg4JUIwaWolRTglQkUlQkUlRTclOTMlQTYlRTQlQkElODYlRTglQTclQTMlRTUlODglQjBpaiVFOCVCRSVCRSVFNyU5MyVBNiVFNCVCQSU4NiVFOCVBNyVBMyVFNSU4OCVCMGlqJUU4JUJFJUJFJUU3JTkzJUE2JUU0JUJBJTg2JUU4JUE3JUEzJUU1JTg4JUIwaWolRTglQkUlQkUlRTclOTMlQTYlRTQlQkElODYlRTglQTclQTMlRTUlODglQjBpaiVFOCVCRSVCRSVFNyU5MyVBNiVFNCVCQSU4NiVFOCVBNyVBMyVFNSU4OCVCMGlqJUU4JUJFJUJFJUU3JTkzJUE2JUU0JUJBJTg2JUU4JUE3JUEzJUU1JTg4JUIwaWolRTglQkUlQkUlRTclOTMlQTYlRTQlQkElODYlRTglQTclQTMlRTUlODglQjBpaiVFOCVCRSVCRSVFNyU5MyVBNiVFNCVCQSU4NiVFOCVBNyVBMyVFNSU4OCVCMGlqJUU4JUJFJUJFJUU3JTkzJUE2JUU0JUJBJTg2JUU4JUE3JUEzJUU1JTg4JUIwaWolRTglQkUlQkUlRTclOTMlQTYlRTQlQkElODYlRTglQTclQTMlRTUlODglQjBpaiVFOCVCRSVCRSVFNyU5MyVBNiVFNCVCQSU4NiVFOCVBNyVBMyVFNSU4OCVCMGlqJUU4JUJFJUJFJUU3JTkzJUE2JUU0JUJBJTg2JUU4JUE3JUEzJUU1JTg4JUIwaWolRTglQkUlQkUlRTclOTMlQTYlRTQlQkElODYlRTglQTclQTMlRTUlODglQjBpaiVFOCVCRSVCRSVFNyU5MyVBNiVFNCVCQSU4NiVFOCVBNyVBMyVFNSU4OCVCMGlqJUU4JUJFJUJFJUU3JTkzJUE2JUU0JUJBJTg2JUU4JUE3JUEzJUU1JTg4JUIwaWolRTglQkUlQkUlRTclOTMlQTYlRTQlQkElODYlRTglQTclQTMlRTUlODglQjBpaiVFOCVCRSVCRSVFNyU5MyVBNiVFNCVCQSU4NiVFOCVBNyVBMyVFNSU4OCVCMGlqJUU4JUJFJUJFJUU3JTkzJUE2JUU0JUJBJTg2JUU4JUE3JUEzJUU1JTg4JUIwaWolRTglQkUlQkUlRTclOTMlQTYlRTQlQkElODYlRTglQTclQTMlRTUlODglQjBpaiVFOCVCRSVCRSVFNyU5MyVBNiVFNCVCQSU4NiVFOCVBNyVBMyVFNSU4OCVCMGlqJUU4JUJFJUJFJUU3JTkzJUE2JUU0JUJBJTg2JUU4JUE3JUEzJUU1JTg4JUIwaWolRTglQkUlQkUlRTclOTMlQTYlRTQlQkElODYlRTglQTclQTMlRTUlODglQjBpaiVFOCVCRSVCRSVFNyU5MyVBNiVFNCVCQSU4NiVFOCVBNyVBMyVFNSU4OCVCMGlqJUU4JUJFJUJFJUU3JTkzJUE2JUU0JUJBJTg2JUU4JUE3JUEzJUU1JTg4JUIwaWolRTglQkUlQkUlRTclOTMlQTYlRTQlQkElODYlRTglQTclQTMlRTUlODglQjBpaiVFOCVCRSVCRSVFNyU5MyVBNiVFNCVCQSU4NiVFOCVBNyVBMyVFNSU4OCVCMGlqJUU4JUJFJUJFJUU3JTkzJUE2JUU0JUJBJTg2JUU4JUE3JUEzJUU1JTg4JUIwaWolRTglQkUlQkUlRTclOTMlQTYlRTQlQkElODYlRTglQTclQTMlRTUlODglQjBpaiVFOCVCRSVCRSVFNyU5MyVBNiVFNCVCQSU4NiVFOCVBNyVBMyVFNSU4OCVCMGlqJUU4JUJFJUJFJUU3JTkzJUE2JUU0JUJBJTg2JUU4JUE3JUEzJUU1JTg4JUIwaWolRTglQkUlQkUlRTclOTMlQTYlRTQlQkElODYlRTglQTclQTMlRTUlODglQjBpaiVFOCVCRSVCRSVFNyU5MyVBNiVFNCVCQSU4NiVFOCVBNyVBMyVFNSU4OCVCMGlqJUU4JUJFJUJFJUU3JTkzJUE2JUU0JUJBJTg2JUU4JUE3JUEzJUU1JTg4JUIwaWolRTglQkUlQkUlRTclOTMlQTYlRTQlQkElODYlRTglQTclQTMlRTUlODglQjBpaiVFOCVCRSVCRSVFNyU5MyVBNiVFNCVCQSU4NiVFOCVBNyVBMyVFNSU4OCVCMGlqJUU4JUJFJUJFJUU3JTkzJUE2JUU0JUJBJTg2JUU4JUE3JUEzJUU1JTg4JUIwaWolRTglQkUlQkUlRTclOTMlQTYlRTQlQkElODYlRTglQTclQTMlRTUlODglQjBpaiVFOCVCRSVCRSVFNyU5MyVBNiVFNCVCQSU4NiVFOCVBNyVBMyVFNSU4OCVCMGlqJUU4JUJFJUJFJUU3JTkzJUE2JUU0JUJBJTg2JUU4JUE3JUEzJUU1JTg4JUIwaWolRTglQkUlQkUlRTclOTMlQTYlRTQlQkElODYlRTglQTclQTMlRTUlODglQjBpaiVFOCVCRSVCRSVFNyU5MyVBNiVFNCVCQSU4NiVFOCVBNyVBMyVFNSU4OCVCMGlqJUU4JUJFJUJFJUU3JTkzJUE2JUU0JUJBJTg2JUU4JUE3JUEzJUU1JTg4JUIwaWolRTglQkUlQkUlRTclOTMlQTYlRTQlQkElODYlRTglQTclQTMlRTUlODglQjBpaiVFOCVCRSVCRSVFNyU5MyVBNiVFNCVCQSU4NiVFOCVBNyVBMyVFNSU4OCVCMGlqJUU4JUJFJUJFJUU3JTkzJUE2JUU0JUJBJTg2JUU4JUE3JUEzJUU1JTg4JUIwaWolRTglQkUlQkUlRTclOTMlQTYlRTQlQkElODYlRTglQTclQTMlRTUlODglQjBpaiVFOCVCRSVCRSVFNyU5MyVBNiVFNCVCQSU4NiVFOCVBNyVBMyVFNSU4OCVCMGlqJUU4JUJFJUJFJUU3JTkzJUE2JUU0JUJBJTg2JUU4JUE3JUEzJUU1JTg4JUIwaWolRTglQkUlQkUlRTclOTMlQTYlRTQlQkElODYlRTglQTclQTMlRTUlODglQjBpaiVFOCVCRSVCRSVFNyU5MyVBNiVFNCVCQSU4NiVFOCVBNyVBMyVFNSU4OCVCMGlqJUU4JUJFJUJFJUU3JTkzJUE2JUU0JUJBJTg2JUU4JUE3JUEzJUU1JTg4JUIwaWolRTglQkUlQkUlRTclOTMlQTYlRTQlQkElODYlRTglQTclQTMlRTUlODglQjBpaiVFOCVCRSVCRSVFNyU5MyVBNiVFNCVCQSU4NiVFOCVBNyVBMyVFNSU4OCVCMGlqJUU4JUJFJUJFJUU3JTkzJUE2JUU0JUJBJTg2JUU4JUE3JUEzJUU1JTg4JUIwaWolRTglQkUlQkUlRTclOTMlQTYlRTQlQkElODYlRTglQTclQTMlRTUlODglQjBpaiVFOCVCRSVCRSVFNyU5MyVBNiVFNCVCQSU4NiVFOCVBNyVBMyVFNSU4OCVCMGlqJUU4JUJFJUJFJUU3JTkzJUE2JUU0JUJBJTg2JUU4JUE3JUEzJUU1JTg4JUIwaWolRTglQkUlQkUlRTclOTMlQTYlRTQlQkElODYlRTglQTclQTMlRTUlODglQjBpaiVFOCVCRSVCRSVFNyU5MyVBNiVFNCVCQSU4NiVFOCVBNyVBMyVFNSU4OCVCMGlqJUU4JUJFJUJFJUU3JTkzJUE2JUU0JUJBJTg2JUU4JUE3JUEzJUU1JTg4JUIwaWolRTglQkUlQkUlRTclOTMlQTYlRTQlQkElODYlRTglQTclQTMlRTUlODglQjBpaiVFOCVCRSVCRSVFNyU5MyVBNiVFNCVCQSU4NiVFOCVBNyVBMyVFNSU4OCVCMGlqJUU4JUJFJUJFJUU3JTkzJUE2JUU0JUJBJTg2JUU4JUE3JUEzJUU1JTg4JUIwaWolRTglQkUlQkUlRTclOTMlQTYlRTQlQkElODYlRTglQTclQTMlRTUlODglQjBpaiVFOCVCRSVCRSVFNyU5MyVBNiVFNCVCQSU4NiVFOCVBNyVBMyVFNSU4OCVCMGlqJUU4JUJFJUJFJUU3JTkzJUE2JUU0JUJBJTg2JUU4JUE3JUEzJUU1JTg4JUIwaWolRTglQkUlQkUlRTclOTMlQTYlRTQlQkElODYlRTglQTclQTMlRTUlODglQjBpaiVFOCVCRSVCRSVFNyU5MyVBNiVFNCVCQSU4NiVFOCVBNyVBMyVFNSU4OCVCMGlqJUU4JUJFJUJFJUU3JTkzJUE2JUU0JUJBJTg2JUU4JUE3JUEzJUU1JTg4JUIwaWolRTglQkUlQkUlRTclOTMlQTYlRTQlQkElODYlRTglQTclQTMlRTUlODglQjBpaiVFOCVCRSVCRSVFNyU5MyVBNiVFNCVCQSU4NiVFOCVBNyVBMyVFNSU4OCVCMGlqJUU4JUJFJUJFJUU3JTkzJUE2JUU0JUJBJTg2JUU4JUE3JUEzJUU1JTg4JUIwaWolRTglQkUlQkUlRTclOTMlQTYlRTQlQkElODYlRTglQTclQTMlRTUlODglQjBpaiVFOCVCRSVCRSVFNyU5MyVBNiVFNCVCQSU4NiVFOCVBNyVBMyVFNSU4OCVCMGlqJUU4JUJFJUJFJUU3JTkzJUE2JUU0JUJBJTg2JUU4JUE3JUEzJUU1JTg4JUIwaWolRTglQkUlQkUlRTclOTMlQTYlRTQlQkElODYlRTglQTclQTMlRTUlODglQjBpaiVFOCVCRSVCRSVFNyU5MyVBNiVFNCVCQSU4NiVFOCVBNyVBMyVFNSU4OCVCMGlqJUU4JUJFJUJFJUU3JTkzJUE2JUU0JUJBJTg2JUU4JUE3JUEzJUU1JTg4JUIwaWolRTglQkUlQkUlRTclOTMlQTYlRTQlQkElODYlRTglQTclQTMlRTUlODglQjBpaiVFOCVCRSVCRSVFNyU5MyVBNiVFNCVCQSU4NiVFOCVBNyVBMyVFNSU4OCVCMGlqJUU4JUJFJUJFJUU3JTkzJUE2JUU0JUJBJTg2JUU4JUE3JUEzJUU1JTg4JUIwaWolRTglQkUlQkUlRTclOTMlQTYlRTQlQkElODYlRTglQTclQTMlRTUlODglQjBpaiVFOCVCRSVCRSVFNyU5MyVBNiVFNCVCQSU4NiVFOCVBNyVBMyVFNSU4OCVCMGlqJUU4JUJFJUJFJUU3JTkzJUE2JUU0JUJBJTg2JUU4JUE3JUEzJUU1JTg4JUIwaWolRTglQkUlQkUlRTclOTMlQTYlRTQlQkElODYlRTglQTclQTMlRTUlODglQjBpaiVFOCVCRSVCRSVFNyU5MyVBNiVFNCVCQSU4NiVFOCVBNyVBMyVFNSU4OCVCMGlqJUU4JUJFJUJFJUU3JTkzJUE2JUU0JUJBJTg2JUU4JUE3JUEzJUU1JTg4JUIwaWolRTglQkUlQkUlRTclOTMlQTYlRTQlQkElODYlRTglQTclQTMlRTUlODglQjBpaiVFOCVCRSVCRSVFNyU5MyVBNiVFNCVCQSU4NiVFOCVBNyVBMyVFNSU4OCVCMGlqJUU4JUJFJUJFJUU3JTkzJUE2JUU0JUJBJTg2JUU4JUE3JUEzJUU1JTg4JUIwaWolRTglQkUlQkUlRTclOTMlQTYlRTQlQkElODYlRTglQTclQTMlRTUlODglQjBpaiVFOCVCRSVCRSVFNyU5MyVBNiVFNCVCQSU4NiVFOCVBNyVBMyVFNSU4OCVCMGlqJUU4JUJFJUJFJUU3JTkzJUE2JUU0JUJBJTg2JUU4JUE3JUEzJUU1JTg4JUIwaWolRTglQkUlQkUlRTclOTMlQTYlRTQlQkElODYlRTglQTclQTMlRTUlODglQjBpaiVFOCVCRSVCRSVFNyU5MyVBNiVFNCVCQSU4NiVFOCVBNyVBMyVFNSU4OCVCMGlqJUU4JUJFJUJFJUU3JTkzJUE2JUU0JUJBJTg2JUU4JUE3JUEzJUU1JTg4JUIwaWolRTglQkUlQkUlRTclOTMlQTYlRTQlQkElODYlRTglQTclQTMlRTUlODglQjBpaiVFOCVCRSVCRSVFNyU5MyVBNiVFNCVCQSU4NiVFOCVBNyVBMyVFNSU4OCVCMGlqJUU4JUJFJUJFJUU3JTkzJUE2JUU0JUJBJTg2JUU4JUE3JUEzJUU1JTg4JUIwaWolRTglQkUlQkUlRTclOTMlQTYlRTQlQkElODYlRTglQTclQTMlRTUlODglQjBpaiVFOCVCRSVCRSVFNyU5MyVBNiVFNCVCQSU4NiVFOCVBNyVBMyVFNSU4OCVCMGlqJUU4JUJFJUJFJUU3JTkzJUE2JUU0JUJBJTg2JUU4JUE3JUEzJUU1JTg4JUIwaWolRTglQkUlQkUlRTclOTMlQTYlRTQlQkElODYlRTglQTclQTMlRTUlODglQjBpaiVFOCVCRSVCRSVFNyU5MyVBNiVFNCVCQSU4NiVFOCVBNyVBMyVFNSU4OCVCMGlqJUU4JUJFJUJFJUU3JTkzJUE2JUU0JUJBJTg2JUU4JUE3JUEzJUU1JTg4JUIwaWolRTglQkUlQkUlRTclOTMlQTYlRTQlQkElODYlRTglQTclQTMlRTUlODglQjBpaiVFOCVCRSVCRSVFNyU5MyVBNiVFNCVCQSU4NiVFOCVBNyVBMyVFNSU4OCVCMGlqJUU4JUJFJUJFJUU3JTkzJUE2JUU0JUJBJTg2JUU4JUE3JUEzJUU1JTg4JUIwaWolRTglQkUlQkUlRTclOTMlQTYlRTQlQkElODYlRTglQTclQTMlRTUlODglQjBpaiVFOCVCRSVCRSVFNyU5MyVBNiVFNCVCQSU4NiVFOCVBNyVBMyVFNSU4OCVCMGlqJUU4JUJFJUJFJUU3JTkzJUE2JUU0JUJBJTg2JUU4JUE3JUEzJUU1JTg4JUIwaWolRTglQkUlQkUlRTclOTMlQTYlRTQlQkElODYlRTglQTclQTMlRTUlODglQjBpaiVFOCVCRSVCRSVFNyU5MyVBNiVFNCVCQSU4NiVFOCVBNyVBMyVFNSU4OCVCMGlqJUU4JUJFJUJFJUU3JTkzJUE2JUU0JUJBJTg2JUU4JUE3JUEzJUU1JTg4JUIwaWolRTglQkUlQkUlRTclOTMlQTYlRTQlQkElODYlRTglQTclQTMlRTUlODglQjBpaiVFOCVCRSVCRSVFNyU5MyVBNiVFNCVCQSU4NiVFOCVBNyVBMyVFNSU4OCVCMGlqJUU4JUJFJUJFJUU3JTkzJUE2JUU0JUJBJTg2JUU4JUE3JUEzJUU1JTg4JUIwaWolRTglQkUlQkUlRTclOTMlQTYlRTQlQkElODYlRTglQTclQTMlRTUlODglQjBpaiVFOCVCRSVCRSVFNyU5MyVBNiVFNCVCQSU4NiVFOCVBNyVBMyVFNSU4OCVCMGlqJUU4JUJFJUJFJUU3JTkzJUE2JUU0JUJBJTg2JUU4JUE3JUEzJUU1JTg4JUIwaWolRTglQkUlQkUlRTclOTMlQTYlRTQlQkElODYlRTglQTclQTMlRTUlODglQjBpaiVFOCVCRSVCRSVFNyU5MyVBNiVFNCVCQSU4NiVFOCVBNyVBMyVFNSU4OCVCMGlqJUU4JUJFJUJFJUU3JTkzJUE2JUU0JUJBJTg2JUU4JUE3JUEzJUU1JTg4JUIwaWolRTglQkUlQkUlRTclOTMlQTYlRTQlQkElODYlRTglQTclQTMlRTUlODglQjBpaiVFOCVCRSVCRSVFNyU5MyVBNiVFNCVCQSU4NiVFOCVBNyVBMyVFNSU4OCVCMGlqJUU4JUJFJUJFJUU3JTkzJUE2JUU0JUJBJTg2JUU4JUE3JUEzJUU1JTg4JUIwaWolRTglQkUlQkUlRTclOTMlQTYlRTQlQkElODYlRTglQTclQTMlRTUlODglQjBpaiVFOCVCRSVCRSVFNyU5MyVBNiVFNCVCQSU4NiVFOCVBNyVBMyVFNSU4OCVCMGlqJUU4JUJFJUJFJUU3JTkzJUE2JUU0JUJBJTg2JUU4JUE3JUEzJUU1JTg4JUIwaWolRTglQkUlQkUlRTclOTMlQTYlRTQlQkElODYlRTglQTclQTMlRTUlODglQjBpaiVFOCVCRSVCRSVFNyU5MyVBNiVFNCVCQSU4NiVFOCVBNyVBMyVFNSU4OCVCMGlqdiUyNm5ic3AlM0IlMjAlMjZuYnNwJTNCJTIwJTI2bmJzcCUzQiUyMCUyNm5ic3AlM0IlMjAlMjZuYnNwJTNCJTIwJTI2bmJzcCUzQiUyMCUyNm5ic3AlM0IlMjAlMjZuYnNwJTNCJTIwJTI2bmJzcCUzQiUyMCUyNm5ic3AlM0IlMjAlMjZuYnNwJTNCJTIwJTI2bmJzcCUzQiUyMCUyNm5ic3AlM0IlRTglQkUlQkUlRTclOTMlQTYlRTQlQkElODYlRTglQTclQTMlRTUlODglQjBpaiVFOCVCRSVCRSVFNyU5MyVBNiVFNCVCQSU4NiVFOCVBNyVBMyVFNSU4OCVCMGlqJUU4JUJFJUJFJUU3JTkzJUE2JUU0JUJBJTg2JUU4JUE3JUEzJUU1JTg4JUIwaWolRTglQkUlQkUlRTclOTMlQTYlRTQlQkElODYlRTglQTclQTMlRTUlODglQjBpaiVFOCVCRSVCRSVFNyU5MyVBNiVFNCVCQSU4NiVFOCVBNyVBMyVFNSU4OCVCMGlqJUU4JUJFJUJFJUU3JTkzJUE2JUU0JUJBJTg2JUU4JUE3JUEzJUU1JTg4JUIwaWolRTglQkUlQkUlRTclOTMlQTYlRTQlQkElODYlRTglQTclQTMlRTUlODglQjBpaiVFOCVCRSVCRSVFNyU5MyVBNiVFNCVCQSU4NiVFOCVBNyVBMyVFNSU4OCVCMGlqJUU4JUJFJUJFJUU3JTkzJUE2JUU0JUJBJTg2JUU4JUE3JUEzJUU1JTg4JUIwaWolRTglQkUlQkUlRTclOTMlQTYlRTQlQkElODYlRTglQTclQTMlRTUlODglQjBpaiVFOCVCRSVCRSVFNyU5MyVBNiVFNCVCQSU4NiVFOCVBNyVBMyVFNSU4OCVCMGlqJUU4JUJFJUJFJUU3JTkzJUE2JUU0JUJBJTg2JUU4JUE3JUEzJUU1JTg4JUIwaWolRTglQkUlQkUlRTclOTMlQTYlRTQlQkElODYlRTglQTclQTMlRTUlODglQjBpaiVFOCVCRSVCRSVFNyU5MyVBNiVFNCVCQSU4NiVFOCVBNyVBMyVFNSU4OCVCMGlqJUU4JUJFJUJFJUU3JTkzJUE2JUU0JUJBJTg2JUU4JUE3JUEzJUU1JTg4JUIwaWolRTglQkUlQkUlRTclOTMlQTYlRTQlQkElODYlRTglQTclQTMlRTUlODglQjBpaiVFOCVCRSVCRSVFNyU5MyVBNiVFNCVCQSU4NiVFOCVBNyVBMyVFNSU4OCVCMGlqJUU4JUJFJUJFJUU3JTkzJUE2JUU0JUJBJTg2JUU4JUE3JUEzJUU1JTg4JUIwaWolRTglQkUlQkUlRTclOTMlQTYlRTQlQkElODYlRTglQTclQTMlRTUlODglQjBpaiVFOCVCRSVCRSVFNyU5MyVBNiVFNCVCQSU4NiVFOCVBNyVBMyVFNSU4OCVCMGlqJUU4JUJFJUJFJUU3JTkzJUE2JUU0JUJBJTg2JUU4JUE3JUEzJUU1JTg4JUIwaWolRTglQkUlQkUlRTclOTMlQTYlRTQlQkElODYlRTglQTclQTMlRTUlODglQjBpaiVFOCVCRSVCRSVFNyU5MyVBNiVFNCVCQSU4NiVFOCVBNyVBMyVFNSU4OCVCMGlqJUU4JUJFJUJFJUU3JTkzJUE2JUU0JUJBJTg2JUU4JUE3JUEzJUU1JTg4JUIwaWolRTglQkUlQkUlRTclOTMlQTYlRTQlQkElODYlRTglQTclQTMlRTUlODglQjBpaiUzQyUyRnAlM0U=', 0)
GO
INSERT [dbo].[News] ([New_id], [New_content], [New_Show]) VALUES (93, N'JTNDcCUzRSVFOCVCRSVCRSVFNyU5MyVBNiVFNCVCQSU4NiVFOCVBNyVBMyVFNSU4OCVCMGlqJUU4JUJFJUJFJUU3JTkzJUE2JUU0JUJBJTg2JUU4JUE3JUEzJUU1JTg4JUIwaWolRTglQkUlQkUlRTclOTMlQTYlRTQlQkElODYlRTglQTclQTMlRTUlODglQjBpaiVFOCVCRSVCRSVFNyU5MyVBNiVFNCVCQSU4NiVFOCVBNyVBMyVFNSU4OCVCMGlqJUU4JUJFJUJFJUU3JTkzJUE2JUU0JUJBJTg2JUU4JUE3JUEzJUU1JTg4JUIwaWolRTglQkUlQkUlRTclOTMlQTYlRTQlQkElODYlRTglQTclQTMlRTUlODglQjBpaiVFOCVCRSVCRSVFNyU5MyVBNiVFNCVCQSU4NiVFOCVBNyVBMyVFNSU4OCVCMGlqJUU4JUJFJUJFJUU3JTkzJUE2JUU0JUJBJTg2JUU4JUE3JUEzJUU1JTg4JUIwaWolRTglQkUlQkUlRTclOTMlQTYlRTQlQkElODYlRTglQTclQTMlRTUlODglQjBpaiVFOCVCRSVCRSVFNyU5MyVBNiVFNCVCQSU4NiVFOCVBNyVBMyVFNSU4OCVCMGlqJUU4JUJFJUJFJUU3JTkzJUE2JUU0JUJBJTg2JUU4JUE3JUEzJUU1JTg4JUIwaWolRTglQkUlQkUlRTclOTMlQTYlRTQlQkElODYlRTglQTclQTMlRTUlODglQjBpaiVFOCVCRSVCRSVFNyU5MyVBNiVFNCVCQSU4NiVFOCVBNyVBMyVFNSU4OCVCMGlqJUU4JUJFJUJFJUU3JTkzJUE2JUU0JUJBJTg2JUU4JUE3JUEzJUU1JTg4JUIwaWolRTglQkUlQkUlRTclOTMlQTYlRTQlQkElODYlRTglQTclQTMlRTUlODglQjBpaiVFOCVCRSVCRSVFNyU5MyVBNiVFNCVCQSU4NiVFOCVBNyVBMyVFNSU4OCVCMGlqJUU4JUJFJUJFJUU3JTkzJUE2JUU0JUJBJTg2JUU4JUE3JUEzJUU1JTg4JUIwaWolRTglQkUlQkUlRTclOTMlQTYlRTQlQkElODYlRTglQTclQTMlRTUlODglQjBpaiVFOCVCRSVCRSVFNyU5MyVBNiVFNCVCQSU4NiVFOCVBNyVBMyVFNSU4OCVCMGlqJUU4JUJFJUJFJUU3JTkzJUE2JUU0JUJBJTg2JUU4JUE3JUEzJUU1JTg4JUIwaWolRTglQkUlQkUlRTclOTMlQTYlRTQlQkElODYlRTglQTclQTMlRTUlODglQjBpaiVFOCVCRSVCRSVFNyU5MyVBNiVFNCVCQSU4NiVFOCVBNyVBMyVFNSU4OCVCMGlqJUU4JUJFJUJFJUU3JTkzJUE2JUU0JUJBJTg2JUU4JUE3JUEzJUU1JTg4JUIwaWolRTglQkUlQkUlRTclOTMlQTYlRTQlQkElODYlRTglQTclQTMlRTUlODglQjBpaiVFOCVCRSVCRSVFNyU5MyVBNiVFNCVCQSU4NiVFOCVBNyVBMyVFNSU4OCVCMGlqJUU4JUJFJUJFJUU3JTkzJUE2JUU0JUJBJTg2JUU4JUE3JUEzJUU1JTg4JUIwaWolRTglQkUlQkUlRTclOTMlQTYlRTQlQkElODYlRTglQTclQTMlRTUlODglQjBpaiVFOCVCRSVCRSVFNyU5MyVBNiVFNCVCQSU4NiVFOCVBNyVBMyVFNSU4OCVCMGlqJUU4JUJFJUJFJUU3JTkzJUE2JUU0JUJBJTg2JUU4JUE3JUEzJUU1JTg4JUIwaWolRTglQkUlQkUlRTclOTMlQTYlRTQlQkElODYlRTglQTclQTMlRTUlODglQjBpaiVFOCVCRSVCRSVFNyU5MyVBNiVFNCVCQSU4NiVFOCVBNyVBMyVFNSU4OCVCMGlqJUU4JUJFJUJFJUU3JTkzJUE2JUU0JUJBJTg2JUU4JUE3JUEzJUU1JTg4JUIwaWolRTglQkUlQkUlRTclOTMlQTYlRTQlQkElODYlRTglQTclQTMlRTUlODglQjBpaiVFOCVCRSVCRSVFNyU5MyVBNiVFNCVCQSU4NiVFOCVBNyVBMyVFNSU4OCVCMGlqJUU4JUJFJUJFJUU3JTkzJUE2JUU0JUJBJTg2JUU4JUE3JUEzJUU1JTg4JUIwaWolRTglQkUlQkUlRTclOTMlQTYlRTQlQkElODYlRTglQTclQTMlRTUlODglQjBpaiVFOCVCRSVCRSVFNyU5MyVBNiVFNCVCQSU4NiVFOCVBNyVBMyVFNSU4OCVCMGlqJUU4JUJFJUJFJUU3JTkzJUE2JUU0JUJBJTg2JUU4JUE3JUEzJUU1JTg4JUIwaWolRTglQkUlQkUlRTclOTMlQTYlRTQlQkElODYlRTglQTclQTMlRTUlODglQjBpaiVFOCVCRSVCRSVFNyU5MyVBNiVFNCVCQSU4NiVFOCVBNyVBMyVFNSU4OCVCMGlqJUU4JUJFJUJFJUU3JTkzJUE2JUU0JUJBJTg2JUU4JUE3JUEzJUU1JTg4JUIwaWolRTglQkUlQkUlRTclOTMlQTYlRTQlQkElODYlRTglQTclQTMlRTUlODglQjBpaiVFOCVCRSVCRSVFNyU5MyVBNiVFNCVCQSU4NiVFOCVBNyVBMyVFNSU4OCVCMGlqJUU4JUJFJUJFJUU3JTkzJUE2JUU0JUJBJTg2JUU4JUE3JUEzJUU1JTg4JUIwaWolRTglQkUlQkUlRTclOTMlQTYlRTQlQkElODYlRTglQTclQTMlRTUlODglQjBpaiVFOCVCRSVCRSVFNyU5MyVBNiVFNCVCQSU4NiVFOCVBNyVBMyVFNSU4OCVCMGlqJUU4JUJFJUJFJUU3JTkzJUE2JUU0JUJBJTg2JUU4JUE3JUEzJUU1JTg4JUIwaWolRTglQkUlQkUlRTclOTMlQTYlRTQlQkElODYlRTglQTclQTMlRTUlODglQjBpaiVFOCVCRSVCRSVFNyU5MyVBNiVFNCVCQSU4NiVFOCVBNyVBMyVFNSU4OCVCMGlqJUU4JUJFJUJFJUU3JTkzJUE2JUU0JUJBJTg2JUU4JUE3JUEzJUU1JTg4JUIwaWolRTglQkUlQkUlRTclOTMlQTYlRTQlQkElODYlRTglQTclQTMlRTUlODglQjBpaiVFOCVCRSVCRSVFNyU5MyVBNiVFNCVCQSU4NiVFOCVBNyVBMyVFNSU4OCVCMGlqJUU4JUJFJUJFJUU3JTkzJUE2JUU0JUJBJTg2JUU4JUE3JUEzJUU1JTg4JUIwaWolRTglQkUlQkUlRTclOTMlQTYlRTQlQkElODYlRTglQTclQTMlRTUlODglQjBpaiVFOCVCRSVCRSVFNyU5MyVBNiVFNCVCQSU4NiVFOCVBNyVBMyVFNSU4OCVCMGlqJUU4JUJFJUJFJUU3JTkzJUE2JUU0JUJBJTg2JUU4JUE3JUEzJUU1JTg4JUIwaWolRTglQkUlQkUlRTclOTMlQTYlRTQlQkElODYlRTglQTclQTMlRTUlODglQjBpaiVFOCVCRSVCRSVFNyU5MyVBNiVFNCVCQSU4NiVFOCVBNyVBMyVFNSU4OCVCMGlqJUU4JUJFJUJFJUU3JTkzJUE2JUU0JUJBJTg2JUU4JUE3JUEzJUU1JTg4JUIwaWolRTglQkUlQkUlRTclOTMlQTYlRTQlQkElODYlRTglQTclQTMlRTUlODglQjBpaiVFOCVCRSVCRSVFNyU5MyVBNiVFNCVCQSU4NiVFOCVBNyVBMyVFNSU4OCVCMGlqJUU4JUJFJUJFJUU3JTkzJUE2JUU0JUJBJTg2JUU4JUE3JUEzJUU1JTg4JUIwaWolRTglQkUlQkUlRTclOTMlQTYlRTQlQkElODYlRTglQTclQTMlRTUlODglQjBpaiVFOCVCRSVCRSVFNyU5MyVBNiVFNCVCQSU4NiVFOCVBNyVBMyVFNSU4OCVCMGlqJUU4JUJFJUJFJUU3JTkzJUE2JUU0JUJBJTg2JUU4JUE3JUEzJUU1JTg4JUIwaWolRTglQkUlQkUlRTclOTMlQTYlRTQlQkElODYlRTglQTclQTMlRTUlODglQjBpaiVFOCVCRSVCRSVFNyU5MyVBNiVFNCVCQSU4NiVFOCVBNyVBMyVFNSU4OCVCMGlqJUU4JUJFJUJFJUU3JTkzJUE2JUU0JUJBJTg2JUU4JUE3JUEzJUU1JTg4JUIwaWolRTglQkUlQkUlRTclOTMlQTYlRTQlQkElODYlRTglQTclQTMlRTUlODglQjBpaiVFOCVCRSVCRSVFNyU5MyVBNiVFNCVCQSU4NiVFOCVBNyVBMyVFNSU4OCVCMGlqJUU4JUJFJUJFJUU3JTkzJUE2JUU0JUJBJTg2JUU4JUE3JUEzJUU1JTg4JUIwaWolRTglQkUlQkUlRTclOTMlQTYlRTQlQkElODYlRTglQTclQTMlRTUlODglQjBpaiVFOCVCRSVCRSVFNyU5MyVBNiVFNCVCQSU4NiVFOCVBNyVBMyVFNSU4OCVCMGlqJUU4JUJFJUJFJUU3JTkzJUE2JUU0JUJBJTg2JUU4JUE3JUEzJUU1JTg4JUIwaWolRTglQkUlQkUlRTclOTMlQTYlRTQlQkElODYlRTglQTclQTMlRTUlODglQjBpaiVFOCVCRSVCRSVFNyU5MyVBNiVFNCVCQSU4NiVFOCVBNyVBMyVFNSU4OCVCMGlqJUU4JUJFJUJFJUU3JTkzJUE2JUU0JUJBJTg2JUU4JUE3JUEzJUU1JTg4JUIwaWolRTglQkUlQkUlRTclOTMlQTYlRTQlQkElODYlRTglQTclQTMlRTUlODglQjBpaiVFOCVCRSVCRSVFNyU5MyVBNiVFNCVCQSU4NiVFOCVBNyVBMyVFNSU4OCVCMGlqJUU4JUJFJUJFJUU3JTkzJUE2JUU0JUJBJTg2JUU4JUE3JUEzJUU1JTg4JUIwaWolRTglQkUlQkUlRTclOTMlQTYlRTQlQkElODYlRTglQTclQTMlRTUlODglQjBpaiVFOCVCRSVCRSVFNyU5MyVBNiVFNCVCQSU4NiVFOCVBNyVBMyVFNSU4OCVCMGlqJUU4JUJFJUJFJUU3JTkzJUE2JUU0JUJBJTg2JUU4JUE3JUEzJUU1JTg4JUIwaWolRTglQkUlQkUlRTclOTMlQTYlRTQlQkElODYlRTglQTclQTMlRTUlODglQjBpaiVFOCVCRSVCRSVFNyU5MyVBNiVFNCVCQSU4NiVFOCVBNyVBMyVFNSU4OCVCMGlqJUU4JUJFJUJFJUU3JTkzJUE2JUU0JUJBJTg2JUU4JUE3JUEzJUU1JTg4JUIwaWolRTglQkUlQkUlRTclOTMlQTYlRTQlQkElODYlRTglQTclQTMlRTUlODglQjBpaiVFOCVCRSVCRSVFNyU5MyVBNiVFNCVCQSU4NiVFOCVBNyVBMyVFNSU4OCVCMGlqJUU4JUJFJUJFJUU3JTkzJUE2JUU0JUJBJTg2JUU4JUE3JUEzJUU1JTg4JUIwaWolRTglQkUlQkUlRTclOTMlQTYlRTQlQkElODYlRTglQTclQTMlRTUlODglQjBpaiVFOCVCRSVCRSVFNyU5MyVBNiVFNCVCQSU4NiVFOCVBNyVBMyVFNSU4OCVCMGlqJUU4JUJFJUJFJUU3JTkzJUE2JUU0JUJBJTg2JUU4JUE3JUEzJUU1JTg4JUIwaWolRTglQkUlQkUlRTclOTMlQTYlRTQlQkElODYlRTglQTclQTMlRTUlODglQjBpaiVFOCVCRSVCRSVFNyU5MyVBNiVFNCVCQSU4NiVFOCVBNyVBMyVFNSU4OCVCMGlqJUU4JUJFJUJFJUU3JTkzJUE2JUU0JUJBJTg2JUU4JUE3JUEzJUU1JTg4JUIwaWolRTglQkUlQkUlRTclOTMlQTYlRTQlQkElODYlRTglQTclQTMlRTUlODglQjBpaiVFOCVCRSVCRSVFNyU5MyVBNiVFNCVCQSU4NiVFOCVBNyVBMyVFNSU4OCVCMGlqJUU4JUJFJUJFJUU3JTkzJUE2JUU0JUJBJTg2JUU4JUE3JUEzJUU1JTg4JUIwaWolRTglQkUlQkUlRTclOTMlQTYlRTQlQkElODYlRTglQTclQTMlRTUlODglQjBpaiVFOCVCRSVCRSVFNyU5MyVBNiVFNCVCQSU4NiVFOCVBNyVBMyVFNSU4OCVCMGlqJUU4JUJFJUJFJUU3JTkzJUE2JUU0JUJBJTg2JUU4JUE3JUEzJUU1JTg4JUIwaWolRTglQkUlQkUlRTclOTMlQTYlRTQlQkElODYlRTglQTclQTMlRTUlODglQjBpaiVFOCVCRSVCRSVFNyU5MyVBNiVFNCVCQSU4NiVFOCVBNyVBMyVFNSU4OCVCMGlqJUU4JUJFJUJFJUU3JTkzJUE2JUU0JUJBJTg2JUU4JUE3JUEzJUU1JTg4JUIwaWolRTglQkUlQkUlRTclOTMlQTYlRTQlQkElODYlRTglQTclQTMlRTUlODglQjBpaiVFOCVCRSVCRSVFNyU5MyVBNiVFNCVCQSU4NiVFOCVBNyVBMyVFNSU4OCVCMGlqJUU4JUJFJUJFJUU3JTkzJUE2JUU0JUJBJTg2JUU4JUE3JUEzJUU1JTg4JUIwaWolRTglQkUlQkUlRTclOTMlQTYlRTQlQkElODYlRTglQTclQTMlRTUlODglQjBpaiVFOCVCRSVCRSVFNyU5MyVBNiVFNCVCQSU4NiVFOCVBNyVBMyVFNSU4OCVCMGlqJUU4JUJFJUJFJUU3JTkzJUE2JUU0JUJBJTg2JUU4JUE3JUEzJUU1JTg4JUIwaWolRTglQkUlQkUlRTclOTMlQTYlRTQlQkElODYlRTglQTclQTMlRTUlODglQjBpaiVFOCVCRSVCRSVFNyU5MyVBNiVFNCVCQSU4NiVFOCVBNyVBMyVFNSU4OCVCMGlqJUU4JUJFJUJFJUU3JTkzJUE2JUU0JUJBJTg2JUU4JUE3JUEzJUU1JTg4JUIwaWolRTglQkUlQkUlRTclOTMlQTYlRTQlQkElODYlRTglQTclQTMlRTUlODglQjBpaiVFOCVCRSVCRSVFNyU5MyVBNiVFNCVCQSU4NiVFOCVBNyVBMyVFNSU4OCVCMGlqJUU4JUJFJUJFJUU3JTkzJUE2JUU0JUJBJTg2JUU4JUE3JUEzJUU1JTg4JUIwaWolRTglQkUlQkUlRTclOTMlQTYlRTQlQkElODYlRTglQTclQTMlRTUlODglQjBpaiVFOCVCRSVCRSVFNyU5MyVBNiVFNCVCQSU4NiVFOCVBNyVBMyVFNSU4OCVCMGlqJUU4JUJFJUJFJUU3JTkzJUE2JUU0JUJBJTg2JUU4JUE3JUEzJUU1JTg4JUIwaWolRTglQkUlQkUlRTclOTMlQTYlRTQlQkElODYlRTglQTclQTMlRTUlODglQjBpaiVFOCVCRSVCRSVFNyU5MyVBNiVFNCVCQSU4NiVFOCVBNyVBMyVFNSU4OCVCMGlqJUU4JUJFJUJFJUU3JTkzJUE2JUU0JUJBJTg2JUU4JUE3JUEzJUU1JTg4JUIwaWolRTglQkUlQkUlRTclOTMlQTYlRTQlQkElODYlRTglQTclQTMlRTUlODglQjBpaiVFOCVCRSVCRSVFNyU5MyVBNiVFNCVCQSU4NiVFOCVBNyVBMyVFNSU4OCVCMGlqJUU4JUJFJUJFJUU3JTkzJUE2JUU0JUJBJTg2JUU4JUE3JUEzJUU1JTg4JUIwaWolRTglQkUlQkUlRTclOTMlQTYlRTQlQkElODYlRTglQTclQTMlRTUlODglQjBpaiVFOCVCRSVCRSVFNyU5MyVBNiVFNCVCQSU4NiVFOCVBNyVBMyVFNSU4OCVCMGlqJUU4JUJFJUJFJUU3JTkzJUE2JUU0JUJBJTg2JUU4JUE3JUEzJUU1JTg4JUIwaWolRTglQkUlQkUlRTclOTMlQTYlRTQlQkElODYlRTglQTclQTMlRTUlODglQjBpaiVFOCVCRSVCRSVFNyU5MyVBNiVFNCVCQSU4NiVFOCVBNyVBMyVFNSU4OCVCMGlqJUU4JUJFJUJFJUU3JTkzJUE2JUU0JUJBJTg2JUU4JUE3JUEzJUU1JTg4JUIwaWolRTglQkUlQkUlRTclOTMlQTYlRTQlQkElODYlRTglQTclQTMlRTUlODglQjBpaiVFOCVCRSVCRSVFNyU5MyVBNiVFNCVCQSU4NiVFOCVBNyVBMyVFNSU4OCVCMGlqJUU4JUJFJUJFJUU3JTkzJUE2JUU0JUJBJTg2JUU4JUE3JUEzJUU1JTg4JUIwaWolRTglQkUlQkUlRTclOTMlQTYlRTQlQkElODYlRTglQTclQTMlRTUlODglQjBpaiVFOCVCRSVCRSVFNyU5MyVBNiVFNCVCQSU4NiVFOCVBNyVBMyVFNSU4OCVCMGlqJUU4JUJFJUJFJUU3JTkzJUE2JUU0JUJBJTg2JUU4JUE3JUEzJUU1JTg4JUIwaWolRTglQkUlQkUlRTclOTMlQTYlRTQlQkElODYlRTglQTclQTMlRTUlODglQjBpaiVFOCVCRSVCRSVFNyU5MyVBNiVFNCVCQSU4NiVFOCVBNyVBMyVFNSU4OCVCMGlqJUU4JUJFJUJFJUU3JTkzJUE2JUU0JUJBJTg2JUU4JUE3JUEzJUU1JTg4JUIwaWolRTglQkUlQkUlRTclOTMlQTYlRTQlQkElODYlRTglQTclQTMlRTUlODglQjBpaiVFOCVCRSVCRSVFNyU5MyVBNiVFNCVCQSU4NiVFOCVBNyVBMyVFNSU4OCVCMGlqJUU4JUJFJUJFJUU3JTkzJUE2JUU0JUJBJTg2JUU4JUE3JUEzJUU1JTg4JUIwaWolRTglQkUlQkUlRTclOTMlQTYlRTQlQkElODYlRTglQTclQTMlRTUlODglQjBpaiVFOCVCRSVCRSVFNyU5MyVBNiVFNCVCQSU4NiVFOCVBNyVBMyVFNSU4OCVCMGlqJUU4JUJFJUJFJUU3JTkzJUE2JUU0JUJBJTg2JUU4JUE3JUEzJUU1JTg4JUIwaWolRTglQkUlQkUlRTclOTMlQTYlRTQlQkElODYlRTglQTclQTMlRTUlODglQjBpaiVFOCVCRSVCRSVFNyU5MyVBNiVFNCVCQSU4NiVFOCVBNyVBMyVFNSU4OCVCMGlqJUU4JUJFJUJFJUU3JTkzJUE2JUU0JUJBJTg2JUU4JUE3JUEzJUU1JTg4JUIwaWolRTglQkUlQkUlRTclOTMlQTYlRTQlQkElODYlRTglQTclQTMlRTUlODglQjBpaiVFOCVCRSVCRSVFNyU5MyVBNiVFNCVCQSU4NiVFOCVBNyVBMyVFNSU4OCVCMGlqJUU4JUJFJUJFJUU3JTkzJUE2JUU0JUJBJTg2JUU4JUE3JUEzJUU1JTg4JUIwaWolRTglQkUlQkUlRTclOTMlQTYlRTQlQkElODYlRTglQTclQTMlRTUlODglQjBpaiVFOCVCRSVCRSVFNyU5MyVBNiVFNCVCQSU4NiVFOCVBNyVBMyVFNSU4OCVCMGlqJUU4JUJFJUJFJUU3JTkzJUE2JUU0JUJBJTg2JUU4JUE3JUEzJUU1JTg4JUIwaWolRTglQkUlQkUlRTclOTMlQTYlRTQlQkElODYlRTglQTclQTMlRTUlODglQjBpaiVFOCVCRSVCRSVFNyU5MyVBNiVFNCVCQSU4NiVFOCVBNyVBMyVFNSU4OCVCMGlqJUU4JUJFJUJFJUU3JTkzJUE2JUU0JUJBJTg2JUU4JUE3JUEzJUU1JTg4JUIwaWolRTglQkUlQkUlRTclOTMlQTYlRTQlQkElODYlRTglQTclQTMlRTUlODglQjBpaiVFOCVCRSVCRSVFNyU5MyVBNiVFNCVCQSU4NiVFOCVBNyVBMyVFNSU4OCVCMGlqJUU4JUJFJUJFJUU3JTkzJUE2JUU0JUJBJTg2JUU4JUE3JUEzJUU1JTg4JUIwaWolRTglQkUlQkUlRTclOTMlQTYlRTQlQkElODYlRTglQTclQTMlRTUlODglQjBpaiVFOCVCRSVCRSVFNyU5MyVBNiVFNCVCQSU4NiVFOCVBNyVBMyVFNSU4OCVCMGlqJUU4JUJFJUJFJUU3JTkzJUE2JUU0JUJBJTg2JUU4JUE3JUEzJUU1JTg4JUIwaWolRTglQkUlQkUlRTclOTMlQTYlRTQlQkElODYlRTglQTclQTMlRTUlODglQjBpaiVFOCVCRSVCRSVFNyU5MyVBNiVFNCVCQSU4NiVFOCVBNyVBMyVFNSU4OCVCMGlqJUU4JUJFJUJFJUU3JTkzJUE2JUU0JUJBJTg2JUU4JUE3JUEzJUU1JTg4JUIwaWolRTglQkUlQkUlRTclOTMlQTYlRTQlQkElODYlRTglQTclQTMlRTUlODglQjBpaiVFOCVCRSVCRSVFNyU5MyVBNiVFNCVCQSU4NiVFOCVBNyVBMyVFNSU4OCVCMGlqJUU4JUJFJUJFJUU3JTkzJUE2JUU0JUJBJTg2JUU4JUE3JUEzJUU1JTg4JUIwaWolRTglQkUlQkUlRTclOTMlQTYlRTQlQkElODYlRTglQTclQTMlRTUlODglQjBpaiVFOCVCRSVCRSVFNyU5MyVBNiVFNCVCQSU4NiVFOCVBNyVBMyVFNSU4OCVCMGlqJUU4JUJFJUJFJUU3JTkzJUE2JUU0JUJBJTg2JUU4JUE3JUEzJUU1JTg4JUIwaWolRTglQkUlQkUlRTclOTMlQTYlRTQlQkElODYlRTglQTclQTMlRTUlODglQjBpaiVFOCVCRSVCRSVFNyU5MyVBNiVFNCVCQSU4NiVFOCVBNyVBMyVFNSU4OCVCMGlqJUU4JUJFJUJFJUU3JTkzJUE2JUU0JUJBJTg2JUU4JUE3JUEzJUU1JTg4JUIwaWolRTglQkUlQkUlRTclOTMlQTYlRTQlQkElODYlRTglQTclQTMlRTUlODglQjBpaiVFOCVCRSVCRSVFNyU5MyVBNiVFNCVCQSU4NiVFOCVBNyVBMyVFNSU4OCVCMGlqJUU4JUJFJUJFJUU3JTkzJUE2JUU0JUJBJTg2JUU4JUE3JUEzJUU1JTg4JUIwaWolRTglQkUlQkUlRTclOTMlQTYlRTQlQkElODYlRTglQTclQTMlRTUlODglQjBpaiVFOCVCRSVCRSVFNyU5MyVBNiVFNCVCQSU4NiVFOCVBNyVBMyVFNSU4OCVCMGlqJUU4JUJFJUJFJUU3JTkzJUE2JUU0JUJBJTg2JUU4JUE3JUEzJUU1JTg4JUIwaWolRTglQkUlQkUlRTclOTMlQTYlRTQlQkElODYlRTglQTclQTMlRTUlODglQjBpaiVFOCVCRSVCRSVFNyU5MyVBNiVFNCVCQSU4NiVFOCVBNyVBMyVFNSU4OCVCMGlqJUU4JUJFJUJFJUU3JTkzJUE2JUU0JUJBJTg2JUU4JUE3JUEzJUU1JTg4JUIwaWolRTglQkUlQkUlRTclOTMlQTYlRTQlQkElODYlRTglQTclQTMlRTUlODglQjBpaiVFOCVCRSVCRSVFNyU5MyVBNiVFNCVCQSU4NiVFOCVBNyVBMyVFNSU4OCVCMGlqJUU4JUJFJUJFJUU3JTkzJUE2JUU0JUJBJTg2JUU4JUE3JUEzJUU1JTg4JUIwaWolRTglQkUlQkUlRTclOTMlQTYlRTQlQkElODYlRTglQTclQTMlRTUlODglQjBpaiVFOCVCRSVCRSVFNyU5MyVBNiVFNCVCQSU4NiVFOCVBNyVBMyVFNSU4OCVCMGlqJUU4JUJFJUJFJUU3JTkzJUE2JUU0JUJBJTg2JUU4JUE3JUEzJUU1JTg4JUIwaWolRTglQkUlQkUlRTclOTMlQTYlRTQlQkElODYlRTglQTclQTMlRTUlODglQjBpaiVFOCVCRSVCRSVFNyU5MyVBNiVFNCVCQSU4NiVFOCVBNyVBMyVFNSU4OCVCMGlqJUU4JUJFJUJFJUU3JTkzJUE2JUU0JUJBJTg2JUU4JUE3JUEzJUU1JTg4JUIwaWolRTglQkUlQkUlRTclOTMlQTYlRTQlQkElODYlRTglQTclQTMlRTUlODglQjBpaiVFOCVCRSVCRSVFNyU5MyVBNiVFNCVCQSU4NiVFOCVBNyVBMyVFNSU4OCVCMGlqJUU4JUJFJUJFJUU3JTkzJUE2JUU0JUJBJTg2JUU4JUE3JUEzJUU1JTg4JUIwaWolRTglQkUlQkUlRTclOTMlQTYlRTQlQkElODYlRTglQTclQTMlRTUlODglQjBpaiVFOCVCRSVCRSVFNyU5MyVBNiVFNCVCQSU4NiVFOCVBNyVBMyVFNSU4OCVCMGlqJUU4JUJFJUJFJUU3JTkzJUE2JUU0JUJBJTg2JUU4JUE3JUEzJUU1JTg4JUIwaWolRTglQkUlQkUlRTclOTMlQTYlRTQlQkElODYlRTglQTclQTMlRTUlODglQjBpaiVFOCVCRSVCRSVFNyU5MyVBNiVFNCVCQSU4NiVFOCVBNyVBMyVFNSU4OCVCMGlqJUU4JUJFJUJFJUU3JTkzJUE2JUU0JUJBJTg2JUU4JUE3JUEzJUU1JTg4JUIwaWolRTglQkUlQkUlRTclOTMlQTYlRTQlQkElODYlRTglQTclQTMlRTUlODglQjBpaiVFOCVCRSVCRSVFNyU5MyVBNiVFNCVCQSU4NiVFOCVBNyVBMyVFNSU4OCVCMGlqJUU4JUJFJUJFJUU3JTkzJUE2JUU0JUJBJTg2JUU4JUE3JUEzJUU1JTg4JUIwaWolRTglQkUlQkUlRTclOTMlQTYlRTQlQkElODYlRTglQTclQTMlRTUlODglQjBpaiVFOCVCRSVCRSVFNyU5MyVBNiVFNCVCQSU4NiVFOCVBNyVBMyVFNSU4OCVCMGlqJUU4JUJFJUJFJUU3JTkzJUE2JUU0JUJBJTg2JUU4JUE3JUEzJUU1JTg4JUIwaWolRTglQkUlQkUlRTclOTMlQTYlRTQlQkElODYlRTglQTclQTMlRTUlODglQjBpaiVFOCVCRSVCRSVFNyU5MyVBNiVFNCVCQSU4NiVFOCVBNyVBMyVFNSU4OCVCMGlqJUU4JUJFJUJFJUU3JTkzJUE2JUU0JUJBJTg2JUU4JUE3JUEzJUU1JTg4JUIwaWolRTglQkUlQkUlRTclOTMlQTYlRTQlQkElODYlRTglQTclQTMlRTUlODglQjBpaiVFOCVCRSVCRSVFNyU5MyVBNiVFNCVCQSU4NiVFOCVBNyVBMyVFNSU4OCVCMGlqJUU4JUJFJUJFJUU3JTkzJUE2JUU0JUJBJTg2JUU4JUE3JUEzJUU1JTg4JUIwaWolRTglQkUlQkUlRTclOTMlQTYlRTQlQkElODYlRTglQTclQTMlRTUlODglQjBpaiVFOCVCRSVCRSVFNyU5MyVBNiVFNCVCQSU4NiVFOCVBNyVBMyVFNSU4OCVCMGlqJUU4JUJFJUJFJUU3JTkzJUE2JUU0JUJBJTg2JUU4JUE3JUEzJUU1JTg4JUIwaWolRTglQkUlQkUlRTclOTMlQTYlRTQlQkElODYlRTglQTclQTMlRTUlODglQjBpaiVFOCVCRSVCRSVFNyU5MyVBNiVFNCVCQSU4NiVFOCVBNyVBMyVFNSU4OCVCMGlqJUU4JUJFJUJFJUU3JTkzJUE2JUU0JUJBJTg2JUU4JUE3JUEzJUU1JTg4JUIwaWolRTglQkUlQkUlRTclOTMlQTYlRTQlQkElODYlRTglQTclQTMlRTUlODglQjBpaiVFOCVCRSVCRSVFNyU5MyVBNiVFNCVCQSU4NiVFOCVBNyVBMyVFNSU4OCVCMGlqJUU4JUJFJUJFJUU3JTkzJUE2JUU0JUJBJTg2JUU4JUE3JUEzJUU1JTg4JUIwaWolRTglQkUlQkUlRTclOTMlQTYlRTQlQkElODYlRTglQTclQTMlRTUlODglQjBpaiVFOCVCRSVCRSVFNyU5MyVBNiVFNCVCQSU4NiVFOCVBNyVBMyVFNSU4OCVCMGlqJUU4JUJFJUJFJUU3JTkzJUE2JUU0JUJBJTg2JUU4JUE3JUEzJUU1JTg4JUIwaWolRTglQkUlQkUlRTclOTMlQTYlRTQlQkElODYlRTglQTclQTMlRTUlODglQjBpaiVFOCVCRSVCRSVFNyU5MyVBNiVFNCVCQSU4NiVFOCVBNyVBMyVFNSU4OCVCMGlqJUU4JUJFJUJFJUU3JTkzJUE2JUU0JUJBJTg2JUU4JUE3JUEzJUU1JTg4JUIwaWolRTglQkUlQkUlRTclOTMlQTYlRTQlQkElODYlRTglQTclQTMlRTUlODglQjBpaiVFOCVCRSVCRSVFNyU5MyVBNiVFNCVCQSU4NiVFOCVBNyVBMyVFNSU4OCVCMGlqJUU4JUJFJUJFJUU3JTkzJUE2JUU0JUJBJTg2JUU4JUE3JUEzJUU1JTg4JUIwaWolRTglQkUlQkUlRTclOTMlQTYlRTQlQkElODYlRTglQTclQTMlRTUlODglQjBpaiVFOCVCRSVCRSVFNyU5MyVBNiVFNCVCQSU4NiVFOCVBNyVBMyVFNSU4OCVCMGlqJUU4JUJFJUJFJUU3JTkzJUE2JUU0JUJBJTg2JUU4JUE3JUEzJUU1JTg4JUIwaWolRTglQkUlQkUlRTclOTMlQTYlRTQlQkElODYlRTglQTclQTMlRTUlODglQjBpaiVFOCVCRSVCRSVFNyU5MyVBNiVFNCVCQSU4NiVFOCVBNyVBMyVFNSU4OCVCMGlqJUU4JUJFJUJFJUU3JTkzJUE2JUU0JUJBJTg2JUU4JUE3JUEzJUU1JTg4JUIwaWolRTglQkUlQkUlRTclOTMlQTYlRTQlQkElODYlRTglQTclQTMlRTUlODglQjBpaiVFOCVCRSVCRSVFNyU5MyVBNiVFNCVCQSU4NiVFOCVBNyVBMyVFNSU4OCVCMGlqJUU4JUJFJUJFJUU3JTkzJUE2JUU0JUJBJTg2JUU4JUE3JUEzJUU1JTg4JUIwaWolRTglQkUlQkUlRTclOTMlQTYlRTQlQkElODYlRTglQTclQTMlRTUlODglQjBpaiVFOCVCRSVCRSVFNyU5MyVBNiVFNCVCQSU4NiVFOCVBNyVBMyVFNSU4OCVCMGlqJUU4JUJFJUJFJUU3JTkzJUE2JUU0JUJBJTg2JUU4JUE3JUEzJUU1JTg4JUIwaWolRTglQkUlQkUlRTclOTMlQTYlRTQlQkElODYlRTglQTclQTMlRTUlODglQjBpaiVFOCVCRSVCRSVFNyU5MyVBNiVFNCVCQSU4NiVFOCVBNyVBMyVFNSU4OCVCMGlqJUU4JUJFJUJFJUU3JTkzJUE2JUU0JUJBJTg2JUU4JUE3JUEzJUU1JTg4JUIwaWolRTglQkUlQkUlRTclOTMlQTYlRTQlQkElODYlRTglQTclQTMlRTUlODglQjBpaiVFOCVCRSVCRSVFNyU5MyVBNiVFNCVCQSU4NiVFOCVBNyVBMyVFNSU4OCVCMGlqJUU4JUJFJUJFJUU3JTkzJUE2JUU0JUJBJTg2JUU4JUE3JUEzJUU1JTg4JUIwaWolRTglQkUlQkUlRTclOTMlQTYlRTQlQkElODYlRTglQTclQTMlRTUlODglQjBpaiVFOCVCRSVCRSVFNyU5MyVBNiVFNCVCQSU4NiVFOCVBNyVBMyVFNSU4OCVCMGlqJUU4JUJFJUJFJUU3JTkzJUE2JUU0JUJBJTg2JUU4JUE3JUEzJUU1JTg4JUIwaWolRTglQkUlQkUlRTclOTMlQTYlRTQlQkElODYlRTglQTclQTMlRTUlODglQjBpaiVFOCVCRSVCRSVFNyU5MyVBNiVFNCVCQSU4NiVFOCVBNyVBMyVFNSU4OCVCMGlqJUU4JUJFJUJFJUU3JTkzJUE2JUU0JUJBJTg2JUU4JUE3JUEzJUU1JTg4JUIwaWolRTglQkUlQkUlRTclOTMlQTYlRTQlQkElODYlRTglQTclQTMlRTUlODglQjBpaiVFOCVCRSVCRSVFNyU5MyVBNiVFNCVCQSU4NiVFOCVBNyVBMyVFNSU4OCVCMGlqJUU4JUJFJUJFJUU3JTkzJUE2JUU0JUJBJTg2JUU4JUE3JUEzJUU1JTg4JUIwaWolRTglQkUlQkUlRTclOTMlQTYlRTQlQkElODYlRTglQTclQTMlRTUlODglQjBpaiVFOCVCRSVCRSVFNyU5MyVBNiVFNCVCQSU4NiVFOCVBNyVBMyVFNSU4OCVCMGlqJUU4JUJFJUJFJUU3JTkzJUE2JUU0JUJBJTg2JUU4JUE3JUEzJUU1JTg4JUIwaWolRTglQkUlQkUlRTclOTMlQTYlRTQlQkElODYlRTglQTclQTMlRTUlODglQjBpaiVFOCVCRSVCRSVFNyU5MyVBNiVFNCVCQSU4NiVFOCVBNyVBMyVFNSU4OCVCMGlqJUU4JUJFJUJFJUU3JTkzJUE2JUU0JUJBJTg2JUU4JUE3JUEzJUU1JTg4JUIwaWolRTglQkUlQkUlRTclOTMlQTYlRTQlQkElODYlRTglQTclQTMlRTUlODglQjBpaiVFOCVCRSVCRSVFNyU5MyVBNiVFNCVCQSU4NiVFOCVBNyVBMyVFNSU4OCVCMGlqJUU4JUJFJUJFJUU3JTkzJUE2JUU0JUJBJTg2JUU4JUE3JUEzJUU1JTg4JUIwaWolRTglQkUlQkUlRTclOTMlQTYlRTQlQkElODYlRTglQTclQTMlRTUlODglQjBpaiVFOCVCRSVCRSVFNyU5MyVBNiVFNCVCQSU4NiVFOCVBNyVBMyVFNSU4OCVCMGlqJUU4JUJFJUJFJUU3JTkzJUE2JUU0JUJBJTg2JUU4JUE3JUEzJUU1JTg4JUIwaWolRTglQkUlQkUlRTclOTMlQTYlRTQlQkElODYlRTglQTclQTMlRTUlODglQjBpaiVFOCVCRSVCRSVFNyU5MyVBNiVFNCVCQSU4NiVFOCVBNyVBMyVFNSU4OCVCMGlqJUU4JUJFJUJFJUU3JTkzJUE2JUU0JUJBJTg2JUU4JUE3JUEzJUU1JTg4JUIwaWolRTglQkUlQkUlRTclOTMlQTYlRTQlQkElODYlRTglQTclQTMlRTUlODglQjBpaiVFOCVCRSVCRSVFNyU5MyVBNiVFNCVCQSU4NiVFOCVBNyVBMyVFNSU4OCVCMGlqJUU4JUJFJUJFJUU3JTkzJUE2JUU0JUJBJTg2JUU4JUE3JUEzJUU1JTg4JUIwaWolRTglQkUlQkUlRTclOTMlQTYlRTQlQkElODYlRTglQTclQTMlRTUlODglQjBpaiVFOCVCRSVCRSVFNyU5MyVBNiVFNCVCQSU4NiVFOCVBNyVBMyVFNSU4OCVCMGlqJUU4JUJFJUJFJUU3JTkzJUE2JUU0JUJBJTg2JUU4JUE3JUEzJUU1JTg4JUIwaWolRTglQkUlQkUlRTclOTMlQTYlRTQlQkElODYlRTglQTclQTMlRTUlODglQjBpaiVFOCVCRSVCRSVFNyU5MyVBNiVFNCVCQSU4NiVFOCVBNyVBMyVFNSU4OCVCMGlqJUU4JUJFJUJFJUU3JTkzJUE2JUU0JUJBJTg2JUU4JUE3JUEzJUU1JTg4JUIwaWolRTglQkUlQkUlRTclOTMlQTYlRTQlQkElODYlRTglQTclQTMlRTUlODglQjBpaiVFOCVCRSVCRSVFNyU5MyVBNiVFNCVCQSU4NiVFOCVBNyVBMyVFNSU4OCVCMGlqJUU4JUJFJUJFJUU3JTkzJUE2JUU0JUJBJTg2JUU4JUE3JUEzJUU1JTg4JUIwaWolRTglQkUlQkUlRTclOTMlQTYlRTQlQkElODYlRTglQTclQTMlRTUlODglQjBpaiVFOCVCRSVCRSVFNyU5MyVBNiVFNCVCQSU4NiVFOCVBNyVBMyVFNSU4OCVCMGlqJUU4JUJFJUJFJUU3JTkzJUE2JUU0JUJBJTg2JUU4JUE3JUEzJUU1JTg4JUIwaWolRTglQkUlQkUlRTclOTMlQTYlRTQlQkElODYlRTglQTclQTMlRTUlODglQjBpaiVFOCVCRSVCRSVFNyU5MyVBNiVFNCVCQSU4NiVFOCVBNyVBMyVFNSU4OCVCMGlqJUU4JUJFJUJFJUU3JTkzJUE2JUU0JUJBJTg2JUU4JUE3JUEzJUU1JTg4JUIwaWolRTglQkUlQkUlRTclOTMlQTYlRTQlQkElODYlRTglQTclQTMlRTUlODglQjBpaiVFOCVCRSVCRSVFNyU5MyVBNiVFNCVCQSU4NiVFOCVBNyVBMyVFNSU4OCVCMGlqJUU4JUJFJUJFJUU3JTkzJUE2JUU0JUJBJTg2JUU4JUE3JUEzJUU1JTg4JUIwaWolRTglQkUlQkUlRTclOTMlQTYlRTQlQkElODYlRTglQTclQTMlRTUlODglQjBpaiVFOCVCRSVCRSVFNyU5MyVBNiVFNCVCQSU4NiVFOCVBNyVBMyVFNSU4OCVCMGlqJUU4JUJFJUJFJUU3JTkzJUE2JUU0JUJBJTg2JUU4JUE3JUEzJUU1JTg4JUIwaWolRTglQkUlQkUlRTclOTMlQTYlRTQlQkElODYlRTglQTclQTMlRTUlODglQjBpaiVFOCVCRSVCRSVFNyU5MyVBNiVFNCVCQSU4NiVFOCVBNyVBMyVFNSU4OCVCMGlqJUU4JUJFJUJFJUU3JTkzJUE2JUU0JUJBJTg2JUU4JUE3JUEzJUU1JTg4JUIwaWolRTglQkUlQkUlRTclOTMlQTYlRTQlQkElODYlRTglQTclQTMlRTUlODglQjBpaiVFOCVCRSVCRSVFNyU5MyVBNiVFNCVCQSU4NiVFOCVBNyVBMyVFNSU4OCVCMGlqJUU4JUJFJUJFJUU3JTkzJUE2JUU0JUJBJTg2JUU4JUE3JUEzJUU1JTg4JUIwaWolRTglQkUlQkUlRTclOTMlQTYlRTQlQkElODYlRTglQTclQTMlRTUlODglQjBpaiVFOCVCRSVCRSVFNyU5MyVBNiVFNCVCQSU4NiVFOCVBNyVBMyVFNSU4OCVCMGlqJUU4JUJFJUJFJUU3JTkzJUE2JUU0JUJBJTg2JUU4JUE3JUEzJUU1JTg4JUIwaWolRTglQkUlQkUlRTclOTMlQTYlRTQlQkElODYlRTglQTclQTMlRTUlODglQjBpaiVFOCVCRSVCRSVFNyU5MyVBNiVFNCVCQSU4NiVFOCVBNyVBMyVFNSU4OCVCMGlqJUU4JUJFJUJFJUU3JTkzJUE2JUU0JUJBJTg2JUU4JUE3JUEzJUU1JTg4JUIwaWolRTglQkUlQkUlRTclOTMlQTYlRTQlQkElODYlRTglQTclQTMlRTUlODglQjBpaiVFOCVCRSVCRSVFNyU5MyVBNiVFNCVCQSU4NiVFOCVBNyVBMyVFNSU4OCVCMGlqJUU4JUJFJUJFJUU3JTkzJUE2JUU0JUJBJTg2JUU4JUE3JUEzJUU1JTg4JUIwaWolRTglQkUlQkUlRTclOTMlQTYlRTQlQkElODYlRTglQTclQTMlRTUlODglQjBpaiVFOCVCRSVCRSVFNyU5MyVBNiVFNCVCQSU4NiVFOCVBNyVBMyVFNSU4OCVCMGlqJUU4JUJFJUJFJUU3JTkzJUE2JUU0JUJBJTg2JUU4JUE3JUEzJUU1JTg4JUIwaWolRTglQkUlQkUlRTclOTMlQTYlRTQlQkElODYlRTglQTclQTMlRTUlODglQjBpaiVFOCVCRSVCRSVFNyU5MyVBNiVFNCVCQSU4NiVFOCVBNyVBMyVFNSU4OCVCMGlqJUU4JUJFJUJFJUU3JTkzJUE2JUU0JUJBJTg2JUU4JUE3JUEzJUU1JTg4JUIwaWolRTglQkUlQkUlRTclOTMlQTYlRTQlQkElODYlRTglQTclQTMlRTUlODglQjBpaiVFOCVCRSVCRSVFNyU5MyVBNiVFNCVCQSU4NiVFOCVBNyVBMyVFNSU4OCVCMGlqJUU4JUJFJUJFJUU3JTkzJUE2JUU0JUJBJTg2JUU4JUE3JUEzJUU1JTg4JUIwaWolRTglQkUlQkUlRTclOTMlQTYlRTQlQkElODYlRTglQTclQTMlRTUlODglQjBpaiVFOCVCRSVCRSVFNyU5MyVBNiVFNCVCQSU4NiVFOCVBNyVBMyVFNSU4OCVCMGlqJUU4JUJFJUJFJUU3JTkzJUE2JUU0JUJBJTg2JUU4JUE3JUEzJUU1JTg4JUIwaWolRTglQkUlQkUlRTclOTMlQTYlRTQlQkElODYlRTglQTclQTMlRTUlODglQjBpaiVFOCVCRSVCRSVFNyU5MyVBNiVFNCVCQSU4NiVFOCVBNyVBMyVFNSU4OCVCMGlqJUU4JUJFJUJFJUU3JTkzJUE2JUU0JUJBJTg2JUU4JUE3JUEzJUU1JTg4JUIwaWolRTglQkUlQkUlRTclOTMlQTYlRTQlQkElODYlRTglQTclQTMlRTUlODglQjBpaiVFOCVCRSVCRSVFNyU5MyVBNiVFNCVCQSU4NiVFOCVBNyVBMyVFNSU4OCVCMGlqJUU4JUJFJUJFJUU3JTkzJUE2JUU0JUJBJTg2JUU4JUE3JUEzJUU1JTg4JUIwaWolRTglQkUlQkUlRTclOTMlQTYlRTQlQkElODYlRTglQTclQTMlRTUlODglQjBpaiVFOCVCRSVCRSVFNyU5MyVBNiVFNCVCQSU4NiVFOCVBNyVBMyVFNSU4OCVCMGlqJUU4JUJFJUJFJUU3JTkzJUE2JUU0JUJBJTg2JUU4JUE3JUEzJUU1JTg4JUIwaWolRTglQkUlQkUlRTclOTMlQTYlRTQlQkElODYlRTglQTclQTMlRTUlODglQjBpaiVFOCVCRSVCRSVFNyU5MyVBNiVFNCVCQSU4NiVFOCVBNyVBMyVFNSU4OCVCMGlqJUU4JUJFJUJFJUU3JTkzJUE2JUU0JUJBJTg2JUU4JUE3JUEzJUU1JTg4JUIwaWolRTglQkUlQkUlRTclOTMlQTYlRTQlQkElODYlRTglQTclQTMlRTUlODglQjBpaiVFOCVCRSVCRSVFNyU5MyVBNiVFNCVCQSU4NiVFOCVBNyVBMyVFNSU4OCVCMGlqJUU4JUJFJUJFJUU3JTkzJUE2JUU0JUJBJTg2JUU4JUE3JUEzJUU1JTg4JUIwaWolRTglQkUlQkUlRTclOTMlQTYlRTQlQkElODYlRTglQTclQTMlRTUlODglQjBpaiVFOCVCRSVCRSVFNyU5MyVBNiVFNCVCQSU4NiVFOCVBNyVBMyVFNSU4OCVCMGlqJUU4JUJFJUJFJUU3JTkzJUE2JUU0JUJBJTg2JUU4JUE3JUEzJUU1JTg4JUIwaWolRTglQkUlQkUlRTclOTMlQTYlRTQlQkElODYlRTglQTclQTMlRTUlODglQjBpaiVFOCVCRSVCRSVFNyU5MyVBNiVFNCVCQSU4NiVFOCVBNyVBMyVFNSU4OCVCMGlqJUU4JUJFJUJFJUU3JTkzJUE2JUU0JUJBJTg2JUU4JUE3JUEzJUU1JTg4JUIwaWolRTglQkUlQkUlRTclOTMlQTYlRTQlQkElODYlRTglQTclQTMlRTUlODglQjBpaiVFOCVCRSVCRSVFNyU5MyVBNiVFNCVCQSU4NiVFOCVBNyVBMyVFNSU4OCVCMGlqJUU4JUJFJUJFJUU3JTkzJUE2JUU0JUJBJTg2JUU4JUE3JUEzJUU1JTg4JUIwaWolRTglQkUlQkUlRTclOTMlQTYlRTQlQkElODYlRTglQTclQTMlRTUlODglQjBpaiVFOCVCRSVCRSVFNyU5MyVBNiVFNCVCQSU4NiVFOCVBNyVBMyVFNSU4OCVCMGlqJUU4JUJFJUJFJUU3JTkzJUE2JUU0JUJBJTg2JUU4JUE3JUEzJUU1JTg4JUIwaWolRTglQkUlQkUlRTclOTMlQTYlRTQlQkElODYlRTglQTclQTMlRTUlODglQjBpaiVFOCVCRSVCRSVFNyU5MyVBNiVFNCVCQSU4NiVFOCVBNyVBMyVFNSU4OCVCMGlqJUU4JUJFJUJFJUU3JTkzJUE2JUU0JUJBJTg2JUU4JUE3JUEzJUU1JTg4JUIwaWolRTglQkUlQkUlRTclOTMlQTYlRTQlQkElODYlRTglQTclQTMlRTUlODglQjBpaiVFOCVCRSVCRSVFNyU5MyVBNiVFNCVCQSU4NiVFOCVBNyVBMyVFNSU4OCVCMGlqJUU4JUJFJUJFJUU3JTkzJUE2JUU0JUJBJTg2JUU4JUE3JUEzJUU1JTg4JUIwaWolRTglQkUlQkUlRTclOTMlQTYlRTQlQkElODYlRTglQTclQTMlRTUlODglQjBpaiVFOCVCRSVCRSVFNyU5MyVBNiVFNCVCQSU4NiVFOCVBNyVBMyVFNSU4OCVCMGlqJUU4JUJFJUJFJUU3JTkzJUE2JUU0JUJBJTg2JUU4JUE3JUEzJUU1JTg4JUIwaWolRTglQkUlQkUlRTclOTMlQTYlRTQlQkElODYlRTglQTclQTMlRTUlODglQjBpaiVFOCVCRSVCRSVFNyU5MyVBNiVFNCVCQSU4NiVFOCVBNyVBMyVFNSU4OCVCMGlqJUU4JUJFJUJFJUU3JTkzJUE2JUU0JUJBJTg2JUU4JUE3JUEzJUU1JTg4JUIwaWolRTglQkUlQkUlRTclOTMlQTYlRTQlQkElODYlRTglQTclQTMlRTUlODglQjBpaiVFOCVCRSVCRSVFNyU5MyVBNiVFNCVCQSU4NiVFOCVBNyVBMyVFNSU4OCVCMGlqJUU4JUJFJUJFJUU3JTkzJUE2JUU0JUJBJTg2JUU4JUE3JUEzJUU1JTg4JUIwaWolRTglQkUlQkUlRTclOTMlQTYlRTQlQkElODYlRTglQTclQTMlRTUlODglQjBpaiVFOCVCRSVCRSVFNyU5MyVBNiVFNCVCQSU4NiVFOCVBNyVBMyVFNSU4OCVCMGlqJUU4JUJFJUJFJUU3JTkzJUE2JUU0JUJBJTg2JUU4JUE3JUEzJUU1JTg4JUIwaWolRTglQkUlQkUlRTclOTMlQTYlRTQlQkElODYlRTglQTclQTMlRTUlODglQjBpaiVFOCVCRSVCRSVFNyU5MyVBNiVFNCVCQSU4NiVFOCVBNyVBMyVFNSU4OCVCMGlqJUU4JUJFJUJFJUU3JTkzJUE2JUU0JUJBJTg2JUU4JUE3JUEzJUU1JTg4JUIwaWolRTglQkUlQkUlRTclOTMlQTYlRTQlQkElODYlRTglQTclQTMlRTUlODglQjBpaiVFOCVCRSVCRSVFNyU5MyVBNiVFNCVCQSU4NiVFOCVBNyVBMyVFNSU4OCVCMGlqJUU4JUJFJUJFJUU3JTkzJUE2JUU0JUJBJTg2JUU4JUE3JUEzJUU1JTg4JUIwaWolRTglQkUlQkUlRTclOTMlQTYlRTQlQkElODYlRTglQTclQTMlRTUlODglQjBpaiVFOCVCRSVCRSVFNyU5MyVBNiVFNCVCQSU4NiVFOCVBNyVBMyVFNSU4OCVCMGlqJUU4JUJFJUJFJUU3JTkzJUE2JUU0JUJBJTg2JUU4JUE3JUEzJUU1JTg4JUIwaWolRTglQkUlQkUlRTclOTMlQTYlRTQlQkElODYlRTglQTclQTMlRTUlODglQjBpaiVFOCVCRSVCRSVFNyU5MyVBNiVFNCVCQSU4NiVFOCVBNyVBMyVFNSU4OCVCMGlqJUU4JUJFJUJFJUU3JTkzJUE2JUU0JUJBJTg2JUU4JUE3JUEzJUU1JTg4JUIwaWolRTglQkUlQkUlRTclOTMlQTYlRTQlQkElODYlRTglQTclQTMlRTUlODglQjBpaiVFOCVCRSVCRSVFNyU5MyVBNiVFNCVCQSU4NiVFOCVBNyVBMyVFNSU4OCVCMGlqJUU4JUJFJUJFJUU3JTkzJUE2JUU0JUJBJTg2JUU4JUE3JUEzJUU1JTg4JUIwaWolRTglQkUlQkUlRTclOTMlQTYlRTQlQkElODYlRTglQTclQTMlRTUlODglQjBpaiVFOCVCRSVCRSVFNyU5MyVBNiVFNCVCQSU4NiVFOCVBNyVBMyVFNSU4OCVCMGlqJUU4JUJFJUJFJUU3JTkzJUE2JUU0JUJBJTg2JUU4JUE3JUEzJUU1JTg4JUIwaWolRTglQkUlQkUlRTclOTMlQTYlRTQlQkElODYlRTglQTclQTMlRTUlODglQjBpaiVFOCVCRSVCRSVFNyU5MyVBNiVFNCVCQSU4NiVFOCVBNyVBMyVFNSU4OCVCMGlqJUU4JUJFJUJFJUU3JTkzJUE2JUU0JUJBJTg2JUU4JUE3JUEzJUU1JTg4JUIwaWolRTglQkUlQkUlRTclOTMlQTYlRTQlQkElODYlRTglQTclQTMlRTUlODglQjBpaiVFOCVCRSVCRSVFNyU5MyVBNiVFNCVCQSU4NiVFOCVBNyVBMyVFNSU4OCVCMGlqJUU4JUJFJUJFJUU3JTkzJUE2JUU0JUJBJTg2JUU4JUE3JUEzJUU1JTg4JUIwaWolRTglQkUlQkUlRTclOTMlQTYlRTQlQkElODYlRTglQTclQTMlRTUlODglQjBpaiVFOCVCRSVCRSVFNyU5MyVBNiVFNCVCQSU4NiVFOCVBNyVBMyVFNSU4OCVCMGlqJUU4JUJFJUJFJUU3JTkzJUE2JUU0JUJBJTg2JUU4JUE3JUEzJUU1JTg4JUIwaWolRTglQkUlQkUlRTclOTMlQTYlRTQlQkElODYlRTglQTclQTMlRTUlODglQjBpaiVFOCVCRSVCRSVFNyU5MyVBNiVFNCVCQSU4NiVFOCVBNyVBMyVFNSU4OCVCMGlqJUU4JUJFJUJFJUU3JTkzJUE2JUU0JUJBJTg2JUU4JUE3JUEzJUU1JTg4JUIwaWolRTglQkUlQkUlRTclOTMlQTYlRTQlQkElODYlRTglQTclQTMlRTUlODglQjBpaiVFOCVCRSVCRSVFNyU5MyVBNiVFNCVCQSU4NiVFOCVBNyVBMyVFNSU4OCVCMGlqJUU4JUJFJUJFJUU3JTkzJUE2JUU0JUJBJTg2JUU4JUE3JUEzJUU1JTg4JUIwaWolRTglQkUlQkUlRTclOTMlQTYlRTQlQkElODYlRTglQTclQTMlRTUlODglQjBpaiVFOCVCRSVCRSVFNyU5MyVBNiVFNCVCQSU4NiVFOCVBNyVBMyVFNSU4OCVCMGlqJUU4JUJFJUJFJUU3JTkzJUE2JUU0JUJBJTg2JUU4JUE3JUEzJUU1JTg4JUIwaWolRTglQkUlQkUlRTclOTMlQTYlRTQlQkElODYlRTglQTclQTMlRTUlODglQjBpaiVFOCVCRSVCRSVFNyU5MyVBNiVFNCVCQSU4NiVFOCVBNyVBMyVFNSU4OCVCMGlqJUU4JUJFJUJFJUU3JTkzJUE2JUU0JUJBJTg2JUU4JUE3JUEzJUU1JTg4JUIwaWolRTglQkUlQkUlRTclOTMlQTYlRTQlQkElODYlRTglQTclQTMlRTUlODglQjBpaiVFOCVCRSVCRSVFNyU5MyVBNiVFNCVCQSU4NiVFOCVBNyVBMyVFNSU4OCVCMGlqJUU4JUJFJUJFJUU3JTkzJUE2JUU0JUJBJTg2JUU4JUE3JUEzJUU1JTg4JUIwaWolRTglQkUlQkUlRTclOTMlQTYlRTQlQkElODYlRTglQTclQTMlRTUlODglQjBpaiVFOCVCRSVCRSVFNyU5MyVBNiVFNCVCQSU4NiVFOCVBNyVBMyVFNSU4OCVCMGlqJUU4JUJFJUJFJUU3JTkzJUE2JUU0JUJBJTg2JUU4JUE3JUEzJUU1JTg4JUIwaWolRTglQkUlQkUlRTclOTMlQTYlRTQlQkElODYlRTglQTclQTMlRTUlODglQjBpaiVFOCVCRSVCRSVFNyU5MyVBNiVFNCVCQSU4NiVFOCVBNyVBMyVFNSU4OCVCMGlqJUU4JUJFJUJFJUU3JTkzJUE2JUU0JUJBJTg2JUU4JUE3JUEzJUU1JTg4JUIwaWolRTglQkUlQkUlRTclOTMlQTYlRTQlQkElODYlRTglQTclQTMlRTUlODglQjBpaiVFOCVCRSVCRSVFNyU5MyVBNiVFNCVCQSU4NiVFOCVBNyVBMyVFNSU4OCVCMGlqJUU4JUJFJUJFJUU3JTkzJUE2JUU0JUJBJTg2JUU4JUE3JUEzJUU1JTg4JUIwaWolRTglQkUlQkUlRTclOTMlQTYlRTQlQkElODYlRTglQTclQTMlRTUlODglQjBpaiVFOCVCRSVCRSVFNyU5MyVBNiVFNCVCQSU4NiVFOCVBNyVBMyVFNSU4OCVCMGlqJUU4JUJFJUJFJUU3JTkzJUE2JUU0JUJBJTg2JUU4JUE3JUEzJUU1JTg4JUIwaWolRTglQkUlQkUlRTclOTMlQTYlRTQlQkElODYlRTglQTclQTMlRTUlODglQjBpaiVFOCVCRSVCRSVFNyU5MyVBNiVFNCVCQSU4NiVFOCVBNyVBMyVFNSU4OCVCMGlqJUU4JUJFJUJFJUU3JTkzJUE2JUU0JUJBJTg2JUU4JUE3JUEzJUU1JTg4JUIwaWolRTglQkUlQkUlRTclOTMlQTYlRTQlQkElODYlRTglQTclQTMlRTUlODglQjBpaiVFOCVCRSVCRSVFNyU5MyVBNiVFNCVCQSU4NiVFOCVBNyVBMyVFNSU4OCVCMGlqJUU4JUJFJUJFJUU3JTkzJUE2JUU0JUJBJTg2JUU4JUE3JUEzJUU1JTg4JUIwaWolRTglQkUlQkUlRTclOTMlQTYlRTQlQkElODYlRTglQTclQTMlRTUlODglQjBpaiVFOCVCRSVCRSVFNyU5MyVBNiVFNCVCQSU4NiVFOCVBNyVBMyVFNSU4OCVCMGlqJUU4JUJFJUJFJUU3JTkzJUE2JUU0JUJBJTg2JUU4JUE3JUEzJUU1JTg4JUIwaWolRTglQkUlQkUlRTclOTMlQTYlRTQlQkElODYlRTglQTclQTMlRTUlODglQjBpaiVFOCVCRSVCRSVFNyU5MyVBNiVFNCVCQSU4NiVFOCVBNyVBMyVFNSU4OCVCMGlqJUU4JUJFJUJFJUU3JTkzJUE2JUU0JUJBJTg2JUU4JUE3JUEzJUU1JTg4JUIwaWolRTglQkUlQkUlRTclOTMlQTYlRTQlQkElODYlRTglQTclQTMlRTUlODglQjBpaiVFOCVCRSVCRSVFNyU5MyVBNiVFNCVCQSU4NiVFOCVBNyVBMyVFNSU4OCVCMGlqJUU4JUJFJUJFJUU3JTkzJUE2JUU0JUJBJTg2JUU4JUE3JUEzJUU1JTg4JUIwaWolRTglQkUlQkUlRTclOTMlQTYlRTQlQkElODYlRTglQTclQTMlRTUlODglQjBpaiVFOCVCRSVCRSVFNyU5MyVBNiVFNCVCQSU4NiVFOCVBNyVBMyVFNSU4OCVCMGlqJUU4JUJFJUJFJUU3JTkzJUE2JUU0JUJBJTg2JUU4JUE3JUEzJUU1JTg4JUIwaWolRTglQkUlQkUlRTclOTMlQTYlRTQlQkElODYlRTglQTclQTMlRTUlODglQjBpaiVFOCVCRSVCRSVFNyU5MyVBNiVFNCVCQSU4NiVFOCVBNyVBMyVFNSU4OCVCMGlqJUU4JUJFJUJFJUU3JTkzJUE2JUU0JUJBJTg2JUU4JUE3JUEzJUU1JTg4JUIwaWolRTglQkUlQkUlRTclOTMlQTYlRTQlQkElODYlRTglQTclQTMlRTUlODglQjBpaiVFOCVCRSVCRSVFNyU5MyVBNiVFNCVCQSU4NiVFOCVBNyVBMyVFNSU4OCVCMGlqJUU4JUJFJUJFJUU3JTkzJUE2JUU0JUJBJTg2JUU4JUE3JUEzJUU1JTg4JUIwaWolRTglQkUlQkUlRTclOTMlQTYlRTQlQkElODYlRTglQTclQTMlRTUlODglQjBpaiVFOCVCRSVCRSVFNyU5MyVBNiVFNCVCQSU4NiVFOCVBNyVBMyVFNSU4OCVCMGlqJUU4JUJFJUJFJUU3JTkzJUE2JUU0JUJBJTg2JUU4JUE3JUEzJUU1JTg4JUIwaWolRTglQkUlQkUlRTclOTMlQTYlRTQlQkElODYlRTglQTclQTMlRTUlODglQjBpaiVFOCVCRSVCRSVFNyU5MyVBNiVFNCVCQSU4NiVFOCVBNyVBMyVFNSU4OCVCMGlqJUU4JUJFJUJFJUU3JTkzJUE2JUU0JUJBJTg2JUU4JUE3JUEzJUU1JTg4JUIwaWolRTglQkUlQkUlRTclOTMlQTYlRTQlQkElODYlRTglQTclQTMlRTUlODglQjBpaiVFOCVCRSVCRSVFNyU5MyVBNiVFNCVCQSU4NiVFOCVBNyVBMyVFNSU4OCVCMGlqJUU4JUJFJUJFJUU3JTkzJUE2JUU0JUJBJTg2JUU4JUE3JUEzJUU1JTg4JUIwaWolRTglQkUlQkUlRTclOTMlQTYlRTQlQkElODYlRTglQTclQTMlRTUlODglQjBpaiVFOCVCRSVCRSVFNyU5MyVBNiVFNCVCQSU4NiVFOCVBNyVBMyVFNSU4OCVCMGlqJUU4JUJFJUJFJUU3JTkzJUE2JUU0JUJBJTg2JUU4JUE3JUEzJUU1JTg4JUIwaWolRTglQkUlQkUlRTclOTMlQTYlRTQlQkElODYlRTglQTclQTMlRTUlODglQjBpaiVFOCVCRSVCRSVFNyU5MyVBNiVFNCVCQSU4NiVFOCVBNyVBMyVFNSU4OCVCMGlqJUU4JUJFJUJFJUU3JTkzJUE2JUU0JUJBJTg2JUU4JUE3JUEzJUU1JTg4JUIwaWolRTglQkUlQkUlRTclOTMlQTYlRTQlQkElODYlRTglQTclQTMlRTUlODglQjBpaiVFOCVCRSVCRSVFNyU5MyVBNiVFNCVCQSU4NiVFOCVBNyVBMyVFNSU4OCVCMGlqJUU4JUJFJUJFJUU3JTkzJUE2JUU0JUJBJTg2JUU4JUE3JUEzJUU1JTg4JUIwaWolRTglQkUlQkUlRTclOTMlQTYlRTQlQkElODYlRTglQTclQTMlRTUlODglQjBpaiVFOCVCRSVCRSVFNyU5MyVBNiVFNCVCQSU4NiVFOCVBNyVBMyVFNSU4OCVCMGlqJUU4JUJFJUJFJUU3JTkzJUE2JUU0JUJBJTg2JUU4JUE3JUEzJUU1JTg4JUIwaWolRTglQkUlQkUlRTclOTMlQTYlRTQlQkElODYlRTglQTclQTMlRTUlODglQjBpaiVFOCVCRSVCRSVFNyU5MyVBNiVFNCVCQSU4NiVFOCVBNyVBMyVFNSU4OCVCMGlqJUU4JUJFJUJFJUU3JTkzJUE2JUU0JUJBJTg2JUU4JUE3JUEzJUU1JTg4JUIwaWolRTglQkUlQkUlRTclOTMlQTYlRTQlQkElODYlRTglQTclQTMlRTUlODglQjBpaiVFOCVCRSVCRSVFNyU5MyVBNiVFNCVCQSU4NiVFOCVBNyVBMyVFNSU4OCVCMGlqJUU4JUJFJUJFJUU3JTkzJUE2JUU0JUJBJTg2JUU4JUE3JUEzJUU1JTg4JUIwaWolRTglQkUlQkUlRTclOTMlQTYlRTQlQkElODYlRTglQTclQTMlRTUlODglQjBpaiVFOCVCRSVCRSVFNyU5MyVBNiVFNCVCQSU4NiVFOCVBNyVBMyVFNSU4OCVCMGlqJUU4JUJFJUJFJUU3JTkzJUE2JUU0JUJBJTg2JUU4JUE3JUEzJUU1JTg4JUIwaWolRTglQkUlQkUlRTclOTMlQTYlRTQlQkElODYlRTglQTclQTMlRTUlODglQjBpaiVFOCVCRSVCRSVFNyU5MyVBNiVFNCVCQSU4NiVFOCVBNyVBMyVFNSU4OCVCMGlqJUU4JUJFJUJFJUU3JTkzJUE2JUU0JUJBJTg2JUU4JUE3JUEzJUU1JTg4JUIwaWolRTglQkUlQkUlRTclOTMlQTYlRTQlQkElODYlRTglQTclQTMlRTUlODglQjBpaiVFOCVCRSVCRSVFNyU5MyVBNiVFNCVCQSU4NiVFOCVBNyVBMyVFNSU4OCVCMGlqJUU4JUJFJUJFJUU3JTkzJUE2JUU0JUJBJTg2JUU4JUE3JUEzJUU1JTg4JUIwaWolRTglQkUlQkUlRTclOTMlQTYlRTQlQkElODYlRTglQTclQTMlRTUlODglQjBpaiVFOCVCRSVCRSVFNyU5MyVBNiVFNCVCQSU4NiVFOCVBNyVBMyVFNSU4OCVCMGlqJUU4JUJFJUJFJUU3JTkzJUE2JUU0JUJBJTg2JUU4JUE3JUEzJUU1JTg4JUIwaWolRTglQkUlQkUlRTclOTMlQTYlRTQlQkElODYlRTglQTclQTMlRTUlODglQjBpaiVFOCVCRSVCRSVFNyU5MyVBNiVFNCVCQSU4NiVFOCVBNyVBMyVFNSU4OCVCMGlqJUU4JUJFJUJFJUU3JTkzJUE2JUU0JUJBJTg2JUU4JUE3JUEzJUU1JTg4JUIwaWolRTglQkUlQkUlRTclOTMlQTYlRTQlQkElODYlRTglQTclQTMlRTUlODglQjBpaiVFOCVCRSVCRSVFNyU5MyVBNiVFNCVCQSU4NiVFOCVBNyVBMyVFNSU4OCVCMGlqJUU4JUJFJUJFJUU3JTkzJUE2JUU0JUJBJTg2JUU4JUE3JUEzJUU1JTg4JUIwaWolRTglQkUlQkUlRTclOTMlQTYlRTQlQkElODYlRTglQTclQTMlRTUlODglQjBpaiVFOCVCRSVCRSVFNyU5MyVBNiVFNCVCQSU4NiVFOCVBNyVBMyVFNSU4OCVCMGlqJUU4JUJFJUJFJUU3JTkzJUE2JUU0JUJBJTg2JUU4JUE3JUEzJUU1JTg4JUIwaWolRTglQkUlQkUlRTclOTMlQTYlRTQlQkElODYlRTglQTclQTMlRTUlODglQjBpaiVFOCVCRSVCRSVFNyU5MyVBNiVFNCVCQSU4NiVFOCVBNyVBMyVFNSU4OCVCMGlqJUU4JUJFJUJFJUU3JTkzJUE2JUU0JUJBJTg2JUU4JUE3JUEzJUU1JTg4JUIwaWolRTglQkUlQkUlRTclOTMlQTYlRTQlQkElODYlRTglQTclQTMlRTUlODglQjBpaiVFOCVCRSVCRSVFNyU5MyVBNiVFNCVCQSU4NiVFOCVBNyVBMyVFNSU4OCVCMGlqJUU4JUJFJUJFJUU3JTkzJUE2JUU0JUJBJTg2JUU4JUE3JUEzJUU1JTg4JUIwaWolRTglQkUlQkUlRTclOTMlQTYlRTQlQkElODYlRTglQTclQTMlRTUlODglQjBpaiVFOCVCRSVCRSVFNyU5MyVBNiVFNCVCQSU4NiVFOCVBNyVBMyVFNSU4OCVCMGlqJUU4JUJFJUJFJUU3JTkzJUE2JUU0JUJBJTg2JUU4JUE3JUEzJUU1JTg4JUIwaWolRTglQkUlQkUlRTclOTMlQTYlRTQlQkElODYlRTglQTclQTMlRTUlODglQjBpaiVFOCVCRSVCRSVFNyU5MyVBNiVFNCVCQSU4NiVFOCVBNyVBMyVFNSU4OCVCMGlqJUU4JUJFJUJFJUU3JTkzJUE2JUU0JUJBJTg2JUU4JUE3JUEzJUU1JTg4JUIwaWolRTglQkUlQkUlRTclOTMlQTYlRTQlQkElODYlRTglQTclQTMlRTUlODglQjBpaiVFOCVCRSVCRSVFNyU5MyVBNiVFNCVCQSU4NiVFOCVBNyVBMyVFNSU4OCVCMGlqJUU4JUJFJUJFJUU3JTkzJUE2JUU0JUJBJTg2JUU4JUE3JUEzJUU1JTg4JUIwaWolRTglQkUlQkUlRTclOTMlQTYlRTQlQkElODYlRTglQTclQTMlRTUlODglQjBpaiVFOCVCRSVCRSVFNyU5MyVBNiVFNCVCQSU4NiVFOCVBNyVBMyVFNSU4OCVCMGlqJUU4JUJFJUJFJUU3JTkzJUE2JUU0JUJBJTg2JUU4JUE3JUEzJUU1JTg4JUIwaWolRTglQkUlQkUlRTclOTMlQTYlRTQlQkElODYlRTglQTclQTMlRTUlODglQjBpaiVFOCVCRSVCRSVFNyU5MyVBNiVFNCVCQSU4NiVFOCVBNyVBMyVFNSU4OCVCMGlqJUU4JUJFJUJFJUU3JTkzJUE2JUU0JUJBJTg2JUU4JUE3JUEzJUU1JTg4JUIwaWolRTglQkUlQkUlRTclOTMlQTYlRTQlQkElODYlRTglQTclQTMlRTUlODglQjBpaiVFOCVCRSVCRSVFNyU5MyVBNiVFNCVCQSU4NiVFOCVBNyVBMyVFNSU4OCVCMGlqJUU4JUJFJUJFJUU3JTkzJUE2JUU0JUJBJTg2JUU4JUE3JUEzJUU1JTg4JUIwaWolRTglQkUlQkUlRTclOTMlQTYlRTQlQkElODYlRTglQTclQTMlRTUlODglQjBpaiVFOCVCRSVCRSVFNyU5MyVBNiVFNCVCQSU4NiVFOCVBNyVBMyVFNSU4OCVCMGlqJUU4JUJFJUJFJUU3JTkzJUE2JUU0JUJBJTg2JUU4JUE3JUEzJUU1JTg4JUIwaWolRTglQkUlQkUlRTclOTMlQTYlRTQlQkElODYlRTglQTclQTMlRTUlODglQjBpaiVFOCVCRSVCRSVFNyU5MyVBNiVFNCVCQSU4NiVFOCVBNyVBMyVFNSU4OCVCMGlqJUU4JUJFJUJFJUU3JTkzJUE2JUU0JUJBJTg2JUU4JUE3JUEzJUU1JTg4JUIwaWolRTglQkUlQkUlRTclOTMlQTYlRTQlQkElODYlRTglQTclQTMlRTUlODglQjBpaiVFOCVCRSVCRSVFNyU5MyVBNiVFNCVCQSU4NiVFOCVBNyVBMyVFNSU4OCVCMGlqJUU4JUJFJUJFJUU3JTkzJUE2JUU0JUJBJTg2JUU4JUE3JUEzJUU1JTg4JUIwaWolRTglQkUlQkUlRTclOTMlQTYlRTQlQkElODYlRTglQTclQTMlRTUlODglQjBpaiVFOCVCRSVCRSVFNyU5MyVBNiVFNCVCQSU4NiVFOCVBNyVBMyVFNSU4OCVCMGlqJUU4JUJFJUJFJUU3JTkzJUE2JUU0JUJBJTg2JUU4JUE3JUEzJUU1JTg4JUIwaWolRTglQkUlQkUlRTclOTMlQTYlRTQlQkElODYlRTglQTclQTMlRTUlODglQjBpaiVFOCVCRSVCRSVFNyU5MyVBNiVFNCVCQSU4NiVFOCVBNyVBMyVFNSU4OCVCMGlqJUU4JUJFJUJFJUU3JTkzJUE2JUU0JUJBJTg2JUU4JUE3JUEzJUU1JTg4JUIwaWolRTglQkUlQkUlRTclOTMlQTYlRTQlQkElODYlRTglQTclQTMlRTUlODglQjBpaiVFOCVCRSVCRSVFNyU5MyVBNiVFNCVCQSU4NiVFOCVBNyVBMyVFNSU4OCVCMGlqJUU4JUJFJUJFJUU3JTkzJUE2JUU0JUJBJTg2JUU4JUE3JUEzJUU1JTg4JUIwaWolRTglQkUlQkUlRTclOTMlQTYlRTQlQkElODYlRTglQTclQTMlRTUlODglQjBpaiVFOCVCRSVCRSVFNyU5MyVBNiVFNCVCQSU4NiVFOCVBNyVBMyVFNSU4OCVCMGlqJUU4JUJFJUJFJUU3JTkzJUE2JUU0JUJBJTg2JUU4JUE3JUEzJUU1JTg4JUIwaWolRTglQkUlQkUlRTclOTMlQTYlRTQlQkElODYlRTglQTclQTMlRTUlODglQjBpaiVFOCVCRSVCRSVFNyU5MyVBNiVFNCVCQSU4NiVFOCVBNyVBMyVFNSU4OCVCMGlqJUU4JUJFJUJFJUU3JTkzJUE2JUU0JUJBJTg2JUU4JUE3JUEzJUU1JTg4JUIwaWolRTglQkUlQkUlRTclOTMlQTYlRTQlQkElODYlRTglQTclQTMlRTUlODglQjBpaiVFOCVCRSVCRSVFNyU5MyVBNiVFNCVCQSU4NiVFOCVBNyVBMyVFNSU4OCVCMGlqJUU4JUJFJUJFJUU3JTkzJUE2JUU0JUJBJTg2JUU4JUE3JUEzJUU1JTg4JUIwaWolRTglQkUlQkUlRTclOTMlQTYlRTQlQkElODYlRTglQTclQTMlRTUlODglQjBpaiVFOCVCRSVCRSVFNyU5MyVBNiVFNCVCQSU4NiVFOCVBNyVBMyVFNSU4OCVCMGlqdiUyNm5ic3AlM0IlMjAlMjZuYnNwJTNCJTIwJTI2bmJzcCUzQiUyMCUyNm5ic3AlM0IlMjAlMjZuYnNwJTNCJTIwJTI2bmJzcCUzQiUyMCUyNm5ic3AlM0IlMjAlMjZuYnNwJTNCJTIwJTI2bmJzcCUzQiUyMCUyNm5ic3AlM0IlMjAlMjZuYnNwJTNCJTIwJTI2bmJzcCUzQiUyMCUyNm5ic3AlM0IlRTglQkUlQkUlRTclOTMlQTYlRTQlQkElODYlRTglQTclQTMlRTUlODglQjBpaiVFOCVCRSVCRSVFNyU5MyVBNiVFNCVCQSU4NiVFOCVBNyVBMyVFNSU4OCVCMGlqJUU4JUJFJUJFJUU3JTkzJUE2JUU0JUJBJTg2JUU4JUE3JUEzJUU1JTg4JUIwaWolRTglQkUlQkUlRTclOTMlQTYlRTQlQkElODYlRTglQTclQTMlRTUlODglQjBpaiVFOCVCRSVCRSVFNyU5MyVBNiVFNCVCQSU4NiVFOCVBNyVBMyVFNSU4OCVCMGlqJUU4JUJFJUJFJUU3JTkzJUE2JUU0JUJBJTg2JUU4JUE3JUEzJUU1JTg4JUIwaWolRTglQkUlQkUlRTclOTMlQTYlRTQlQkElODYlRTglQTclQTMlRTUlODglQjBpaiVFOCVCRSVCRSVFNyU5MyVBNiVFNCVCQSU4NiVFOCVBNyVBMyVFNSU4OCVCMGlqJUU4JUJFJUJFJUU3JTkzJUE2JUU0JUJBJTg2JUU4JUE3JUEzJUU1JTg4JUIwaWolRTglQkUlQkUlRTclOTMlQTYlRTQlQkElODYlRTglQTclQTMlRTUlODglQjBpaiVFOCVCRSVCRSVFNyU5MyVBNiVFNCVCQSU4NiVFOCVBNyVBMyVFNSU4OCVCMGlqJUU4JUJFJUJFJUU3JTkzJUE2JUU0JUJBJTg2JUU4JUE3JUEzJUU1JTg4JUIwaWolRTglQkUlQkUlRTclOTMlQTYlRTQlQkElODYlRTglQTclQTMlRTUlODglQjBpaiVFOCVCRSVCRSVFNyU5MyVBNiVFNCVCQSU4NiVFOCVBNyVBMyVFNSU4OCVCMGlqJUU4JUJFJUJFJUU3JTkzJUE2JUU0JUJBJTg2JUU4JUE3JUEzJUU1JTg4JUIwaWolRTglQkUlQkUlRTclOTMlQTYlRTQlQkElODYlRTglQTclQTMlRTUlODglQjBpaiVFOCVCRSVCRSVFNyU5MyVBNiVFNCVCQSU4NiVFOCVBNyVBMyVFNSU4OCVCMGlqJUU4JUJFJUJFJUU3JTkzJUE2JUU0JUJBJTg2JUU4JUE3JUEzJUU1JTg4JUIwaWolRTglQkUlQkUlRTclOTMlQTYlRTQlQkElODYlRTglQTclQTMlRTUlODglQjBpaiVFOCVCRSVCRSVFNyU5MyVBNiVFNCVCQSU4NiVFOCVBNyVBMyVFNSU4OCVCMGlqJUU4JUJFJUJFJUU3JTkzJUE2JUU0JUJBJTg2JUU4JUE3JUEzJUU1JTg4JUIwaWolRTglQkUlQkUlRTclOTMlQTYlRTQlQkElODYlRTglQTclQTMlRTUlODglQjBpaiVFOCVCRSVCRSVFNyU5MyVBNiVFNCVCQSU4NiVFOCVBNyVBMyVFNSU4OCVCMGlqJUU4JUJFJUJFJUU3JTkzJUE2JUU0JUJBJTg2JUU4JUE3JUEzJUU1JTg4JUIwaWolRTglQkUlQkUlRTclOTMlQTYlRTQlQkElODYlRTglQTclQTMlRTUlODglQjBpaiUzQyUyRnAlM0U=', 0)
GO
INSERT [dbo].[News] ([New_id], [New_content], [New_Show]) VALUES (94, N'JTNDcCUzRSVFNSVBNCVBNyVFNyU4RSU4QmklRTglQTclODklRTUlQkUlOTclRTUlQTQlQTclRTUlQUUlQjYlRTUlOTMlQTZpJUU0JUI4JUJBJUU1JUE0JUE3JUU1JUFFJUI2JUU1JTgxJUI2JUU4JUE3JTg5JUU1JUJFJTk3JUU1JTkzJTg3JUU1JTkzJUE2aSVFNSVBNCVBNyVFNSVBRSVCNiVFNSU4MSVCNiVFNSVCMCVCMSVFNiU4OCU5MWklRTUlQTQlOUElRTQlQjklODUlRTUlOTMlQTZpJUU0JUJBJUFDJUU0JUI4JTlDJUU3JTg4JUIxJUU2JTg4JTkxJUU1JUIwJUIxJTNDJTJGcCUzRSUzQ3AlM0UlRTUlQTQlQTclRTclOEUlOEJpJUU4JUE3JTg5JUU1JUJFJTk3JUU1JUE0JUE3JUU1JUFFJUI2JUU1JTkzJUE2aSVFNCVCOCVCQSVFNSVBNCVBNyVFNSVBRSVCNiVFNSU4MSVCNiVFOCVBNyU4OSVFNSVCRSU5NyVFNSU5MyU4NyVFNSU5MyVBNmklRTUlQTQlQTclRTUlQUUlQjYlRTUlODElQjYlRTUlQjAlQjElRTYlODglOTFpJUU1JUE0JTlBJUU0JUI5JTg1JUU1JTkzJUE2aSVFNCVCQSVBQyVFNCVCOCU5QyVFNyU4OCVCMSVFNiU4OCU5MSVFNSVCMCVCMSUzQyUyRnAlM0UlM0NwJTNFJUU1JUE0JUE3JUU3JThFJThCaSVFOCVBNyU4OSVFNSVCRSU5NyVFNSVBNCVBNyVFNSVBRSVCNiVFNSU5MyVBNmklRTQlQjglQkElRTUlQTQlQTclRTUlQUUlQjYlRTUlODElQjYlRTglQTclODklRTUlQkUlOTclRTUlOTMlODclRTUlOTMlQTZpJUU1JUE0JUE3JUU1JUFFJUI2JUU1JTgxJUI2JUU1JUIwJUIxJUU2JTg4JTkxaSVFNSVBNCU5QSVFNCVCOSU4NSVFNSU5MyVBNmklRTQlQkElQUMlRTQlQjglOUMlRTclODglQjElRTYlODglOTElRTUlQjAlQjElM0MlMkZwJTNFJTNDcCUzRSVFNSVBNCVBNyVFNyU4RSU4QmklRTglQTclODklRTUlQkUlOTclRTUlQTQlQTclRTUlQUUlQjYlRTUlOTMlQTZpJUU0JUI4JUJBJUU1JUE0JUE3JUU1JUFFJUI2JUU1JTgxJUI2JUU4JUE3JTg5JUU1JUJFJTk3JUU1JTkzJTg3JUU1JTkzJUE2aSVFNSVBNCVBNyVFNSVBRSVCNiVFNSU4MSVCNiVFNSVCMCVCMSVFNiU4OCU5MWklRTUlQTQlOUElRTQlQjklODUlRTUlOTMlQTZpJUU0JUJBJUFDJUU0JUI4JTlDJUU3JTg4JUIxJUU2JTg4JTkxJUU1JUIwJUIxJTNDJTJGcCUzRSUzQ3AlM0UlRTUlQTQlQTclRTclOEUlOEJpJUU4JUE3JTg5JUU1JUJFJTk3JUU1JUE0JUE3JUU1JUFFJUI2JUU1JTkzJUE2aSVFNCVCOCVCQSVFNSVBNCVBNyVFNSVBRSVCNiVFNSU4MSVCNiVFOCVBNyU4OSVFNSVCRSU5NyVFNSU5MyU4NyVFNSU5MyVBNmklRTUlQTQlQTclRTUlQUUlQjYlRTUlODElQjYlRTUlQjAlQjElRTYlODglOTFpJUU1JUE0JTlBJUU0JUI5JTg1JUU1JTkzJUE2aSVFNCVCQSVBQyVFNCVCOCU5QyVFNyU4OCVCMSVFNiU4OCU5MSVFNSVCMCVCMSUzQyUyRnAlM0UlM0NwJTNFJUU1JUE0JUE3JUU3JThFJThCaSVFOCVBNyU4OSVFNSVCRSU5NyVFNSVBNCVBNyVFNSVBRSVCNiVFNSU5MyVBNmklRTQlQjglQkElRTUlQTQlQTclRTUlQUUlQjYlRTUlODElQjYlRTglQTclODklRTUlQkUlOTclRTUlOTMlODclRTUlOTMlQTZpJUU1JUE0JUE3JUU1JUFFJUI2JUU1JTgxJUI2JUU1JUIwJUIxJUU2JTg4JTkxaSVFNSVBNCU5QSVFNCVCOSU4NSVFNSU5MyVBNmklRTQlQkElQUMlRTQlQjglOUMlRTclODglQjElRTYlODglOTElRTUlQjAlQjElM0MlMkZwJTNFJTNDcCUzRSVFNSVBNCVBNyVFNyU4RSU4QmklRTglQTclODklRTUlQkUlOTclRTUlQTQlQTclRTUlQUUlQjYlRTUlOTMlQTZpJUU0JUI4JUJBJUU1JUE0JUE3JUU1JUFFJUI2JUU1JTgxJUI2JUU4JUE3JTg5JUU1JUJFJTk3JUU1JTkzJTg3JUU1JTkzJUE2aSVFNSVBNCVBNyVFNSVBRSVCNiVFNSU4MSVCNiVFNSVCMCVCMSVFNiU4OCU5MWklRTUlQTQlOUElRTQlQjklODUlRTUlOTMlQTZpJUU0JUJBJUFDJUU0JUI4JTlDJUU3JTg4JUIxJUU2JTg4JTkxJUU1JUIwJUIxJUU1JUE0JUE3JUU3JThFJThCaSVFOCVBNyU4OSVFNSVCRSU5NyVFNSVBNCVBNyVFNSVBRSVCNiVFNSU5MyVBNmklRTQlQjglQkElRTUlQTQlQTclRTUlQUUlQjYlRTUlODElQjYlRTglQTclODklRTUlQkUlOTclRTUlOTMlODclRTUlOTMlQTZpJUU1JUE0JUE3JUU1JUFFJUI2JUU1JTgxJUI2JUU1JUIwJUIxJUU2JTg4JTkxaSVFNSVBNCU5QSVFNCVCOSU4NSVFNSU5MyVBNmklRTQlQkElQUMlRTQlQjglOUMlRTclODglQjElRTYlODglOTElRTUlQjAlQjElRTUlQTQlQTclRTclOEUlOEJpJUU4JUE3JTg5JUU1JUJFJTk3JUU1JUE0JUE3JUU1JUFFJUI2JUU1JTkzJUE2aSVFNCVCOCVCQSVFNSVBNCVBNyVFNSVBRSVCNiVFNSU4MSVCNiVFOCVBNyU4OSVFNSVCRSU5NyVFNSU5MyU4NyVFNSU5MyVBNmklRTUlQTQlQTclRTUlQUUlQjYlRTUlODElQjYlRTUlQjAlQjElRTYlODglOTFpJUU1JUE0JTlBJUU0JUI5JTg1JUU1JTkzJUE2aSVFNCVCQSVBQyVFNCVCOCU5QyVFNyU4OCVCMSVFNiU4OCU5MSVFNSVCMCVCMSVFNSVBNCVBNyVFNyU4RSU4QmklRTglQTclODklRTUlQkUlOTclRTUlQTQlQTclRTUlQUUlQjYlRTUlOTMlQTZpJUU0JUI4JUJBJUU1JUE0JUE3JUU1JUFFJUI2JUU1JTgxJUI2JUU4JUE3JTg5JUU1JUJFJTk3JUU1JTkzJTg3JUU1JTkzJUE2aSVFNSVBNCVBNyVFNSVBRSVCNiVFNSU4MSVCNiVFNSVCMCVCMSVFNiU4OCU5MWklRTUlQTQlOUElRTQlQjklODUlRTUlOTMlQTZpJUU0JUJBJUFDJUU0JUI4JTlDJUU3JTg4JUIxJUU2JTg4JTkxJUU1JUIwJUIxJUU1JUE0JUE3JUU3JThFJThCaSVFOCVBNyU4OSVFNSVCRSU5NyVFNSVBNCVBNyVFNSVBRSVCNiVFNSU5MyVBNmklRTQlQjglQkElRTUlQTQlQTclRTUlQUUlQjYlRTUlODElQjYlRTglQTclODklRTUlQkUlOTclRTUlOTMlODclRTUlOTMlQTZpJUU1JUE0JUE3JUU1JUFFJUI2JUU1JTgxJUI2JUU1JUIwJUIxJUU2JTg4JTkxaSVFNSVBNCU5QSVFNCVCOSU4NSVFNSU5MyVBNmklRTQlQkElQUMlRTQlQjglOUMlRTclODglQjElRTYlODglOTElRTUlQjAlQjElRTUlQTQlQTclRTclOEUlOEJpJUU4JUE3JTg5JUU1JUJFJTk3JUU1JUE0JUE3JUU1JUFFJUI2JUU1JTkzJUE2aSVFNCVCOCVCQSVFNSVBNCVBNyVFNSVBRSVCNiVFNSU4MSVCNiVFOCVBNyU4OSVFNSVCRSU5NyVFNSU5MyU4NyVFNSU5MyVBNmklRTUlQTQlQTclRTUlQUUlQjYlRTUlODElQjYlRTUlQjAlQjElRTYlODglOTFpJUU1JUE0JTlBJUU0JUI5JTg1JUU1JTkzJUE2aSVFNCVCQSVBQyVFNCVCOCU5QyVFNyU4OCVCMSVFNiU4OCU5MSVFNSVCMCVCMSUzQyUyRnAlM0UlM0NwJTNFJUU1JUE0JUE3JUU3JThFJThCaSVFOCVBNyU4OSVFNSVCRSU5NyVFNSVBNCVBNyVFNSVBRSVCNiVFNSU5MyVBNmklRTQlQjglQkElRTUlQTQlQTclRTUlQUUlQjYlRTUlODElQjYlRTglQTclODklRTUlQkUlOTclRTUlOTMlODclRTUlOTMlQTZpJUU1JUE0JUE3JUU1JUFFJUI2JUU1JTgxJUI2JUU1JUIwJUIxJUU2JTg4JTkxaSVFNSVBNCU5QSVFNCVCOSU4NSVFNSU5MyVBNmklRTQlQkElQUMlRTQlQjglOUMlRTclODglQjElRTYlODglOTElRTUlQjAlQjElM0MlMkZwJTNFJTNDcCUzRSVFNSVBNCVBNyVFNyU4RSU4QmklRTglQTclODklRTUlQkUlOTclRTUlQTQlQTclRTUlQUUlQjYlRTUlOTMlQTZpJUU0JUI4JUJBJUU1JUE0JUE3JUU1JUFFJUI2JUU1JTgxJUI2JUU4JUE3JTg5JUU1JUJFJTk3JUU1JTkzJTg3JUU1JTkzJUE2aSVFNSVBNCVBNyVFNSVBRSVCNiVFNSU4MSVCNiVFNSVCMCVCMSVFNiU4OCU5MWklRTUlQTQlOUElRTQlQjklODUlRTUlOTMlQTZpJUU0JUJBJUFDJUU0JUI4JTlDJUU3JTg4JUIxJUU2JTg4JTkxJUU1JUIwJUIxJTNDJTJGcCUzRSUzQ3AlM0UlRTUlQTQlQTclRTclOEUlOEJpJUU4JUE3JTg5JUU1JUJFJTk3JUU1JUE0JUE3JUU1JUFFJUI2JUU1JTkzJUE2aSVFNCVCOCVCQSVFNSVBNCVBNyVFNSVBRSVCNiVFNSU4MSVCNiVFOCVBNyU4OSVFNSVCRSU5NyVFNSU5MyU4NyVFNSU5MyVBNmklRTUlQTQlQTclRTUlQUUlQjYlRTUlODElQjYlRTUlQjAlQjElRTYlODglOTFpJUU1JUE0JTlBJUU0JUI5JTg1JUU1JTkzJUE2aSVFNCVCQSVBQyVFNCVCOCU5QyVFNyU4OCVCMSVFNiU4OCU5MSVFNSVCMCVCMSVFNSVBNCVBNyVFNyU4RSU4QmklRTglQTclODklRTUlQkUlOTclRTUlQTQlQTclRTUlQUUlQjYlRTUlOTMlQTZpJUU0JUI4JUJBJUU1JUE0JUE3JUU1JUFFJUI2JUU1JTgxJUI2JUU4JUE3JTg5JUU1JUJFJTk3JUU1JTkzJTg3JUU1JTkzJUE2aSVFNSVBNCVBNyVFNSVBRSVCNiVFNSU4MSVCNiVFNSVCMCVCMSVFNiU4OCU5MWklRTUlQTQlOUElRTQlQjklODUlRTUlOTMlQTZpJUU0JUJBJUFDJUU0JUI4JTlDJUU3JTg4JUIxJUU2JTg4JTkxJUU1JUIwJUIxJUU1JUE0JUE3JUU3JThFJThCaSVFOCVBNyU4OSVFNSVCRSU5NyVFNSVBNCVBNyVFNSVBRSVCNiVFNSU5MyVBNmklRTQlQjglQkElRTUlQTQlQTclRTUlQUUlQjYlRTUlODElQjYlRTglQTclODklRTUlQkUlOTclRTUlOTMlODclRTUlOTMlQTZpJUU1JUE0JUE3JUU1JUFFJUI2JUU1JTgxJUI2JUU1JUIwJUIxJUU2JTg4JTkxaSVFNSVBNCU5QSVFNCVCOSU4NSVFNSU5MyVBNmklRTQlQkElQUMlRTQlQjglOUMlRTclODglQjElRTYlODglOTElRTUlQjAlQjElM0MlMkZwJTNFJTNDcCUzRSVFNSVBNCVBNyVFNyU4RSU4QmklRTglQTclODklRTUlQkUlOTclRTUlQTQlQTclRTUlQUUlQjYlRTUlOTMlQTZpJUU0JUI4JUJBJUU1JUE0JUE3JUU1JUFFJUI2JUU1JTgxJUI2JUU4JUE3JTg5JUU1JUJFJTk3JUU1JTkzJTg3JUU1JTkzJUE2aSVFNSVBNCVBNyVFNSVBRSVCNiVFNSU4MSVCNiVFNSVCMCVCMSVFNiU4OCU5MWklRTUlQTQlOUElRTQlQjklODUlRTUlOTMlQTZpJUU0JUJBJUFDJUU0JUI4JTlDJUU3JTg4JUIxJUU2JTg4JTkxJUU1JUIwJUIxJTNDJTJGcCUzRSUzQ3AlM0UlRTUlQTQlQTclRTclOEUlOEJpJUU4JUE3JTg5JUU1JUJFJTk3JUU1JUE0JUE3JUU1JUFFJUI2JUU1JTkzJUE2aSVFNCVCOCVCQSVFNSVBNCVBNyVFNSVBRSVCNiVFNSU4MSVCNiVFOCVBNyU4OSVFNSVCRSU5NyVFNSU5MyU4NyVFNSU5MyVBNmklRTUlQTQlQTclRTUlQUUlQjYlRTUlODElQjYlRTUlQjAlQjElRTYlODglOTFpJUU1JUE0JTlBJUU0JUI5JTg1JUU1JTkzJUE2aSVFNCVCQSVBQyVFNCVCOCU5QyVFNyU4OCVCMSVFNiU4OCU5MSVFNSVCMCVCMSVFNSVBNCVBNyVFNyU4RSU4QmklRTglQTclODklRTUlQkUlOTclRTUlQTQlQTclRTUlQUUlQjYlRTUlOTMlQTZpJUU0JUI4JUJBJUU1JUE0JUE3JUU1JUFFJUI2JUU1JTgxJUI2JUU4JUE3JTg5JUU1JUJFJTk3JUU1JTkzJTg3JUU1JTkzJUE2aSVFNSVBNCVBNyVFNSVBRSVCNiVFNSU4MSVCNiVFNSVCMCVCMSVFNiU4OCU5MWklRTUlQTQlOUElRTQlQjklODUlRTUlOTMlQTZpJUU0JUJBJUFDJUU0JUI4JTlDJUU3JTg4JUIxJUU2JTg4JTkxJUU1JUIwJUIxJUU1JUE0JUE3JUU3JThFJThCaSVFOCVBNyU4OSVFNSVCRSU5NyVFNSVBNCVBNyVFNSVBRSVCNiVFNSU5MyVBNmklRTQlQjglQkElRTUlQTQlQTclRTUlQUUlQjYlRTUlODElQjYlRTglQTclODklRTUlQkUlOTclRTUlOTMlODclRTUlOTMlQTZpJUU1JUE0JUE3JUU1JUFFJUI2JUU1JTgxJUI2JUU1JUIwJUIxJUU2JTg4JTkxaSVFNSVBNCU5QSVFNCVCOSU4NSVFNSU5MyVBNmklRTQlQkElQUMlRTQlQjglOUMlRTclODglQjElRTYlODglOTElRTUlQjAlQjElRTUlQTQlQTclRTclOEUlOEJpJUU4JUE3JTg5JUU1JUJFJTk3JUU1JUE0JUE3JUU1JUFFJUI2JUU1JTkzJUE2aSVFNCVCOCVCQSVFNSVBNCVBNyVFNSVBRSVCNiVFNSU4MSVCNiVFOCVBNyU4OSVFNSVCRSU5NyVFNSU5MyU4NyVFNSU5MyVBNmklRTUlQTQlQTclRTUlQUUlQjYlRTUlODElQjYlRTUlQjAlQjElRTYlODglOTFpJUU1JUE0JTlBJUU0JUI5JTg1JUU1JTkzJUE2aSVFNCVCQSVBQyVFNCVCOCU5QyVFNyU4OCVCMSVFNiU4OCU5MSVFNSVCMCVCMSUzQyUyRnAlM0UlM0NwJTNFJUU1JUE0JUE3JUU3JThFJThCaSVFOCVBNyU4OSVFNSVCRSU5NyVFNSVBNCVBNyVFNSVBRSVCNiVFNSU5MyVBNmklRTQlQjglQkElRTUlQTQlQTclRTUlQUUlQjYlRTUlODElQjYlRTglQTclODklRTUlQkUlOTclRTUlOTMlODclRTUlOTMlQTZpJUU1JUE0JUE3JUU1JUFFJUI2JUU1JTgxJUI2JUU1JUIwJUIxJUU2JTg4JTkxaSVFNSVBNCU5QSVFNCVCOSU4NSVFNSU5MyVBNmklRTQlQkElQUMlRTQlQjglOUMlRTclODglQjElRTYlODglOTElRTUlQjAlQjElM0MlMkZwJTNFJTNDcCUzRSUzQ2JyJTNFJTNDJTJGcCUzRQ==', 1)
GO
INSERT [dbo].[News] ([New_id], [New_content], [New_Show]) VALUES (95, N'JTNDcCUzRSUyNm5ic3AlM0IlMjAlMjZuYnNwJTNCJTIwJTI2bmJzcCUzQiUyMCUyNm5ic3AlM0IlMjAlMjZuYnNwJTNCJTIwJTI2bmJzcCUzQiUyMCVFNSU5NSU4QSVFNSVBNSVCRCVFNiVCRiU4MCVFNSU4QSVBOCVFNSVBNCU5NiVFNSU5QyVCMCVFNSU4OCVCMGklRTUlQTQlOUElRTQlQjklODUlRTUlOTMlQTYlMjZuYnNwJTNCJTNDJTJGcCUzRSUzQ3AlM0UlRTklOTglQkYlRTglQkYlQUElRTclOEUlOEIlRTklQUElODQlRTUlODIlQjJpJUU1JUE0JUE3JUU1JUFFJUI2JTIwJUU5JTk4JUJGJUU2JTk2JTg3aSVFNSVBNCU5QSVFNCVCOSU4NSVFNSU5MyVBNiVFNyU5QSU4NCUzQ2ltZyUyMHNyYyUzRCUyMiUyRkltZ3MlMkZ0aW1nLmpwZyUyMiUyMGFsdCUzRCUyMnVuZGVmaW5lZCUyMiUzRSUzQyUyRnAlM0U=', 0)
GO
INSERT [dbo].[News] ([New_id], [New_content], [New_Show]) VALUES (1095, N'JTNDaW1nJTIwc3JjJTNEJTIyJTJGSW1ncyUyRnRpbWcuanBnJTIyJTIwYWx0JTNEJTIydW5kZWZpbmVkJTIyJTNF', 0)
GO
INSERT [dbo].[News] ([New_id], [New_content], [New_Show]) VALUES (1096, N'JTNDaW1nJTIwc3JjJTNEJTIyJTJGSW1ncyUyRmxpdG9uZy5KUEclMjIlMjBhbHQlM0QlMjJ1bmRlZmluZWQlMjIlM0UlM0NpbWclMjBzcmMlM0QlMjIlMkZJbWdzJTJGdGltZy5qcGclMjIlMjBhbHQlM0QlMjJ1bmRlZmluZWQlMjIlM0U=', 1)
GO
INSERT [dbo].[News] ([New_id], [New_content], [New_Show]) VALUES (1097, N'JTNDaW1nJTIwc3JjJTNEJTIyJTJGSW1ncyUyRiVFNSVCMSU4RiVFNSVCOSU5NSVFNiU4OCVBQSVFNSU5QiVCRSgxKS5qcGclMjIlMjBhbHQlM0QlMjJ1bmRlZmluZWQlMjIlM0U=', 0)
GO
INSERT [dbo].[News] ([New_id], [New_content], [New_Show]) VALUES (1098, N'JTNDaW1nJTIwc3JjJTNEJTIyJTJGSW1ncyUyRnRpbWcuanBnJTIyJTIwYWx0JTNEJTIydW5kZWZpbmVkJTIyJTNFJTNDaW1nJTIwc3JjJTNEJTIyJTJGSW1ncyUyRmxpdG9uZy5KUEclMjIlMjBhbHQlM0QlMjJ1bmRlZmluZWQlMjIlM0UlM0NpbWclMjBzcmMlM0QlMjIlMkZJbWdzJTJGJUU1JUIxJThGJUU1JUI5JTk1JUU2JTg4JUFBJUU1JTlCJUJFKDEpLmpwZyUyMiUyMGFsdCUzRCUyMnVuZGVmaW5lZCUyMiUzRQ==', 1)
GO
INSERT [dbo].[News] ([New_id], [New_content], [New_Show]) VALUES (1099, N'JTNDaW1nJTIwc3JjJTNEJTIyJTJGSW1ncyUyRnRpbWcuanBnJTIyJTIwYWx0JTNEJTIydW5kZWZpbmVkJTIyJTNF', 0)
GO
INSERT [dbo].[News] ([New_id], [New_content], [New_Show]) VALUES (1100, N'JTNDcCUzRWVxd2Rkd2RkYWRxd2R3ZHFkcWhka3FoZGlxaGRpcWh1ZGlxdyUzQyUyRnAlM0UlM0NwJTNFJTI2bmJzcCUzQiUzQyUyRnAlM0UlM0NwJTNFJTI2bmJzcCUzQiUzQyUyRnAlM0UlM0NwJTNFJTI2bmJzcCUzQiUyMCUyNm5ic3AlM0IlMjAlMjZuYnNwJTNCJTIwJTI2bmJzcCUzQiUyMCUyNm5ic3AlM0IlMjAlMjZuYnNwJTNCJTIwJTI2bmJzcCUzQiUyMCUyNm5ic3AlM0IlMjAlMjZuYnNwJTNCJTIwJTI2bmJzcCUzQiUyMCUyNm5ic3AlM0IlMjAlMjZuYnNwJTNCJTIwJTI2bmJzcCUzQiUyNm5ic3AlM0IlM0MlMkZwJTNF', 0)
GO
INSERT [dbo].[News] ([New_id], [New_content], [New_Show]) VALUES (1101, N'JTNDcCUzRSUzQ2ltZyUyMHNyYyUzRCUyMiUyRkltZ3MlMkZ0aW1nLmpwZyUyMiUyMGFsdCUzRCUyMnVuZGVmaW5lZCUyMiUzRSUzQ2JyJTNFJTNDJTJGcCUzRSUzQ3AlM0UlMjZuYnNwJTNCJTNDJTJGcCUzRSUzQ3AlM0UlMjZuYnNwJTNCJTNDJTJGcCUzRSUzQ3AlM0UlMjZuYnNwJTNCJTIwJTI2bmJzcCUzQiUyMCUyNm5ic3AlM0IlMjAlMjZuYnNwJTNCJTIwJTI2bmJzcCUzQiUyMCUyNm5ic3AlM0IlMjAlMjZuYnNwJTNCJTIwJTI2bmJzcCUzQiUyMCUyNm5ic3AlM0IlMjAlMjZuYnNwJTNCJTIwJTI2bmJzcCUzQiUyMCUyNm5ic3AlM0IlMjAlMjZuYnNwJTNCJTI2bmJzcCUzQiUzQyUyRnAlM0U=', 0)
GO
INSERT [dbo].[News] ([New_id], [New_content], [New_Show]) VALUES (1102, N'JTNDaW1nJTIwc3JjJTNEJTIyaHR0cHMlM0ElMkYlMkZsb2NhbGhvc3QlM0E0NDM4MSUyRnN0YXRpYyUyRmxheXVpLXYyLjYuNCUyRmxheXVpLXYyLjYuNCUyRmxheXVpJTJGaW1hZ2VzJTJGZmFjZSUyRjE1LmdpZiUyMiUyMGFsdCUzRCUyMiU1QiVFNyU5NCU5RiVFNyU5NyU4NSU1RCUyMiUzRQ==', 1)
GO
INSERT [dbo].[News] ([New_id], [New_content], [New_Show]) VALUES (1103, N'JTNDcCUzRSUzQ2JyJTNFJTNDJTJGcCUzRSUzQ3AlM0UlM0NpbWclMjBzcmMlM0QlMjIlMkZJbWdzJTJGQ2ctNHExVUVqUktJVGRNVEFBQ2xnNjhST0pFQUFFdHVBQkdueWNBQUtXYjgwOS5qcGclMjIlMjBhbHQlM0QlMjJ1bmRlZmluZWQlMjIlM0UlM0NiciUzRSUzQyUyRnAlM0UlM0NwJTNFJUU1JUIwJThBJUU2JTk1JUFDJUU3JTlBJTg0JUU1JUFFJUI2JUU5JTk1JUJGJUU2JTlDJThCJUU1JThGJThCJUU0JUJCJUFDJUVGJUJDJTlBJTBBJUUzJTgwJTgwJTNDJTJGcCUzRSUzQ3AlM0UlRTMlODAlODAlMjZuYnNwJTNCJTIwJTI2bmJzcCUzQiVFMiU4MCU5QyVFNCVCOCVCRSVFNiU5RCVBRiVFOSU4MiU4MCVFNiU5OCU4RSVFNiU5QyU4OCVFRiVCQyU4QyVFNSU4NSVCMSVFNSVCQSU4NiVFNCVCRCVCMyVFOCU4QSU4MiVFNiU5NyVCNiVFMiU4MCU5RCVFRiVCQyU4QyVFNCVCOCU4MCVFNSVCOSVCNCVFNCVCOCU4MCVFNSVCQSVBNiVFNyU5QSU4NCVFNCVCOCVBRCVFNyVBNyU4QiVFOCU4QSU4MiVFNSU4RCVCMyVFNSVCMCU4NiVFNiU5RCVBNSVFNCVCOCVCNCVFRiVCQyU4QyVFNCVCOCVBRCVFNyVBNyU4QiVFOCU4QSU4MiVFMiU4MCU5NCVFMiU4MCU5NCVFNCVCOCVBRCVFNSU5QiVCRCVFNCVCQyVBMCVFNyVCQiU5RiVFOCU4QSU4MiVFNiU5NyVBNSVFNCVCOSU4QiVFNCVCOCU4MCVFRiVCQyU4QyUwQSVFNCVCOCVCQSVFNiVBRiU4RiVFNSVCOSVCNCVFNSU4NiU5QyVFNSU4RSU4NiVFNSU4NSVBQiVFNiU5QyU4OCVFNSU4RCU4MSVFNCVCQSU5NCVFRiVCQyU4QyVFNiU5NSU4NSVFNiVCMCU5MSVFOSU5NyVCNCVFNyVBNyVCMCVFNCVCOCVCQSVFNCVCOCVBRCVFNyVBNyU4QiVFRiVCQyU4QyVFNSU4RiU4OCVFNyVBNyVCMCVFNyVBNyU4QiVFNSVBNCU5NSVFMyU4MCU4MSVFNSU4NSVBQiVFNiU5QyU4OCVFOCU4QSU4MiVFMyU4MCU4MSVFNSU4NSVBQiVFNiU5QyU4OCVFNSU4RCU4QSVFMyU4MCU4MSVFNiU5QyU4OCVFNSVBNCU5NSVFMyU4MCU4MSVFNiU5QyU4OCVFOCU4QSU4MiVFRiVCQyU4QyVFNSU4RiU4OCVFNSU5QiVBMCVFOCVCRiU5OSVFNCVCOCU4MCVFNSVBNCVBOSVFNiU5QyU4OCUwQSVFNCVCQSVBRSVFNiVCQiVBMSVFNSU5QyU4NiVFRiVCQyU4QyVFOCVCMSVBMSVFNSVCRSU4MSVFNSU5QiVBMiVFNSU5QyU4NiVFRiVCQyU4QyVFNSU4RiU4OCVFNyVBNyVCMCVFNCVCOCVCQSVFNSU5QiVBMiVFNSU5QyU4NiVFOCU4QSU4MiVFMyU4MCU4MiVFNiU4OSU4MCVFNCVCQiVBNSVFNSU5QyVBOCVFNSU4NSVBQiVFNiU5QyU4OCVFNSU4RCU4MSVFNCVCQSU5NCVFNSU4RiVCNyVFNSU4NSVBQyVFNSU4RiVCOCVFNiU5NCVCRSVFNSU4MSU4NyVFNCVCOCU4OSVFNSVBNCVBOSVFRiVCQyU4MSVFMyU4MCU4MCUzQyUyRnAlM0UlM0NwJTNFJUUzJTgwJTgwJTI2bmJzcCUzQiUyMCUyNm5ic3AlM0IlMjAlMjZuYnNwJTNCJTIwJTI2bmJzcCUzQiUyMCUyNm5ic3AlM0IlMjAlMjZuYnNwJTNCJTIwJTI2bmJzcCUzQiUyMCUyNm5ic3AlM0IlMjAlMjZuYnNwJTNCJTIwJTI2bmJzcCUzQiUyMCUyNm5ic3AlM0IlMjAlMjZuYnNwJTNCJTIwJTI2bmJzcCUzQiUyMCUyNm5ic3AlM0IlMjAlMjZuYnNwJTNCJTIwJTI2bmJzcCUzQiUyMCUyNm5ic3AlM0IlMjAlMjZuYnNwJTNCJTIwJTI2bmJzcCUzQiUyMCUyNm5ic3AlM0IlMjAlMjZuYnNwJTNCJTIwJTI2bmJzcCUzQiUyMCUyNm5ic3AlM0IlMjAlMjZuYnNwJTNCJTIwJTI2bmJzcCUzQiUyMCVFMyU4MCU4MCVFMyU4MCU4MDIwMjElRTUlQjklQjQ4JUU2JTlDJTg4MSVFNSU4RiVCNyUzQyUyRnAlM0UlM0NwJTNFJTI2bmJzcCUzQiUyMCUyNm5ic3AlM0IlMjAlMjZuYnNwJTNCJTIwJTI2bmJzcCUzQiUyMCUyNm5ic3AlM0IlMjAlMjZuYnNwJTNCJTIwJTI2bmJzcCUzQiUyMCUyNm5ic3AlM0IlMjAlMjZuYnNwJTNCJTIwJTI2bmJzcCUzQiUyMCUyNm5ic3AlM0IlMjAlMjZuYnNwJTNCJTIwJTI2bmJzcCUzQiUyMCUyNm5ic3AlM0IlMjAlMjZuYnNwJTNCJTIwJTI2bmJzcCUzQiUyMCUyNm5ic3AlM0IlMjAlMjZuYnNwJTNCJTIwJTI2bmJzcCUzQiUyMCUyNm5ic3AlM0IlMjAlMjZuYnNwJTNCJTIwJTI2bmJzcCUzQiUyMCUyNm5ic3AlM0IlMjAlMjZuYnNwJTNCJTIwJTI2bmJzcCUzQiUyMCUyNm5ic3AlM0IlMjAlMjZuYnNwJTNCJTIwJTI2bmJzcCUzQiUyMCUyNm5ic3AlM0IlMjAlMjZuYnNwJTNCJTIwJTI2bmJzcCUzQiUyMCUyNm5ic3AlM0IlRTQlQjglQkIlRTQlQkIlOTklRTQlQjglQjklRTYlODAlQkIlRTklODMlQTglMjZuYnNwJTNCJTNDJTJGcCUzRSUzQ3AlM0UlMjZuYnNwJTNCJTIwJTI2bmJzcCUzQiUyMCUyNm5ic3AlM0IlMjAlMjZuYnNwJTNCJTIwJTI2bmJzcCUzQiUyMCUyNm5ic3AlM0IlMjAlMjZuYnNwJTNCJTIwJTI2bmJzcCUzQiUyMCUyNm5ic3AlM0IlMjAlMjZuYnNwJTNCJTIwJTI2bmJzcCUzQiUyMCUyNm5ic3AlM0IlMjAlMjZuYnNwJTNCJTIwJTI2bmJzcCUzQiUyMCUyNm5ic3AlM0IlMjAlMjZuYnNwJTNCJTIwJTI2bmJzcCUzQiUyMCUyNm5ic3AlM0IlMjAlMjZuYnNwJTNCJTIwJTI2bmJzcCUzQiUyMCUyNm5ic3AlM0IlMjAlMjZuYnNwJTNCJTIwJTI2bmJzcCUzQiUyMCUyNm5ic3AlM0IlMjAlMjZuYnNwJTNCJTIwJTI2bmJzcCUzQiUyMCUyNm5ic3AlM0IlM0MlMkZwJTNF', 1)
GO
INSERT [dbo].[News] ([New_id], [New_content], [New_Show]) VALUES (1104, N'JTNDcCUzRSUzQ2ltZyUyMHNyYyUzRCUyMiUyRkltZ3MlMkZDZy00cTFVRWpSS0lUZE1UQUFDbGc2OFJPSkVBQUV0dUFCR255Y0FBS1diODA5LmpwZyUyMiUyMGFsdCUzRCUyMnVuZGVmaW5lZCUyMiUzRSUzQ2JyJTNFJTNDJTJGcCUzRSUzQ3AlM0UlRTUlQjAlOEElRTYlOTUlQUMlRTclOUElODQlRTUlQUUlQjYlRTklOTUlQkYlRTYlOUMlOEIlRTUlOEYlOEIlRTQlQkIlQUMlRUYlQkMlOUElMjAlRTMlODAlODAlM0MlMkZwJTNFJTNDcCUzRSVFMyU4MCU4MCUyNm5ic3AlM0IlMjAlMjZuYnNwJTNCJUUyJTgwJTlDJUU0JUI4JUJFJUU2JTlEJUFGJUU5JTgyJTgwJUU2JTk4JThFJUU2JTlDJTg4JUVGJUJDJThDJUU1JTg1JUIxJUU1JUJBJTg2JUU0JUJEJUIzJUU4JThBJTgyJUU2JTk3JUI2JUUyJTgwJTlEJUVGJUJDJThDJUU0JUI4JTgwJUU1JUI5JUI0JUU0JUI4JTgwJUU1JUJBJUE2JUU3JTlBJTg0JUU0JUI4JUFEJUU3JUE3JThCJUU4JThBJTgyJUU1JThEJUIzJUU1JUIwJTg2JUU2JTlEJUE1JUU0JUI4JUI0JUVGJUJDJThDJUU0JUI4JUFEJUU3JUE3JThCJUU4JThBJTgyJUUyJTgwJTk0JUUyJTgwJTk0JUU0JUI4JUFEJUU1JTlCJUJEJUU0JUJDJUEwJUU3JUJCJTlGJUU4JThBJTgyJUU2JTk3JUE1JUU0JUI5JThCJUU0JUI4JTgwJUVGJUJDJThDJTIwJUU0JUI4JUJBJUU2JUFGJThGJUU1JUI5JUI0JUU1JTg2JTlDJUU1JThFJTg2JUU1JTg1JUFCJUU2JTlDJTg4JUU1JThEJTgxJUU0JUJBJTk0JUVGJUJDJThDJUU2JTk1JTg1JUU2JUIwJTkxJUU5JTk3JUI0JUU3JUE3JUIwJUU0JUI4JUJBJUU0JUI4JUFEJUU3JUE3JThCJUVGJUJDJThDJUU1JThGJTg4JUU3JUE3JUIwJUU3JUE3JThCJUU1JUE0JTk1JUUzJTgwJTgxJUU1JTg1JUFCJUU2JTlDJTg4JUU4JThBJTgyJUUzJTgwJTgxJUU1JTg1JUFCJUU2JTlDJTg4JUU1JThEJThBJUUzJTgwJTgxJUU2JTlDJTg4JUU1JUE0JTk1JUUzJTgwJTgxJUU2JTlDJTg4JUU4JThBJTgyJUVGJUJDJThDJUU1JThGJTg4JUU1JTlCJUEwJUU4JUJGJTk5JUU0JUI4JTgwJUU1JUE0JUE5JUU2JTlDJTg4JTIwJUU0JUJBJUFFJUU2JUJCJUExJUU1JTlDJTg2JUVGJUJDJThDJUU4JUIxJUExJUU1JUJFJTgxJUU1JTlCJUEyJUU1JTlDJTg2JUVGJUJDJThDJUU1JThGJTg4JUU3JUE3JUIwJUU0JUI4JUJBJUU1JTlCJUEyJUU1JTlDJTg2JUU4JThBJTgyJUUzJTgwJTgyJUU2JTg5JTgwJUU0JUJCJUE1JUU1JTlDJUE4JUU1JTg1JUFCJUU2JTlDJTg4JUU1JThEJTgxJUU0JUJBJTk0JUU1JThGJUI3JUU1JTg1JUFDJUU1JThGJUI4JUU2JTk0JUJFJUU1JTgxJTg3JUU0JUI4JTg5JUU1JUE0JUE5JUVGJUJDJTgxJUUzJTgwJTgwJTNDJTJGcCUzRSUzQ3AlM0UlRTMlODAlODAlMjZuYnNwJTNCJTIwJTI2bmJzcCUzQiUyMCUyNm5ic3AlM0IlMjAlMjZuYnNwJTNCJTIwJTI2bmJzcCUzQiUyMCUyNm5ic3AlM0IlMjAlMjZuYnNwJTNCJTIwJTI2bmJzcCUzQiUyMCUyNm5ic3AlM0IlMjAlMjZuYnNwJTNCJTIwJTI2bmJzcCUzQiUyMCUyNm5ic3AlM0IlMjAlMjZuYnNwJTNCJTIwJTI2bmJzcCUzQiUyMCUyNm5ic3AlM0IlMjAlMjZuYnNwJTNCJTIwJTI2bmJzcCUzQiUyMCUyNm5ic3AlM0IlMjAlMjZuYnNwJTNCJTIwJTI2bmJzcCUzQiUyMCUyNm5ic3AlM0IlMjAlMjZuYnNwJTNCJTIwJTI2bmJzcCUzQiUyMCUyNm5ic3AlM0IlMjAlMjZuYnNwJTNCJTIwJUUzJTgwJTgwJUUzJTgwJTgwMjAyMSVFNSVCOSVCNDglRTYlOUMlODgxJUU1JThGJUI3JTNDJTJGcCUzRSUzQ3AlM0UlMjZuYnNwJTNCJTIwJTI2bmJzcCUzQiUyMCUyNm5ic3AlM0IlMjAlMjZuYnNwJTNCJTIwJTI2bmJzcCUzQiUyMCUyNm5ic3AlM0IlMjAlMjZuYnNwJTNCJTIwJTI2bmJzcCUzQiUyMCUyNm5ic3AlM0IlMjAlMjZuYnNwJTNCJTIwJTI2bmJzcCUzQiUyMCUyNm5ic3AlM0IlMjAlMjZuYnNwJTNCJTIwJTI2bmJzcCUzQiUyMCUyNm5ic3AlM0IlMjAlMjZuYnNwJTNCJTIwJTI2bmJzcCUzQiUyMCUyNm5ic3AlM0IlMjAlMjZuYnNwJTNCJTIwJTI2bmJzcCUzQiUyMCUyNm5ic3AlM0IlMjAlMjZuYnNwJTNCJTIwJTI2bmJzcCUzQiUyMCUyNm5ic3AlM0IlMjAlMjZuYnNwJTNCJTIwJTI2bmJzcCUzQiUyMCUyNm5ic3AlM0IlMjAlMjZuYnNwJTNCJTIwJTI2bmJzcCUzQiUyMCUyNm5ic3AlM0IlMjAlMjZuYnNwJTNCJTIwJTI2bmJzcCUzQiVFNCVCOCVCQiVFNCVCQiU5OSVFNCVCOCVCOSVFNiU4MCVCQiVFOSU4MyVBOCUyNm5ic3AlM0IlM0MlMkZwJTNF', 0)
GO
INSERT [dbo].[News] ([New_id], [New_content], [New_Show]) VALUES (1105, N'JTNDcCUzRSUzQ2ltZyUyMHNyYyUzRCUyMiUyRkltZ3MlMkZDZy00cTFVRWpSS0lUZE1UQUFDbGc2OFJPSkVBQUV0dUFCR255Y0FBS1diODA5LmpwZyUyMiUyMGFsdCUzRCUyMnVuZGVmaW5lZCUyMiUzRSUzQ2JyJTNFJTNDJTJGcCUzRSUzQ3AlM0UlM0NiciUzRSUzQyUyRnAlM0UlM0NwJTNFJTNDYnIlM0UlM0MlMkZwJTNFJTNDcCUzRSVFNSVCMCU4QSVFNiU5NSVBQyVFNyU5QSU4NCVFNSVBRSVCNiVFOSU5NSVCRiVFNiU5QyU4QiVFNSU4RiU4QiVFNCVCQiVBQyVFRiVCQyU5QSUyMCVFMyU4MCU4MCUzQyUyRnAlM0UlM0NwJTNFJUUzJTgwJTgwJTI2bmJzcCUzQiUyMCUyNm5ic3AlM0IlRTIlODAlOUMlRTQlQjglQkUlRTYlOUQlQUYlRTklODIlODAlRTYlOTglOEUlRTYlOUMlODglRUYlQkMlOEMlRTUlODUlQjElRTUlQkElODYlRTQlQkQlQjMlRTglOEElODIlRTYlOTclQjYlRTIlODAlOUQlRUYlQkMlOEMlRTQlQjglODAlRTUlQjklQjQlRTQlQjglODAlRTUlQkElQTYlRTclOUElODQlRTQlQjglQUQlRTclQTclOEIlRTglOEElODIlRTUlOEQlQjMlRTUlQjAlODYlRTYlOUQlQTUlRTQlQjglQjQlRUYlQkMlOEMlRTQlQjglQUQlRTclQTclOEIlRTglOEElODIlRTIlODAlOTQlRTIlODAlOTQlRTQlQjglQUQlRTUlOUIlQkQlRTQlQkMlQTAlRTclQkIlOUYlRTglOEElODIlRTYlOTclQTUlRTQlQjklOEIlRTQlQjglODAlRUYlQkMlOEMlMjAlRTQlQjglQkElRTYlQUYlOEYlRTUlQjklQjQlRTUlODYlOUMlRTUlOEUlODYlRTUlODUlQUIlRTYlOUMlODglRTUlOEQlODElRTQlQkElOTQlRUYlQkMlOEMlRTYlOTUlODUlRTYlQjAlOTElRTklOTclQjQlRTclQTclQjAlRTQlQjglQkElRTQlQjglQUQlRTclQTclOEIlRUYlQkMlOEMlRTUlOEYlODglRTclQTclQjAlRTclQTclOEIlRTUlQTQlOTUlRTMlODAlODElRTUlODUlQUIlRTYlOUMlODglRTglOEElODIlRTMlODAlODElRTUlODUlQUIlRTYlOUMlODglRTUlOEQlOEElRTMlODAlODElRTYlOUMlODglRTUlQTQlOTUlRTMlODAlODElRTYlOUMlODglRTglOEElODIlRUYlQkMlOEMlRTUlOEYlODglRTUlOUIlQTAlRTglQkYlOTklRTQlQjglODAlRTUlQTQlQTklRTYlOUMlODglMjAlRTQlQkElQUUlRTYlQkIlQTElRTUlOUMlODYlRUYlQkMlOEMlRTglQjElQTElRTUlQkUlODElRTUlOUIlQTIlRTUlOUMlODYlRUYlQkMlOEMlRTUlOEYlODglRTclQTclQjAlRTQlQjglQkElRTUlOUIlQTIlRTUlOUMlODYlRTglOEElODIlRTMlODAlODIlRTYlODklODAlRTQlQkIlQTUlRTUlOUMlQTglRTUlODUlQUIlRTYlOUMlODglRTUlOEQlODElRTQlQkElOTQlRTUlOEYlQjclRTUlODUlQUMlRTUlOEYlQjglRTYlOTQlQkUlRTUlODElODclRTQlQjglODklRTUlQTQlQTklRUYlQkMlODElRTMlODAlODAlM0MlMkZwJTNFJTNDcCUzRSVFMyU4MCU4MCUyNm5ic3AlM0IlMjAlMjZuYnNwJTNCJTIwJTI2bmJzcCUzQiUyMCUyNm5ic3AlM0IlMjAlMjZuYnNwJTNCJTIwJTI2bmJzcCUzQiUyMCUyNm5ic3AlM0IlMjAlMjZuYnNwJTNCJTIwJTI2bmJzcCUzQiUyMCUyNm5ic3AlM0IlMjAlMjZuYnNwJTNCJTIwJTI2bmJzcCUzQiUyMCUyNm5ic3AlM0IlMjAlMjZuYnNwJTNCJTIwJTI2bmJzcCUzQiUyMCUyNm5ic3AlM0IlMjAlMjZuYnNwJTNCJTIwJTI2bmJzcCUzQiUyMCUyNm5ic3AlM0IlMjAlMjZuYnNwJTNCJTIwJTI2bmJzcCUzQiUyMCUyNm5ic3AlM0IlMjAlMjZuYnNwJTNCJTIwJTI2bmJzcCUzQiUyMCUyNm5ic3AlM0IlMjAlRTMlODAlODAlRTMlODAlODAyMDIxJUU1JUI5JUI0OCVFNiU5QyU4ODElRTUlOEYlQjclM0MlMkZwJTNFJTNDcCUzRSUyNm5ic3AlM0IlMjAlMjZuYnNwJTNCJTIwJTI2bmJzcCUzQiUyMCUyNm5ic3AlM0IlMjAlMjZuYnNwJTNCJTIwJTI2bmJzcCUzQiUyMCUyNm5ic3AlM0IlMjAlMjZuYnNwJTNCJTIwJTI2bmJzcCUzQiUyMCUyNm5ic3AlM0IlMjAlMjZuYnNwJTNCJTIwJTI2bmJzcCUzQiUyMCUyNm5ic3AlM0IlMjAlMjZuYnNwJTNCJTIwJTI2bmJzcCUzQiUyMCUyNm5ic3AlM0IlMjAlMjZuYnNwJTNCJTIwJTI2bmJzcCUzQiUyMCUyNm5ic3AlM0IlMjAlMjZuYnNwJTNCJTIwJTI2bmJzcCUzQiUyMCUyNm5ic3AlM0IlMjAlMjZuYnNwJTNCJTIwJTI2bmJzcCUzQiUyMCUyNm5ic3AlM0IlMjAlMjZuYnNwJTNCJTIwJTI2bmJzcCUzQiUyMCUyNm5ic3AlM0IlMjAlMjZuYnNwJTNCJTIwJTI2bmJzcCUzQiUyMCUyNm5ic3AlM0IlMjAlMjZuYnNwJTNCJUU0JUI4JUJCJUU0JUJCJTk5JUU0JUI4JUI5JUU2JTgwJUJCJUU5JTgzJUE4JTI2bmJzcCUzQiUzQyUyRnAlM0U=', 1)
GO
INSERT [dbo].[News] ([New_id], [New_content], [New_Show]) VALUES (1106, N'JTNDcCUzRSVFNSVCMCU4QSVFNiU5NSVBQyVFNyU5QSU4NCVFNSVBRSVCNiVFOSU5NSVCRiVFNiU5QyU4QiVFNSU4RiU4QiVFNCVCQiVBQyVFRiVCQyU5QSUyMCVFMyU4MCU4MCUzQyUyRnAlM0UlM0NwJTNFJUUzJTgwJTgwJTI2bmJzcCUzQiUyMCUyNm5ic3AlM0IlRTIlODAlOUMlRTQlQjglQkUlRTYlOUQlQUYlRTklODIlODAlRTYlOTglOEUlRTYlOUMlODglRUYlQkMlOEMlRTUlODUlQjElRTUlQkElODYlRTQlQkQlQjMlRTglOEElODIlRTYlOTclQjYlRTIlODAlOUQlRUYlQkMlOEMlRTQlQjglODAlRTUlQjklQjQlRTQlQjglODAlRTUlQkElQTYlRTclOUElODQlRTQlQjglQUQlRTclQTclOEIlRTglOEElODIlRTUlOEQlQjMlRTUlQjAlODYlRTYlOUQlQTUlRTQlQjglQjQlRUYlQkMlOEMlRTQlQjglQUQlRTclQTclOEIlRTglOEElODIlRTIlODAlOTQlRTIlODAlOTQlRTQlQjglQUQlRTUlOUIlQkQlRTQlQkMlQTAlRTclQkIlOUYlRTglOEElODIlRTYlOTclQTUlRTQlQjklOEIlRTQlQjglODAlRUYlQkMlOEMlMjAlRTQlQjglQkElRTYlQUYlOEYlRTUlQjklQjQlRTUlODYlOUMlRTUlOEUlODYlRTUlODUlQUIlRTYlOUMlODglRTUlOEQlODElRTQlQkElOTQlRUYlQkMlOEMlRTYlOTUlODUlRTYlQjAlOTElRTklOTclQjQlRTclQTclQjAlRTQlQjglQkElRTQlQjglQUQlRTclQTclOEIlRUYlQkMlOEMlRTUlOEYlODglRTclQTclQjAlRTclQTclOEIlRTUlQTQlOTUlRTMlODAlODElRTUlODUlQUIlRTYlOUMlODglRTglOEElODIlRTMlODAlODElRTUlODUlQUIlRTYlOUMlODglRTUlOEQlOEElRTMlODAlODElRTYlOUMlODglRTUlQTQlOTUlRTMlODAlODElRTYlOUMlODglRTglOEElODIlRUYlQkMlOEMlRTUlOEYlODglRTUlOUIlQTAlRTglQkYlOTklRTQlQjglODAlRTUlQTQlQTklRTYlOUMlODglMjAlRTQlQkElQUUlRTYlQkIlQTElRTUlOUMlODYlRUYlQkMlOEMlRTglQjElQTElRTUlQkUlODElRTUlOUIlQTIlRTUlOUMlODYlRUYlQkMlOEMlRTUlOEYlODglRTclQTclQjAlRTQlQjglQkElRTUlOUIlQTIlRTUlOUMlODYlRTglOEElODIlRTMlODAlODIlRTYlODklODAlRTQlQkIlQTUlRTUlOUMlQTglRTUlODUlQUIlRTYlOUMlODglRTUlOEQlODElRTQlQkElOTQlRTUlOEYlQjclRTUlODUlQUMlRTUlOEYlQjglRTYlOTQlQkUlRTUlODElODclRTQlQjglODklRTUlQTQlQTklRUYlQkMlODElRTMlODAlODAlM0MlMkZwJTNFJTNDcCUzRSVFMyU4MCU4MCUyNm5ic3AlM0IlMjAlMjZuYnNwJTNCJTIwJTI2bmJzcCUzQiUyMCUyNm5ic3AlM0IlMjAlMjZuYnNwJTNCJTIwJTI2bmJzcCUzQiUyMCUyNm5ic3AlM0IlMjAlMjZuYnNwJTNCJTIwJTI2bmJzcCUzQiUyMCUyNm5ic3AlM0IlMjAlMjZuYnNwJTNCJTIwJTI2bmJzcCUzQiUyMCUyNm5ic3AlM0IlMjAlMjZuYnNwJTNCJTIwJTI2bmJzcCUzQiUyMCUyNm5ic3AlM0IlMjAlMjZuYnNwJTNCJTIwJTI2bmJzcCUzQiUyMCUyNm5ic3AlM0IlMjAlMjZuYnNwJTNCJTIwJTI2bmJzcCUzQiUyMCUyNm5ic3AlM0IlMjAlMjZuYnNwJTNCJTIwJTI2bmJzcCUzQiUyMCUyNm5ic3AlM0IlMjAlRTMlODAlODAlRTMlODAlODAyMDIxJUU1JUI5JUI0OCVFNiU5QyU4ODElRTUlOEYlQjclM0MlMkZwJTNFJTNDcCUzRSUyNm5ic3AlM0IlMjAlMjZuYnNwJTNCJTIwJTI2bmJzcCUzQiUyMCUyNm5ic3AlM0IlMjAlMjZuYnNwJTNCJTIwJTI2bmJzcCUzQiUyMCUyNm5ic3AlM0IlMjAlMjZuYnNwJTNCJTIwJTI2bmJzcCUzQiUyMCUyNm5ic3AlM0IlMjAlMjZuYnNwJTNCJTIwJTI2bmJzcCUzQiUyMCUyNm5ic3AlM0IlMjAlMjZuYnNwJTNCJTIwJTI2bmJzcCUzQiUyMCUyNm5ic3AlM0IlMjAlMjZuYnNwJTNCJTIwJTI2bmJzcCUzQiUyMCUyNm5ic3AlM0IlMjAlMjZuYnNwJTNCJTIwJTI2bmJzcCUzQiUyMCUyNm5ic3AlM0IlMjAlMjZuYnNwJTNCJTIwJTI2bmJzcCUzQiUyMCUyNm5ic3AlM0IlMjAlMjZuYnNwJTNCJTIwJTI2bmJzcCUzQiUyMCUyNm5ic3AlM0IlMjAlMjZuYnNwJTNCJTIwJTI2bmJzcCUzQiUyMCUyNm5ic3AlM0IlMjAlMjZuYnNwJTNCJUU0JUI4JUJCJUU0JUJCJTk5JUU0JUI4JUI5JUU2JTgwJUJCJUU5JTgzJUE4JTI2bmJzcCUzQiUzQyUyRnAlM0U=', 0)
GO
INSERT [dbo].[News] ([New_id], [New_content], [New_Show]) VALUES (1107, N'JTNDcCUzRSVFNSVCMCU4QSVFNiU5NSVBQyVFNyU5QSU4NCVFNSVBRSVCNiVFOSU5NSVCRiVFNiU5QyU4QiVFNSU4RiU4QiVFNCVCQiVBQyVFRiVCQyU5QSUyMCVFMyU4MCU4MCUzQyUyRnAlM0UlM0NwJTNFJUUzJTgwJTgwJTI2bmJzcCUzQiUyMCUyNm5ic3AlM0IlRTIlODAlOUMlRTQlQjglQkUlRTYlOUQlQUYlRTklODIlODAlRTYlOTglOEUlRTYlOUMlODglRUYlQkMlOEMlRTUlODUlQjElRTUlQkElODYlRTQlQkQlQjMlRTglOEElODIlRTYlOTclQjYlRTIlODAlOUQlRUYlQkMlOEMlRTQlQjglODAlRTUlQjklQjQlRTQlQjglODAlRTUlQkElQTYlRTclOUElODQlRTQlQjglQUQlRTclQTclOEIlRTglOEElODIlRTUlOEQlQjMlRTUlQjAlODYlRTYlOUQlQTUlRTQlQjglQjQlRUYlQkMlOEMlRTQlQjglQUQlRTclQTclOEIlRTglOEElODIlRTIlODAlOTQlRTIlODAlOTQlRTQlQjglQUQlRTUlOUIlQkQlRTQlQkMlQTAlRTclQkIlOUYlRTglOEElODIlRTYlOTclQTUlRTQlQjklOEIlRTQlQjglODAlRUYlQkMlOEMlMjAlRTQlQjglQkElRTYlQUYlOEYlRTUlQjklQjQlRTUlODYlOUMlRTUlOEUlODYlRTUlODUlQUIlRTYlOUMlODglRTUlOEQlODElRTQlQkElOTQlRUYlQkMlOEMlRTYlOTUlODUlRTYlQjAlOTElRTklOTclQjQlRTclQTclQjAlRTQlQjglQkElRTQlQjglQUQlRTclQTclOEIlRUYlQkMlOEMlRTUlOEYlODglRTclQTclQjAlRTclQTclOEIlRTUlQTQlOTUlRTMlODAlODElRTUlODUlQUIlRTYlOUMlODglRTglOEElODIlRTMlODAlODElRTUlODUlQUIlRTYlOUMlODglRTUlOEQlOEElRTMlODAlODElRTYlOUMlODglRTUlQTQlOTUlRTMlODAlODElRTYlOUMlODglRTglOEElODIlRUYlQkMlOEMlRTUlOEYlODglRTUlOUIlQTAlRTglQkYlOTklRTQlQjglODAlRTUlQTQlQTklRTYlOUMlODglMjAlRTQlQkElQUUlRTYlQkIlQTElRTUlOUMlODYlRUYlQkMlOEMlRTglQjElQTElRTUlQkUlODElRTUlOUIlQTIlRTUlOUMlODYlRUYlQkMlOEMlRTUlOEYlODglRTclQTclQjAlRTQlQjglQkElRTUlOUIlQTIlRTUlOUMlODYlRTglOEElODIlRTMlODAlODIlRTYlODklODAlRTQlQkIlQTUlRTUlOUMlQTglRTUlODUlQUIlRTYlOUMlODglRTUlOEQlODElRTQlQkElOTQlRTUlOEYlQjclRTUlODUlQUMlRTUlOEYlQjglRTYlOTQlQkUlRTUlODElODclRTQlQjglODklRTUlQTQlQTklRUYlQkMlODElRTMlODAlODAlM0MlMkZwJTNFJTNDcCUzRSVFMyU4MCU4MCUyNm5ic3AlM0IlMjAlMjZuYnNwJTNCJTIwJTI2bmJzcCUzQiUyMCUyNm5ic3AlM0IlMjAlMjZuYnNwJTNCJTIwJTI2bmJzcCUzQiUyMCUyNm5ic3AlM0IlMjAlMjZuYnNwJTNCJTIwJTI2bmJzcCUzQiUyMCUyNm5ic3AlM0IlMjAlMjZuYnNwJTNCJTIwJTI2bmJzcCUzQiUyMCUyNm5ic3AlM0IlMjAlMjZuYnNwJTNCJTIwJTI2bmJzcCUzQiUyMCUyNm5ic3AlM0IlMjAlMjZuYnNwJTNCJTIwJTI2bmJzcCUzQiUyMCUyNm5ic3AlM0IlMjAlMjZuYnNwJTNCJTIwJTI2bmJzcCUzQiUyMCUyNm5ic3AlM0IlMjAlMjZuYnNwJTNCJTIwJTI2bmJzcCUzQiUyMCUyNm5ic3AlM0IlMjAyMDIxJUU1JUI5JUI0OCVFNiU5QyU4ODElRTUlOEYlQjclM0MlMkZwJTNFJTNDcCUzRSUyNm5ic3AlM0IlMjAlMjZuYnNwJTNCJTIwJTI2bmJzcCUzQiUyMCUyNm5ic3AlM0IlMjAlMjZuYnNwJTNCJTIwJTI2bmJzcCUzQiUyMCUyNm5ic3AlM0IlMjAlMjZuYnNwJTNCJTIwJTI2bmJzcCUzQiUyMCUyNm5ic3AlM0IlMjAlMjZuYnNwJTNCJTIwJTI2bmJzcCUzQiUyMCUyNm5ic3AlM0IlMjAlMjZuYnNwJTNCJTIwJTI2bmJzcCUzQiUyMCUyNm5ic3AlM0IlMjAlMjZuYnNwJTNCJTIwJTI2bmJzcCUzQiUyMCUyNm5ic3AlM0IlMjAlMjZuYnNwJTNCJTIwJTI2bmJzcCUzQiUyMCUyNm5ic3AlM0IlMjAlMjZuYnNwJTNCJTIwJTI2bmJzcCUzQiUyMCUyNm5ic3AlM0IlMjAlMjZuYnNwJTNCJTIwJTI2bmJzcCUzQiUyMCUyNm5ic3AlM0IlRTQlQjglQkIlRTQlQkIlOTklRTQlQjglQjklRTYlODAlQkIlRTklODMlQTglMjZuYnNwJTNCJTNDJTJGcCUzRQ==', 1)
GO
INSERT [dbo].[News] ([New_id], [New_content], [New_Show]) VALUES (1108, N'JTNDcCUzRSVFNSVCMCU4QSVFNiU5NSVBQyVFNyU5QSU4NCVFNSVBRSVCNiVFOSU5NSVCRiVFNiU5QyU4QiVFNSU4RiU4QiVFNCVCQiVBQyVFRiVCQyU5QSUyMCVFMyU4MCU4MCUzQyUyRnAlM0UlM0NwJTNFJUUzJTgwJTgwJTI2bmJzcCUzQiUyMCUyNm5ic3AlM0IlRTIlODAlOUMlRTQlQjglQkUlRTYlOUQlQUYlRTklODIlODAlRTYlOTglOEUlRTYlOUMlODglRUYlQkMlOEMlRTUlODUlQjElRTUlQkElODYlRTQlQkQlQjMlRTglOEElODIlRTYlOTclQjYlRTIlODAlOUQlRUYlQkMlOEMlRTQlQjglODAlRTUlQjklQjQlRTQlQjglODAlRTUlQkElQTYlRTclOUElODQlRTQlQjglQUQlRTclQTclOEIlRTglOEElODIlRTUlOEQlQjMlRTUlQjAlODYlRTYlOUQlQTUlRTQlQjglQjQlRUYlQkMlOEMlRTQlQjglQUQlRTclQTclOEIlRTglOEElODIlRTIlODAlOTQlRTIlODAlOTQlRTQlQjglQUQlRTUlOUIlQkQlRTQlQkMlQTAlRTclQkIlOUYlRTglOEElODIlRTYlOTclQTUlRTQlQjklOEIlRTQlQjglODAlRUYlQkMlOEMlMjAlRTQlQjglQkElRTYlQUYlOEYlRTUlQjklQjQlRTUlODYlOUMlRTUlOEUlODYlRTUlODUlQUIlRTYlOUMlODglRTUlOEQlODElRTQlQkElOTQlRUYlQkMlOEMlRTYlOTUlODUlRTYlQjAlOTElRTklOTclQjQlRTclQTclQjAlRTQlQjglQkElRTQlQjglQUQlRTclQTclOEIlRUYlQkMlOEMlRTUlOEYlODglRTclQTclQjAlRTclQTclOEIlRTUlQTQlOTUlRTMlODAlODElRTUlODUlQUIlRTYlOUMlODglRTglOEElODIlRTMlODAlODElRTUlODUlQUIlRTYlOUMlODglRTUlOEQlOEElRTMlODAlODElRTYlOUMlODglRTUlQTQlOTUlRTMlODAlODElRTYlOUMlODglRTglOEElODIlRUYlQkMlOEMlRTUlOEYlODglRTUlOUIlQTAlRTglQkYlOTklRTQlQjglODAlRTUlQTQlQTklRTYlOUMlODglMjAlRTQlQkElQUUlRTYlQkIlQTElRTUlOUMlODYlRUYlQkMlOEMlRTglQjElQTElRTUlQkUlODElRTUlOUIlQTIlRTUlOUMlODYlRUYlQkMlOEMlRTUlOEYlODglRTclQTclQjAlRTQlQjglQkElRTUlOUIlQTIlRTUlOUMlODYlRTglOEElODIlRTMlODAlODIlRTYlODklODAlRTQlQkIlQTUlRTUlOUMlQTglRTUlODUlQUIlRTYlOUMlODglRTUlOEQlODElRTQlQkElOTQlRTUlOEYlQjclRTUlODUlQUMlRTUlOEYlQjglRTYlOTQlQkUlRTUlODElODclRTQlQjglODklRTUlQTQlQTklRUYlQkMlODElRTMlODAlODAlM0MlMkZwJTNFJTNDcCUzRSVFMyU4MCU4MCUyNm5ic3AlM0IlMjAlMjZuYnNwJTNCJTIwJTI2bmJzcCUzQiUyMCUyNm5ic3AlM0IlMjAlMjZuYnNwJTNCJTIwJTI2bmJzcCUzQiUyMCUyNm5ic3AlM0IlMjAlMjZuYnNwJTNCJTIwJTI2bmJzcCUzQiUyMCUyNm5ic3AlM0IlMjAlMjZuYnNwJTNCJTIwJTI2bmJzcCUzQiUyMCUyNm5ic3AlM0IlMjAlMjZuYnNwJTNCJTIwJTI2bmJzcCUzQiUyMCUyNm5ic3AlM0IlMjAlMjZuYnNwJTNCJTIwJTI2bmJzcCUzQiUyMCUyNm5ic3AlM0IlMjAlMjZuYnNwJTNCJTIwJTI2bmJzcCUzQiUyMCUyNm5ic3AlM0IlMjAlMjZuYnNwJTNCJTIwJTI2bmJzcCUzQiUyMCUyNm5ic3AlM0IlMjAlRTMlODAlODAlRTMlODAlODAyMDIxJUU1JUI5JUI0OCVFNiU5QyU4ODElRTUlOEYlQjclM0MlMkZwJTNFJTNDcCUzRSUyNm5ic3AlM0IlMjAlMjZuYnNwJTNCJTIwJTI2bmJzcCUzQiUyMCUyNm5ic3AlM0IlMjAlMjZuYnNwJTNCJTIwJTI2bmJzcCUzQiUyMCUyNm5ic3AlM0IlMjAlMjZuYnNwJTNCJTIwJTI2bmJzcCUzQiUyMCUyNm5ic3AlM0IlMjAlMjZuYnNwJTNCJTIwJTI2bmJzcCUzQiUyMCUyNm5ic3AlM0IlMjAlMjZuYnNwJTNCJTIwJTI2bmJzcCUzQiUyMCUyNm5ic3AlM0IlMjAlMjZuYnNwJTNCJTIwJTI2bmJzcCUzQiUyMCUyNm5ic3AlM0IlMjAlMjZuYnNwJTNCJTIwJTI2bmJzcCUzQiUyMCUyNm5ic3AlM0IlMjAlMjZuYnNwJTNCJTIwJTI2bmJzcCUzQiUyMCUyNm5ic3AlM0IlMjAlMjZuYnNwJTNCJTIwJTI2bmJzcCUzQiUyMCUyNm5ic3AlM0IlMjAlMjZuYnNwJTNCJTIwJTI2bmJzcCUzQiUyMCUyNm5ic3AlM0IlMjAlMjZuYnNwJTNCJUU0JUI4JUJCJUU0JUJCJTk5JUU0JUI4JUI5JUU2JTgwJUJCJUU5JTgzJUE4JTI2bmJzcCUzQiUzQyUyRnAlM0U=', 0)
GO
INSERT [dbo].[News] ([New_id], [New_content], [New_Show]) VALUES (1109, N'JTNDcCUzRSVFNSVCMCU4QSVFNiU5NSVBQyVFNyU5QSU4NCVFNSVBRSVCNiVFOSU5NSVCRiVFNiU5QyU4QiVFNSU4RiU4QiVFNCVCQiVBQyVFRiVCQyU5QSUyMCVFMyU4MCU4MCUzQyUyRnAlM0UlM0NwJTNFJUUzJTgwJTgwJTI2bmJzcCUzQiUyMCUyNm5ic3AlM0IlRTIlODAlOUMlRTQlQjglQkUlRTYlOUQlQUYlRTklODIlODAlRTYlOTglOEUlRTYlOUMlODglRUYlQkMlOEMlRTUlODUlQjElRTUlQkElODYlRTQlQkQlQjMlRTglOEElODIlRTYlOTclQjYlRTIlODAlOUQlRUYlQkMlOEMlRTQlQjglODAlRTUlQjklQjQlRTQlQjglODAlRTUlQkElQTYlRTclOUElODQlRTQlQjglQUQlRTclQTclOEIlRTglOEElODIlRTUlOEQlQjMlRTUlQjAlODYlRTYlOUQlQTUlRTQlQjglQjQlRUYlQkMlOEMlRTQlQjglQUQlRTclQTclOEIlRTglOEElODIlRTIlODAlOTQlRTIlODAlOTQlRTQlQjglQUQlRTUlOUIlQkQlRTQlQkMlQTAlRTclQkIlOUYlRTglOEElODIlRTYlOTclQTUlRTQlQjklOEIlRTQlQjglODAlRUYlQkMlOEMlMjAlRTQlQjglQkElRTYlQUYlOEYlRTUlQjklQjQlRTUlODYlOUMlRTUlOEUlODYlRTUlODUlQUIlRTYlOUMlODglRTUlOEQlODElRTQlQkElOTQlRUYlQkMlOEMlRTYlOTUlODUlRTYlQjAlOTElRTklOTclQjQlRTclQTclQjAlRTQlQjglQkElRTQlQjglQUQlRTclQTclOEIlRUYlQkMlOEMlRTUlOEYlODglRTclQTclQjAlRTclQTclOEIlRTUlQTQlOTUlRTMlODAlODElRTUlODUlQUIlRTYlOUMlODglRTglOEElODIlRTMlODAlODElRTUlODUlQUIlRTYlOUMlODglRTUlOEQlOEElRTMlODAlODElRTYlOUMlODglRTUlQTQlOTUlRTMlODAlODElRTYlOUMlODglRTglOEElODIlRUYlQkMlOEMlRTUlOEYlODglRTUlOUIlQTAlRTglQkYlOTklRTQlQjglODAlRTUlQTQlQTklRTYlOUMlODglMjAlRTQlQkElQUUlRTYlQkIlQTElRTUlOUMlODYlRUYlQkMlOEMlRTglQjElQTElRTUlQkUlODElRTUlOUIlQTIlRTUlOUMlODYlRUYlQkMlOEMlRTUlOEYlODglRTclQTclQjAlRTQlQjglQkElRTUlOUIlQTIlRTUlOUMlODYlRTglOEElODIlRTMlODAlODIlRTYlODklODAlRTQlQkIlQTUlRTUlOUMlQTglRTUlODUlQUIlRTYlOUMlODglRTUlOEQlODElRTQlQkElOTQlRTUlOEYlQjclRTUlODUlQUMlRTUlOEYlQjglRTYlOTQlQkUlRTUlODElODclRTQlQjglODklRTUlQTQlQTklRUYlQkMlODElRTMlODAlODAlM0MlMkZwJTNFJTNDcCUzRSVFMyU4MCU4MCUyNm5ic3AlM0IlMjAlMjZuYnNwJTNCJTIwJTI2bmJzcCUzQiUyMCUyNm5ic3AlM0IlMjAlMjZuYnNwJTNCJTIwJTI2bmJzcCUzQiUyMCUyNm5ic3AlM0IlMjAlMjZuYnNwJTNCJTIwJTI2bmJzcCUzQiUyMCUyNm5ic3AlM0IlMjAlMjZuYnNwJTNCJTIwJTI2bmJzcCUzQiUyMCUyNm5ic3AlM0IlMjAlMjZuYnNwJTNCJTIwJTI2bmJzcCUzQiUyMCUyNm5ic3AlM0IlMjAlMjZuYnNwJTNCJTIwJTI2bmJzcCUzQiUyMCUyNm5ic3AlM0IlMjAlMjZuYnNwJTNCJTIwJTI2bmJzcCUzQiUyMCUyNm5ic3AlM0IlMjAlMjZuYnNwJTNCJTIwJTI2bmJzcCUzQiUyMCVFMyU4MCU4MDIwMjElRTUlQjklQjQ4JUU2JTlDJTg4MSVFNSU4RiVCNyUzQyUyRnAlM0UlM0NwJTNFJTI2bmJzcCUzQiUyMCUyNm5ic3AlM0IlMjAlMjZuYnNwJTNCJTIwJTI2bmJzcCUzQiUyMCUyNm5ic3AlM0IlMjAlMjZuYnNwJTNCJTIwJTI2bmJzcCUzQiUyMCUyNm5ic3AlM0IlMjAlMjZuYnNwJTNCJTIwJTI2bmJzcCUzQiUyMCUyNm5ic3AlM0IlMjAlMjZuYnNwJTNCJTIwJTI2bmJzcCUzQiUyMCUyNm5ic3AlM0IlMjAlMjZuYnNwJTNCJTIwJTI2bmJzcCUzQiUyMCUyNm5ic3AlM0IlMjAlMjZuYnNwJTNCJTIwJTI2bmJzcCUzQiUyMCUyNm5ic3AlM0IlMjAlMjZuYnNwJTNCJTIwJTI2bmJzcCUzQiUyMCUyNm5ic3AlM0IlMjAlMjZuYnNwJTNCJTIwJTI2bmJzcCUzQiUyMCUyNm5ic3AlM0IlMjAlMjZuYnNwJTNCJTIwJTI2bmJzcCUzQiUyMCUyNm5ic3AlM0IlMjAlRTQlQjglQkIlRTQlQkIlOTklRTQlQjglQjklRTYlODAlQkIlRTklODMlQTglMjZuYnNwJTNCJTNDJTJGcCUzRQ==', 1)
GO
INSERT [dbo].[News] ([New_id], [New_content], [New_Show]) VALUES (1110, N'JTNDcCUzRSVFNSVCMCU4QSVFNiU5NSVBQyVFNyU5QSU4NCVFNSVBRSVCNiVFOSU5NSVCRiVFNiU5QyU4QiVFNSU4RiU4QiVFNCVCQiVBQyVFRiVCQyU5QSUyMCVFMyU4MCU4MCUzQyUyRnAlM0UlM0NwJTNFJUUzJTgwJTgwJTI2bmJzcCUzQiUyMCUyNm5ic3AlM0IlRTIlODAlOUMlRTQlQjglQkUlRTYlOUQlQUYlRTklODIlODAlRTYlOTglOEUlRTYlOUMlODglRUYlQkMlOEMlRTUlODUlQjElRTUlQkElODYlRTQlQkQlQjMlRTglOEElODIlRTYlOTclQjYlRTIlODAlOUQlRUYlQkMlOEMlRTQlQjglODAlRTUlQjklQjQlRTQlQjglODAlRTUlQkElQTYlRTclOUElODQlRTQlQjglQUQlRTclQTclOEIlRTglOEElODIlRTUlOEQlQjMlRTUlQjAlODYlRTYlOUQlQTUlRTQlQjglQjQlRUYlQkMlOEMlRTQlQjglQUQlRTclQTclOEIlRTglOEElODIlRTIlODAlOTQlRTIlODAlOTQlRTQlQjglQUQlRTUlOUIlQkQlRTQlQkMlQTAlRTclQkIlOUYlRTglOEElODIlRTYlOTclQTUlRTQlQjklOEIlRTQlQjglODAlRUYlQkMlOEMlMjAlRTQlQjglQkElRTYlQUYlOEYlRTUlQjklQjQlRTUlODYlOUMlRTUlOEUlODYlRTUlODUlQUIlRTYlOUMlODglRTUlOEQlODElRTQlQkElOTQlRUYlQkMlOEMlRTYlOTUlODUlRTYlQjAlOTElRTklOTclQjQlRTclQTclQjAlRTQlQjglQkElRTQlQjglQUQlRTclQTclOEIlRUYlQkMlOEMlRTUlOEYlODglRTclQTclQjAlRTclQTclOEIlRTUlQTQlOTUlRTMlODAlODElRTUlODUlQUIlRTYlOUMlODglRTglOEElODIlRTMlODAlODElRTUlODUlQUIlRTYlOUMlODglRTUlOEQlOEElRTMlODAlODElRTYlOUMlODglRTUlQTQlOTUlRTMlODAlODElRTYlOUMlODglRTglOEElODIlRUYlQkMlOEMlRTUlOEYlODglRTUlOUIlQTAlRTglQkYlOTklRTQlQjglODAlRTUlQTQlQTklRTYlOUMlODglMjAlRTQlQkElQUUlRTYlQkIlQTElRTUlOUMlODYlRUYlQkMlOEMlRTglQjElQTElRTUlQkUlODElRTUlOUIlQTIlRTUlOUMlODYlRUYlQkMlOEMlRTUlOEYlODglRTclQTclQjAlRTQlQjglQkElRTUlOUIlQTIlRTUlOUMlODYlRTglOEElODIlRTMlODAlODIlRTYlODklODAlRTQlQkIlQTUlRTUlOUMlQTglRTUlODUlQUIlRTYlOUMlODglRTUlOEQlODElRTQlQkElOTQlRTUlOEYlQjclRTUlODUlQUMlRTUlOEYlQjglRTYlOTQlQkUlRTUlODElODclRTQlQjglODklRTUlQTQlQTklRUYlQkMlODElRTMlODAlODAlM0MlMkZwJTNFJTNDcCUzRSVFMyU4MCU4MCUyNm5ic3AlM0IlMjAlMjZuYnNwJTNCJTIwJTI2bmJzcCUzQiUyMCUyNm5ic3AlM0IlMjAlMjZuYnNwJTNCJTIwJTI2bmJzcCUzQiUyMCUyNm5ic3AlM0IlMjAlMjZuYnNwJTNCJTIwJTI2bmJzcCUzQiUyMCUyNm5ic3AlM0IlMjAlMjZuYnNwJTNCJTIwJTI2bmJzcCUzQiUyMCUyNm5ic3AlM0IlMjAlMjZuYnNwJTNCJTIwJTI2bmJzcCUzQiUyMCUyNm5ic3AlM0IlMjAlMjZuYnNwJTNCJTIwJTI2bmJzcCUzQiUyMCUyNm5ic3AlM0IlMjAlMjZuYnNwJTNCJTIwJTI2bmJzcCUzQiUyMCUyNm5ic3AlM0IlMjAlMjZuYnNwJTNCJTIwJTI2bmJzcCUzQiUyMCUyNm5ic3AlM0IlMjAlRTMlODAlODAlRTMlODAlODAyMDIxJUU1JUI5JUI0OCVFNiU5QyU4ODElRTUlOEYlQjclM0MlMkZwJTNFJTNDcCUzRSUyNm5ic3AlM0IlMjAlMjZuYnNwJTNCJTIwJTI2bmJzcCUzQiUyMCUyNm5ic3AlM0IlMjAlMjZuYnNwJTNCJTIwJTI2bmJzcCUzQiUyMCUyNm5ic3AlM0IlMjAlMjZuYnNwJTNCJTIwJTI2bmJzcCUzQiUyMCUyNm5ic3AlM0IlMjAlMjZuYnNwJTNCJTIwJTI2bmJzcCUzQiUyMCUyNm5ic3AlM0IlMjAlMjZuYnNwJTNCJTIwJTI2bmJzcCUzQiUyMCUyNm5ic3AlM0IlMjAlMjZuYnNwJTNCJTIwJTI2bmJzcCUzQiUyMCUyNm5ic3AlM0IlMjAlMjZuYnNwJTNCJTIwJTI2bmJzcCUzQiUyMCUyNm5ic3AlM0IlMjAlMjZuYnNwJTNCJTIwJTI2bmJzcCUzQiUyMCUyNm5ic3AlM0IlMjAlMjZuYnNwJTNCJTIwJTI2bmJzcCUzQiUyMCUyNm5ic3AlM0IlMjAlMjZuYnNwJTNCJTIwJTI2bmJzcCUzQiUyMCUyNm5ic3AlM0IlMjAlMjZuYnNwJTNCJUU0JUI4JUJCJUU0JUJCJTk5JUU0JUI4JUI5JUU2JTgwJUJCJUU5JTgzJUE4JTI2bmJzcCUzQiUzQyUyRnAlM0U=', 0)
GO
INSERT [dbo].[News] ([New_id], [New_content], [New_Show]) VALUES (1111, N'JTNDcCUzRSVFNSVCMCU4QSVFNiU5NSVBQyVFNyU5QSU4NCVFNSVBRSVCNiVFOSU5NSVCRiVFNiU5QyU4QiVFNSU4RiU4QiVFNCVCQiVBQyVFRiVCQyU5QSUyMCVFMyU4MCU4MCUzQyUyRnAlM0UlM0NwJTNFJUUzJTgwJTgwJTI2bmJzcCUzQiUyMCUyNm5ic3AlM0IlRTIlODAlOUMlRTQlQjglQkUlRTYlOUQlQUYlRTklODIlODAlRTYlOTglOEUlRTYlOUMlODglRUYlQkMlOEMlRTUlODUlQjElRTUlQkElODYlRTQlQkQlQjMlRTglOEElODIlRTYlOTclQjYlRTIlODAlOUQlRUYlQkMlOEMlRTQlQjglODAlRTUlQjklQjQlRTQlQjglODAlRTUlQkElQTYlRTclOUElODQlRTQlQjglQUQlRTclQTclOEIlRTglOEElODIlRTUlOEQlQjMlRTUlQjAlODYlRTYlOUQlQTUlRTQlQjglQjQlRUYlQkMlOEMlRTQlQjglQUQlRTclQTclOEIlRTglOEElODIlRTIlODAlOTQlRTIlODAlOTQlRTQlQjglQUQlRTUlOUIlQkQlRTQlQkMlQTAlRTclQkIlOUYlRTglOEElODIlRTYlOTclQTUlRTQlQjklOEIlRTQlQjglODAlRUYlQkMlOEMlMjAlRTQlQjglQkElRTYlQUYlOEYlRTUlQjklQjQlRTUlODYlOUMlRTUlOEUlODYlRTUlODUlQUIlRTYlOUMlODglRTUlOEQlODElRTQlQkElOTQlRUYlQkMlOEMlRTYlOTUlODUlRTYlQjAlOTElRTklOTclQjQlRTclQTclQjAlRTQlQjglQkElRTQlQjglQUQlRTclQTclOEIlRUYlQkMlOEMlRTUlOEYlODglRTclQTclQjAlRTclQTclOEIlRTUlQTQlOTUlRTMlODAlODElRTUlODUlQUIlRTYlOUMlODglRTglOEElODIlRTMlODAlODElRTUlODUlQUIlRTYlOUMlODglRTUlOEQlOEElRTMlODAlODElRTYlOUMlODglRTUlQTQlOTUlRTMlODAlODElRTYlOUMlODglRTglOEElODIlRUYlQkMlOEMlRTUlOEYlODglRTUlOUIlQTAlRTglQkYlOTklRTQlQjglODAlRTUlQTQlQTklRTYlOUMlODglMjAlRTQlQkElQUUlRTYlQkIlQTElRTUlOUMlODYlRUYlQkMlOEMlRTglQjElQTElRTUlQkUlODElRTUlOUIlQTIlRTUlOUMlODYlRUYlQkMlOEMlRTUlOEYlODglRTclQTclQjAlRTQlQjglQkElRTUlOUIlQTIlRTUlOUMlODYlRTglOEElODIlRTMlODAlODIlRTYlODklODAlRTQlQkIlQTUlRTUlOUMlQTglRTUlODUlQUIlRTYlOUMlODglRTUlOEQlODElRTQlQkElOTQlRTUlOEYlQjclRTUlODUlQUMlRTUlOEYlQjglRTYlOTQlQkUlRTUlODElODclRTQlQjglODklRTUlQTQlQTklRUYlQkMlODElRTMlODAlODAlM0MlMkZwJTNFJTNDcCUzRSVFMyU4MCU4MCUyNm5ic3AlM0IlMjAlMjZuYnNwJTNCJTIwJTI2bmJzcCUzQiUyMCUyNm5ic3AlM0IlMjAlMjZuYnNwJTNCJTIwJTI2bmJzcCUzQiUyMCUyNm5ic3AlM0IlMjAlMjZuYnNwJTNCJTIwJTI2bmJzcCUzQiUyMCUyNm5ic3AlM0IlMjAlMjZuYnNwJTNCJTIwJTI2bmJzcCUzQiUyMCUyNm5ic3AlM0IlMjAlMjZuYnNwJTNCJTIwJTI2bmJzcCUzQiUyMCUyNm5ic3AlM0IlMjAlMjZuYnNwJTNCJTIwJTI2bmJzcCUzQiUyMCUyNm5ic3AlM0IlMjAlMjZuYnNwJTNCJTIwJTI2bmJzcCUzQiUyMCUyNm5ic3AlM0IlMjAlMjZuYnNwJTNCJTIwJTI2bmJzcCUzQiUyMCUyNm5ic3AlM0IlRTMlODAlODAyMDIxJUU1JUI5JUI0OCVFNiU5QyU4ODElRTUlOEYlQjclM0MlMkZwJTNFJTNDcCUzRSUyNm5ic3AlM0IlMjAlMjZuYnNwJTNCJTIwJTI2bmJzcCUzQiUyMCUyNm5ic3AlM0IlMjAlMjZuYnNwJTNCJTIwJTI2bmJzcCUzQiUyMCUyNm5ic3AlM0IlMjAlMjZuYnNwJTNCJTIwJTI2bmJzcCUzQiUyMCUyNm5ic3AlM0IlMjAlMjZuYnNwJTNCJTIwJTI2bmJzcCUzQiUyMCUyNm5ic3AlM0IlMjAlMjZuYnNwJTNCJTIwJTI2bmJzcCUzQiUyMCUyNm5ic3AlM0IlMjAlMjZuYnNwJTNCJTIwJTI2bmJzcCUzQiUyMCUyNm5ic3AlM0IlMjAlMjZuYnNwJTNCJTIwJTI2bmJzcCUzQiUyMCUyNm5ic3AlM0IlMjAlMjZuYnNwJTNCJTIwJTI2bmJzcCUzQiUyMCUyNm5ic3AlM0IlMjAlMjZuYnNwJTNCJTIwJTI2bmJzcCUzQiUyMCUyNm5ic3AlM0IlMjAlMjZuYnNwJTNCJTIwJTI2bmJzcCUzQiVFNCVCOCVCQiVFNCVCQiU5OSVFNCVCOCVCOSVFNiU4MCVCQiVFOSU4MyVBOCUyNm5ic3AlM0IlM0MlMkZwJTNF', 1)
GO
INSERT [dbo].[News] ([New_id], [New_content], [New_Show]) VALUES (1112, N'JTNDcCUzRSVFNSVCMCU4QSVFNiU5NSVBQyVFNyU5QSU4NCVFNSVBRSVCNiVFOSU5NSVCRiVFNiU5QyU4QiVFNSU4RiU4QiVFNCVCQiVBQyVFRiVCQyU5QSUyMCVFMyU4MCU4MCUzQyUyRnAlM0UlM0NwJTNFJUUzJTgwJTgwJTI2bmJzcCUzQiUyMCUyNm5ic3AlM0IlRTIlODAlOUMlRTQlQjglQkUlRTYlOUQlQUYlRTklODIlODAlRTYlOTglOEUlRTYlOUMlODglRUYlQkMlOEMlRTUlODUlQjElRTUlQkElODYlRTQlQkQlQjMlRTglOEElODIlRTYlOTclQjYlRTIlODAlOUQlRUYlQkMlOEMlRTQlQjglODAlRTUlQjklQjQlRTQlQjglODAlRTUlQkElQTYlRTclOUElODQlRTQlQjglQUQlRTclQTclOEIlRTglOEElODIlRTUlOEQlQjMlRTUlQjAlODYlRTYlOUQlQTUlRTQlQjglQjQlRUYlQkMlOEMlRTQlQjglQUQlRTclQTclOEIlRTglOEElODIlRTIlODAlOTQlRTIlODAlOTQlRTQlQjglQUQlRTUlOUIlQkQlRTQlQkMlQTAlRTclQkIlOUYlRTglOEElODIlRTYlOTclQTUlRTQlQjklOEIlRTQlQjglODAlRUYlQkMlOEMlMjAlRTQlQjglQkElRTYlQUYlOEYlRTUlQjklQjQlRTUlODYlOUMlRTUlOEUlODYlRTUlODUlQUIlRTYlOUMlODglRTUlOEQlODElRTQlQkElOTQlRUYlQkMlOEMlRTYlOTUlODUlRTYlQjAlOTElRTklOTclQjQlRTclQTclQjAlRTQlQjglQkElRTQlQjglQUQlRTclQTclOEIlRUYlQkMlOEMlRTUlOEYlODglRTclQTclQjAlRTclQTclOEIlRTUlQTQlOTUlRTMlODAlODElRTUlODUlQUIlRTYlOUMlODglRTglOEElODIlRTMlODAlODElRTUlODUlQUIlRTYlOUMlODglRTUlOEQlOEElRTMlODAlODElRTYlOUMlODglRTUlQTQlOTUlRTMlODAlODElRTYlOUMlODglRTglOEElODIlRUYlQkMlOEMlRTUlOEYlODglRTUlOUIlQTAlRTglQkYlOTklRTQlQjglODAlRTUlQTQlQTklRTYlOUMlODglMjAlRTQlQkElQUUlRTYlQkIlQTElRTUlOUMlODYlRUYlQkMlOEMlRTglQjElQTElRTUlQkUlODElRTUlOUIlQTIlRTUlOUMlODYlRUYlQkMlOEMlRTUlOEYlODglRTclQTclQjAlRTQlQjglQkElRTUlOUIlQTIlRTUlOUMlODYlRTglOEElODIlRTMlODAlODIlRTYlODklODAlRTQlQkIlQTUlRTUlOUMlQTglRTUlODUlQUIlRTYlOUMlODglRTUlOEQlODElRTQlQkElOTQlRTUlOEYlQjclRTUlODUlQUMlRTUlOEYlQjglRTYlOTQlQkUlRTUlODElODclRTQlQjglODklRTUlQTQlQTklRUYlQkMlODElRTMlODAlODAlM0MlMkZwJTNFJTNDcCUzRSVFMyU4MCU4MCUyNm5ic3AlM0IlMjAlMjZuYnNwJTNCJTIwJTI2bmJzcCUzQiUyMCUyNm5ic3AlM0IlMjAlMjZuYnNwJTNCJTIwJTI2bmJzcCUzQiUyMCUyNm5ic3AlM0IlMjAlMjZuYnNwJTNCJTIwJTI2bmJzcCUzQiUyMCUyNm5ic3AlM0IlMjAlMjZuYnNwJTNCJTIwJTI2bmJzcCUzQiUyMCUyNm5ic3AlM0IlMjAlMjZuYnNwJTNCJTIwJTI2bmJzcCUzQiUyMCUyNm5ic3AlM0IlMjAlMjZuYnNwJTNCJTIwJTI2bmJzcCUzQiUyMCUyNm5ic3AlM0IlMjAlMjZuYnNwJTNCJTIwJTI2bmJzcCUzQiUyMCUyNm5ic3AlM0IlMjAlMjZuYnNwJTNCJTIwJTI2bmJzcCUzQiUyMCUyNm5ic3AlM0IlMjAlRTMlODAlODAlRTMlODAlODAyMDIxJUU1JUI5JUI0OCVFNiU5QyU4ODElRTUlOEYlQjclM0MlMkZwJTNFJTNDcCUzRSUyNm5ic3AlM0IlMjAlMjZuYnNwJTNCJTIwJTI2bmJzcCUzQiUyMCUyNm5ic3AlM0IlMjAlMjZuYnNwJTNCJTIwJTI2bmJzcCUzQiUyMCUyNm5ic3AlM0IlMjAlMjZuYnNwJTNCJTIwJTI2bmJzcCUzQiUyMCUyNm5ic3AlM0IlMjAlMjZuYnNwJTNCJTIwJTI2bmJzcCUzQiUyMCUyNm5ic3AlM0IlMjAlMjZuYnNwJTNCJTIwJTI2bmJzcCUzQiUyMCUyNm5ic3AlM0IlMjAlMjZuYnNwJTNCJTIwJTI2bmJzcCUzQiUyMCUyNm5ic3AlM0IlMjAlMjZuYnNwJTNCJTIwJTI2bmJzcCUzQiUyMCUyNm5ic3AlM0IlMjAlMjZuYnNwJTNCJTIwJTI2bmJzcCUzQiUyMCUyNm5ic3AlM0IlMjAlMjZuYnNwJTNCJTIwJTI2bmJzcCUzQiUyMCUyNm5ic3AlM0IlMjAlMjZuYnNwJTNCJTIwJTI2bmJzcCUzQiUyMCUyNm5ic3AlM0IlMjAlMjZuYnNwJTNCJUU0JUI4JUJCJUU0JUJCJTk5JUU0JUI4JUI5JUU2JTgwJUJCJUU5JTgzJUE4JTI2bmJzcCUzQiUzQyUyRnAlM0U=', 0)
GO
INSERT [dbo].[News] ([New_id], [New_content], [New_Show]) VALUES (1113, N'JTNDcCUzRSVFNSVCMCU4QSVFNiU5NSVBQyVFNyU5QSU4NCVFNSVBRSVCNiVFOSU5NSVCRiVFNiU5QyU4QiVFNSU4RiU4QiVFNCVCQiVBQyVFRiVCQyU5QSUyMCVFMyU4MCU4MCUzQyUyRnAlM0UlM0NwJTNFJUUzJTgwJTgwJTI2bmJzcCUzQiUyMCUyNm5ic3AlM0IlRTIlODAlOUMlRTQlQjglQkUlRTYlOUQlQUYlRTklODIlODAlRTYlOTglOEUlRTYlOUMlODglRUYlQkMlOEMlRTUlODUlQjElRTUlQkElODYlRTQlQkQlQjMlRTglOEElODIlRTYlOTclQjYlRTIlODAlOUQlRUYlQkMlOEMlRTQlQjglODAlRTUlQjklQjQlRTQlQjglODAlRTUlQkElQTYlRTclOUElODQlRTQlQjglQUQlRTclQTclOEIlRTglOEElODIlRTUlOEQlQjMlRTUlQjAlODYlRTYlOUQlQTUlRTQlQjglQjQlRUYlQkMlOEMlRTQlQjglQUQlRTclQTclOEIlRTglOEElODIlRTIlODAlOTQlRTIlODAlOTQlRTQlQjglQUQlRTUlOUIlQkQlRTQlQkMlQTAlRTclQkIlOUYlRTglOEElODIlRTYlOTclQTUlRTQlQjklOEIlRTQlQjglODAlRUYlQkMlOEMlMjAlRTQlQjglQkElRTYlQUYlOEYlRTUlQjklQjQlRTUlODYlOUMlRTUlOEUlODYlRTUlODUlQUIlRTYlOUMlODglRTUlOEQlODElRTQlQkElOTQlRUYlQkMlOEMlRTYlOTUlODUlRTYlQjAlOTElRTklOTclQjQlRTclQTclQjAlRTQlQjglQkElRTQlQjglQUQlRTclQTclOEIlRUYlQkMlOEMlRTUlOEYlODglRTclQTclQjAlRTclQTclOEIlRTUlQTQlOTUlRTMlODAlODElRTUlODUlQUIlRTYlOUMlODglRTglOEElODIlRTMlODAlODElRTUlODUlQUIlRTYlOUMlODglRTUlOEQlOEElRTMlODAlODElRTYlOUMlODglRTUlQTQlOTUlRTMlODAlODElRTYlOUMlODglRTglOEElODIlRUYlQkMlOEMlRTUlOEYlODglRTUlOUIlQTAlRTglQkYlOTklRTQlQjglODAlRTUlQTQlQTklRTYlOUMlODglMjAlRTQlQkElQUUlRTYlQkIlQTElRTUlOUMlODYlRUYlQkMlOEMlRTglQjElQTElRTUlQkUlODElRTUlOUIlQTIlRTUlOUMlODYlRUYlQkMlOEMlRTUlOEYlODglRTclQTclQjAlRTQlQjglQkElRTUlOUIlQTIlRTUlOUMlODYlRTglOEElODIlRTMlODAlODIlRTYlODklODAlRTQlQkIlQTUlRTUlOUMlQTglRTUlODUlQUIlRTYlOUMlODglRTUlOEQlODElRTQlQkElOTQlRTUlOEYlQjclRTUlODUlQUMlRTUlOEYlQjglRTYlOTQlQkUlRTUlODElODclRTQlQjglODklRTUlQTQlQTklRUYlQkMlODElRTMlODAlODAlM0MlMkZwJTNFJTNDcCUzRSVFMyU4MCU4MCUyNm5ic3AlM0IlMjAlMjZuYnNwJTNCJTIwJTI2bmJzcCUzQiUyMCUyNm5ic3AlM0IlMjAlMjZuYnNwJTNCJTIwJTI2bmJzcCUzQiUyMCUyNm5ic3AlM0IlMjAlMjZuYnNwJTNCJTIwJTI2bmJzcCUzQiUyMCUyNm5ic3AlM0IlMjAlMjZuYnNwJTNCJTIwJTI2bmJzcCUzQiUyMCVFMyU4MCU4MCVFMyU4MCU4MDIwMjElRTUlQjklQjQ4JUU2JTlDJTg4MSVFNSU4RiVCNyUzQyUyRnAlM0UlM0NwJTNFJTI2bmJzcCUzQiUyMCUyNm5ic3AlM0IlMjAlMjZuYnNwJTNCJTIwJTI2bmJzcCUzQiUyMCUyNm5ic3AlM0IlMjAlMjZuYnNwJTNCJTIwJTI2bmJzcCUzQiUyMCUyNm5ic3AlM0IlMjAlMjZuYnNwJTNCJTIwJTI2bmJzcCUzQiUyMCUyNm5ic3AlM0IlMjAlMjZuYnNwJTNCJTIwJTI2bmJzcCUzQiUyMCUyNm5ic3AlM0IlMjAlMjZuYnNwJTNCJTIwJTI2bmJzcCUzQiUyMCUyNm5ic3AlM0IlMjAlMjZuYnNwJTNCJTIwJTI2bmJzcCUzQiVFNCVCOCVCQiVFNCVCQiU5OSVFNCVCOCVCOSVFNiU4MCVCQiVFOSU4MyVBOCUyNm5ic3AlM0IlM0MlMkZwJTNF', 1)
GO
INSERT [dbo].[News] ([New_id], [New_content], [New_Show]) VALUES (1114, N'JTNDcCUzRSVFNSVCMCU4QSVFNiU5NSVBQyVFNyU5QSU4NCVFNSVBRSVCNiVFOSU5NSVCRiVFNiU5QyU4QiVFNSU4RiU4QiVFNCVCQiVBQyVFRiVCQyU5QSUyMCVFMyU4MCU4MCUzQyUyRnAlM0UlM0NwJTNFJUUzJTgwJTgwJTI2bmJzcCUzQiUyMCUyNm5ic3AlM0IlRTIlODAlOUMlRTQlQjglQkUlRTYlOUQlQUYlRTklODIlODAlRTYlOTglOEUlRTYlOUMlODglRUYlQkMlOEMlRTUlODUlQjElRTUlQkElODYlRTQlQkQlQjMlRTglOEElODIlRTYlOTclQjYlRTIlODAlOUQlRUYlQkMlOEMlRTQlQjglODAlRTUlQjklQjQlRTQlQjglODAlRTUlQkElQTYlRTclOUElODQlRTQlQjglQUQlRTclQTclOEIlRTglOEElODIlRTUlOEQlQjMlRTUlQjAlODYlRTYlOUQlQTUlRTQlQjglQjQlRUYlQkMlOEMlRTQlQjglQUQlRTclQTclOEIlRTglOEElODIlRTIlODAlOTQlRTIlODAlOTQlRTQlQjglQUQlRTUlOUIlQkQlRTQlQkMlQTAlRTclQkIlOUYlRTglOEElODIlRTYlOTclQTUlRTQlQjklOEIlRTQlQjglODAlRUYlQkMlOEMlMjAlRTQlQjglQkElRTYlQUYlOEYlRTUlQjklQjQlRTUlODYlOUMlRTUlOEUlODYlRTUlODUlQUIlRTYlOUMlODglRTUlOEQlODElRTQlQkElOTQlRUYlQkMlOEMlRTYlOTUlODUlRTYlQjAlOTElRTklOTclQjQlRTclQTclQjAlRTQlQjglQkElRTQlQjglQUQlRTclQTclOEIlRUYlQkMlOEMlRTUlOEYlODglRTclQTclQjAlRTclQTclOEIlRTUlQTQlOTUlRTMlODAlODElRTUlODUlQUIlRTYlOUMlODglRTglOEElODIlRTMlODAlODElRTUlODUlQUIlRTYlOUMlODglRTUlOEQlOEElRTMlODAlODElRTYlOUMlODglRTUlQTQlOTUlRTMlODAlODElRTYlOUMlODglRTglOEElODIlRUYlQkMlOEMlRTUlOEYlODglRTUlOUIlQTAlRTglQkYlOTklRTQlQjglODAlRTUlQTQlQTklRTYlOUMlODglMjAlRTQlQkElQUUlRTYlQkIlQTElRTUlOUMlODYlRUYlQkMlOEMlRTglQjElQTElRTUlQkUlODElRTUlOUIlQTIlRTUlOUMlODYlRUYlQkMlOEMlRTUlOEYlODglRTclQTclQjAlRTQlQjglQkElRTUlOUIlQTIlRTUlOUMlODYlRTglOEElODIlRTMlODAlODIlRTYlODklODAlRTQlQkIlQTUlRTUlOUMlQTglRTUlODUlQUIlRTYlOUMlODglRTUlOEQlODElRTQlQkElOTQlRTUlOEYlQjclRTUlODUlQUMlRTUlOEYlQjglRTYlOTQlQkUlRTUlODElODclRTQlQjglODklRTUlQTQlQTklRUYlQkMlODElRTMlODAlODAlM0MlMkZwJTNFJTNDcCUzRSVFMyU4MCU4MCUyNm5ic3AlM0IlMjAlMjZuYnNwJTNCJTIwJTI2bmJzcCUzQiUyMCUyNm5ic3AlM0IlMjAlMjZuYnNwJTNCJTIwJTI2bmJzcCUzQiUyMCUyNm5ic3AlM0IlMjAlMjZuYnNwJTNCJTIwJTI2bmJzcCUzQiUyMCUyNm5ic3AlM0IlMjAlMjZuYnNwJTNCJTIwJTI2bmJzcCUzQiUyMCUyNm5ic3AlM0IlMjAlMjZuYnNwJTNCJTIwJTI2bmJzcCUzQiUyMCUyNm5ic3AlM0IlMjAlMjZuYnNwJTNCJTIwJTI2bmJzcCUzQiUyMCUyNm5ic3AlM0IlMjAlMjZuYnNwJTNCJTIwJTI2bmJzcCUzQiUyMCUyNm5ic3AlM0IlMjAlMjZuYnNwJTNCJTIwJTI2bmJzcCUzQiUyMCUyNm5ic3AlM0IlMjAlRTMlODAlODAlRTMlODAlODAyMDIxJUU1JUI5JUI0OCVFNiU5QyU4ODElRTUlOEYlQjclM0MlMkZwJTNFJTNDcCUzRSUyNm5ic3AlM0IlMjAlMjZuYnNwJTNCJTIwJTI2bmJzcCUzQiUyMCUyNm5ic3AlM0IlMjAlMjZuYnNwJTNCJTIwJTI2bmJzcCUzQiUyMCUyNm5ic3AlM0IlMjAlMjZuYnNwJTNCJTIwJTI2bmJzcCUzQiUyMCUyNm5ic3AlM0IlMjAlMjZuYnNwJTNCJTIwJTI2bmJzcCUzQiUyMCUyNm5ic3AlM0IlMjAlMjZuYnNwJTNCJTIwJTI2bmJzcCUzQiUyMCUyNm5ic3AlM0IlMjAlMjZuYnNwJTNCJTIwJTI2bmJzcCUzQiUyMCUyNm5ic3AlM0IlMjAlMjZuYnNwJTNCJTIwJTI2bmJzcCUzQiUyMCUyNm5ic3AlM0IlMjAlMjZuYnNwJTNCJTIwJTI2bmJzcCUzQiUyMCUyNm5ic3AlM0IlMjAlMjZuYnNwJTNCJTIwJTI2bmJzcCUzQiUyMCUyNm5ic3AlM0IlMjAlMjZuYnNwJTNCJTIwJTI2bmJzcCUzQiUyMCUyNm5ic3AlM0IlMjAlMjZuYnNwJTNCJUU0JUI4JUJCJUU0JUJCJTk5JUU0JUI4JUI5JUU2JTgwJUJCJUU5JTgzJUE4JTI2bmJzcCUzQiUzQyUyRnAlM0U=', 0)
GO
INSERT [dbo].[News] ([New_id], [New_content], [New_Show]) VALUES (1115, N'JTNDcCUzRSVFNSVCMCU4QSVFNiU5NSVBQyVFNyU5QSU4NCVFNSVBRSVCNiVFOSU5NSVCRiVFNiU5QyU4QiVFNSU4RiU4QiVFNCVCQiVBQyVFRiVCQyU5QSUyMCVFMyU4MCU4MCUzQyUyRnAlM0UlM0NwJTNFJUUzJTgwJTgwJTI2bmJzcCUzQiUyMCUyNm5ic3AlM0IlRTIlODAlOUMlRTQlQjglQkUlRTYlOUQlQUYlRTklODIlODAlRTYlOTglOEUlRTYlOUMlODglRUYlQkMlOEMlRTUlODUlQjElRTUlQkElODYlRTQlQkQlQjMlRTglOEElODIlRTYlOTclQjYlRTIlODAlOUQlRUYlQkMlOEMlRTQlQjglODAlRTUlQjklQjQlRTQlQjglODAlRTUlQkElQTYlRTclOUElODQlRTQlQjglQUQlRTclQTclOEIlRTglOEElODIlRTUlOEQlQjMlRTUlQjAlODYlRTYlOUQlQTUlRTQlQjglQjQlRUYlQkMlOEMlRTQlQjglQUQlRTclQTclOEIlRTglOEElODIlRTIlODAlOTQlRTIlODAlOTQlRTQlQjglQUQlRTUlOUIlQkQlRTQlQkMlQTAlRTclQkIlOUYlRTglOEElODIlRTYlOTclQTUlRTQlQjklOEIlRTQlQjglODAlRUYlQkMlOEMlMjAlRTQlQjglQkElRTYlQUYlOEYlRTUlQjklQjQlRTUlODYlOUMlRTUlOEUlODYlRTUlODUlQUIlRTYlOUMlODglRTUlOEQlODElRTQlQkElOTQlRUYlQkMlOEMlRTYlOTUlODUlRTYlQjAlOTElRTklOTclQjQlRTclQTclQjAlRTQlQjglQkElRTQlQjglQUQlRTclQTclOEIlRUYlQkMlOEMlRTUlOEYlODglRTclQTclQjAlRTclQTclOEIlRTUlQTQlOTUlRTMlODAlODElRTUlODUlQUIlRTYlOUMlODglRTglOEElODIlRTMlODAlODElRTUlODUlQUIlRTYlOUMlODglRTUlOEQlOEElRTMlODAlODElRTYlOUMlODglRTUlQTQlOTUlRTMlODAlODElRTYlOUMlODglRTglOEElODIlRUYlQkMlOEMlRTUlOEYlODglRTUlOUIlQTAlRTglQkYlOTklRTQlQjglODAlRTUlQTQlQTklRTYlOUMlODglMjAlRTQlQkElQUUlRTYlQkIlQTElRTUlOUMlODYlRUYlQkMlOEMlRTglQjElQTElRTUlQkUlODElRTUlOUIlQTIlRTUlOUMlODYlRUYlQkMlOEMlRTUlOEYlODglRTclQTclQjAlRTQlQjglQkElRTUlOUIlQTIlRTUlOUMlODYlRTglOEElODIlRTMlODAlODIlRTYlODklODAlRTQlQkIlQTUlRTUlOUMlQTglRTUlODUlQUIlRTYlOUMlODglRTUlOEQlODElRTQlQkElOTQlRTUlOEYlQjclRTUlODUlQUMlRTUlOEYlQjglRTYlOTQlQkUlRTUlODElODclRTQlQjglODklRTUlQTQlQTklRUYlQkMlODElRTMlODAlODAlM0MlMkZwJTNFJTNDcCUzRSVFMyU4MCU4MCUyNm5ic3AlM0IlMjAlMjZuYnNwJTNCJTIwJTI2bmJzcCUzQiUyMCUyNm5ic3AlM0IlMjAlMjZuYnNwJTNCJTIwJTI2bmJzcCUzQiUyMCUyNm5ic3AlM0IlMjAlMjZuYnNwJTNCJTIwJTI2bmJzcCUzQiUyMCUyNm5ic3AlM0IlMjAlMjZuYnNwJTNCJTIwJTI2bmJzcCUzQiUyMCUyNm5ic3AlM0IlMjAlMjZuYnNwJTNCJTIwJTI2bmJzcCUzQiUyMCUyNm5ic3AlM0IlMjAlMjZuYnNwJTNCJTIwJTI2bmJzcCUzQiUyMCUyNm5ic3AlM0IlMjAlMjZuYnNwJTNCJTIwJUUzJTgwJTgwJUUzJTgwJTgwMjAyMSVFNSVCOSVCNDglRTYlOUMlODgxJUU1JThGJUI3JTNDJTJGcCUzRSUzQ3AlM0UlMjZuYnNwJTNCJTIwJTI2bmJzcCUzQiUyMCUyNm5ic3AlM0IlMjAlMjZuYnNwJTNCJTIwJTI2bmJzcCUzQiUyMCUyNm5ic3AlM0IlMjAlMjZuYnNwJTNCJTIwJTI2bmJzcCUzQiUyMCUyNm5ic3AlM0IlMjAlMjZuYnNwJTNCJTIwJTI2bmJzcCUzQiUyMCUyNm5ic3AlM0IlMjAlMjZuYnNwJTNCJTIwJTI2bmJzcCUzQiUyMCUyNm5ic3AlM0IlMjAlMjZuYnNwJTNCJTIwJTI2bmJzcCUzQiUyMCUyNm5ic3AlM0IlMjAlMjZuYnNwJTNCJTIwJTI2bmJzcCUzQiUyMCUyNm5ic3AlM0IlMjAlMjZuYnNwJTNCJTIwJTI2bmJzcCUzQiUyMCUyNm5ic3AlM0IlMjAlMjZuYnNwJTNCJTIwJTI2bmJzcCUzQiUyMCUyNm5ic3AlM0IlMjAlRTQlQjglQkIlRTQlQkIlOTklRTQlQjglQjklRTYlODAlQkIlRTklODMlQTglMjZuYnNwJTNCJTNDJTJGcCUzRQ==', 1)
GO
INSERT [dbo].[News] ([New_id], [New_content], [New_Show]) VALUES (1116, N'JTNDcCUzRSVFNSVCMCU4QSVFNiU5NSVBQyVFNyU5QSU4NCVFNSVBRSVCNiVFOSU5NSVCRiVFNiU5QyU4QiVFNSU4RiU4QiVFNCVCQiVBQyVFRiVCQyU5QSUyMCVFMyU4MCU4MCUzQyUyRnAlM0UlM0NwJTNFJUUzJTgwJTgwJTI2bmJzcCUzQiUyMCUyNm5ic3AlM0IlRTIlODAlOUMlRTQlQjglQkUlRTYlOUQlQUYlRTklODIlODAlRTYlOTglOEUlRTYlOUMlODglRUYlQkMlOEMlRTUlODUlQjElRTUlQkElODYlRTQlQkQlQjMlRTglOEElODIlRTYlOTclQjYlRTIlODAlOUQlRUYlQkMlOEMlRTQlQjglODAlRTUlQjklQjQlRTQlQjglODAlRTUlQkElQTYlRTclOUElODQlRTQlQjglQUQlRTclQTclOEIlRTglOEElODIlRTUlOEQlQjMlRTUlQjAlODYlRTYlOUQlQTUlRTQlQjglQjQlRUYlQkMlOEMlRTQlQjglQUQlRTclQTclOEIlRTglOEElODIlRTIlODAlOTQlRTIlODAlOTQlRTQlQjglQUQlRTUlOUIlQkQlRTQlQkMlQTAlRTclQkIlOUYlRTglOEElODIlRTYlOTclQTUlRTQlQjklOEIlRTQlQjglODAlRUYlQkMlOEMlMjAlRTQlQjglQkElRTYlQUYlOEYlRTUlQjklQjQlRTUlODYlOUMlRTUlOEUlODYlRTUlODUlQUIlRTYlOUMlODglRTUlOEQlODElRTQlQkElOTQlRUYlQkMlOEMlRTYlOTUlODUlRTYlQjAlOTElRTklOTclQjQlRTclQTclQjAlRTQlQjglQkElRTQlQjglQUQlRTclQTclOEIlRUYlQkMlOEMlRTUlOEYlODglRTclQTclQjAlRTclQTclOEIlRTUlQTQlOTUlRTMlODAlODElRTUlODUlQUIlRTYlOUMlODglRTglOEElODIlRTMlODAlODElRTUlODUlQUIlRTYlOUMlODglRTUlOEQlOEElRTMlODAlODElRTYlOUMlODglRTUlQTQlOTUlRTMlODAlODElRTYlOUMlODglRTglOEElODIlRUYlQkMlOEMlRTUlOEYlODglRTUlOUIlQTAlRTglQkYlOTklRTQlQjglODAlRTUlQTQlQTklRTYlOUMlODglMjAlRTQlQkElQUUlRTYlQkIlQTElRTUlOUMlODYlRUYlQkMlOEMlRTglQjElQTElRTUlQkUlODElRTUlOUIlQTIlRTUlOUMlODYlRUYlQkMlOEMlRTUlOEYlODglRTclQTclQjAlRTQlQjglQkElRTUlOUIlQTIlRTUlOUMlODYlRTglOEElODIlRTMlODAlODIlRTYlODklODAlRTQlQkIlQTUlRTUlOUMlQTglRTUlODUlQUIlRTYlOUMlODglRTUlOEQlODElRTQlQkElOTQlRTUlOEYlQjclRTUlODUlQUMlRTUlOEYlQjglRTYlOTQlQkUlRTUlODElODclRTQlQjglODklRTUlQTQlQTklRUYlQkMlODElRTMlODAlODAlM0MlMkZwJTNFJTNDcCUzRSVFMyU4MCU4MCUyNm5ic3AlM0IlMjAlMjZuYnNwJTNCJTIwJTI2bmJzcCUzQiUyMCUyNm5ic3AlM0IlMjAlMjZuYnNwJTNCJTIwJTI2bmJzcCUzQiUyMCUyNm5ic3AlM0IlMjAlMjZuYnNwJTNCJTIwJTI2bmJzcCUzQiUyMCUyNm5ic3AlM0IlMjAlMjZuYnNwJTNCJTIwJTI2bmJzcCUzQiUyMCUyNm5ic3AlM0IlMjAlMjZuYnNwJTNCJTIwJTI2bmJzcCUzQiUyMCUyNm5ic3AlM0IlMjAlMjZuYnNwJTNCJTIwJTI2bmJzcCUzQiUyMCUyNm5ic3AlM0IlMjAlMjZuYnNwJTNCJTIwJTI2bmJzcCUzQiUyMCUyNm5ic3AlM0IlMjAlMjZuYnNwJTNCJTIwJTI2bmJzcCUzQiUyMCUyNm5ic3AlM0IlMjAlRTMlODAlODAlRTMlODAlODAyMDIxJUU1JUI5JUI0OCVFNiU5QyU4ODElRTUlOEYlQjclM0MlMkZwJTNFJTNDcCUzRSUyNm5ic3AlM0IlMjAlMjZuYnNwJTNCJTIwJTI2bmJzcCUzQiUyMCUyNm5ic3AlM0IlMjAlMjZuYnNwJTNCJTIwJTI2bmJzcCUzQiUyMCUyNm5ic3AlM0IlMjAlMjZuYnNwJTNCJTIwJTI2bmJzcCUzQiUyMCUyNm5ic3AlM0IlMjAlMjZuYnNwJTNCJTIwJTI2bmJzcCUzQiUyMCUyNm5ic3AlM0IlMjAlMjZuYnNwJTNCJTIwJTI2bmJzcCUzQiUyMCUyNm5ic3AlM0IlMjAlMjZuYnNwJTNCJTIwJTI2bmJzcCUzQiUyMCUyNm5ic3AlM0IlMjAlMjZuYnNwJTNCJTIwJTI2bmJzcCUzQiUyMCUyNm5ic3AlM0IlMjAlMjZuYnNwJTNCJTIwJTI2bmJzcCUzQiUyMCUyNm5ic3AlM0IlMjAlMjZuYnNwJTNCJTIwJTI2bmJzcCUzQiUyMCUyNm5ic3AlM0IlMjAlMjZuYnNwJTNCJTIwJTI2bmJzcCUzQiUyMCUyNm5ic3AlM0IlMjAlMjZuYnNwJTNCJUU0JUI4JUJCJUU0JUJCJTk5JUU0JUI4JUI5JUU2JTgwJUJCJUU5JTgzJUE4JTI2bmJzcCUzQiUzQyUyRnAlM0U=', 0)
GO
INSERT [dbo].[News] ([New_id], [New_content], [New_Show]) VALUES (1117, N'JTNDcCUzRSVFNSVCMCU4QSVFNiU5NSVBQyVFNyU5QSU4NCVFNSVBRSVCNiVFOSU5NSVCRiVFNiU5QyU4QiVFNSU4RiU4QiVFNCVCQiVBQyVFRiVCQyU5QSUyMCVFMyU4MCU4MCUzQyUyRnAlM0UlM0NwJTNFJUUzJTgwJTgwJTI2bmJzcCUzQiUyMCUyNm5ic3AlM0IlRTIlODAlOUMlRTQlQjglQkUlRTYlOUQlQUYlRTklODIlODAlRTYlOTglOEUlRTYlOUMlODglRUYlQkMlOEMlRTUlODUlQjElRTUlQkElODYlRTQlQkQlQjMlRTglOEElODIlRTYlOTclQjYlRTIlODAlOUQlRUYlQkMlOEMlRTQlQjglODAlRTUlQjklQjQlRTQlQjglODAlRTUlQkElQTYlRTclOUElODQlRTQlQjglQUQlRTclQTclOEIlRTglOEElODIlRTUlOEQlQjMlRTUlQjAlODYlRTYlOUQlQTUlRTQlQjglQjQlRUYlQkMlOEMlRTQlQjglQUQlRTclQTclOEIlRTglOEElODIlRTIlODAlOTQlRTIlODAlOTQlRTQlQjglQUQlRTUlOUIlQkQlRTQlQkMlQTAlRTclQkIlOUYlRTglOEElODIlRTYlOTclQTUlRTQlQjklOEIlRTQlQjglODAlRUYlQkMlOEMlMjAlRTQlQjglQkElRTYlQUYlOEYlRTUlQjklQjQlRTUlODYlOUMlRTUlOEUlODYlRTUlODUlQUIlRTYlOUMlODglRTUlOEQlODElRTQlQkElOTQlRUYlQkMlOEMlRTYlOTUlODUlRTYlQjAlOTElRTklOTclQjQlRTclQTclQjAlRTQlQjglQkElRTQlQjglQUQlRTclQTclOEIlRUYlQkMlOEMlRTUlOEYlODglRTclQTclQjAlRTclQTclOEIlRTUlQTQlOTUlRTMlODAlODElRTUlODUlQUIlRTYlOUMlODglRTglOEElODIlRTMlODAlODElRTUlODUlQUIlRTYlOUMlODglRTUlOEQlOEElRTMlODAlODElRTYlOUMlODglRTUlQTQlOTUlRTMlODAlODElRTYlOUMlODglRTglOEElODIlRUYlQkMlOEMlRTUlOEYlODglRTUlOUIlQTAlRTglQkYlOTklRTQlQjglODAlRTUlQTQlQTklRTYlOUMlODglMjAlRTQlQkElQUUlRTYlQkIlQTElRTUlOUMlODYlRUYlQkMlOEMlRTglQjElQTElRTUlQkUlODElRTUlOUIlQTIlRTUlOUMlODYlRUYlQkMlOEMlRTUlOEYlODglRTclQTclQjAlRTQlQjglQkElRTUlOUIlQTIlRTUlOUMlODYlRTglOEElODIlRTMlODAlODIlRTYlODklODAlRTQlQkIlQTUlRTUlOUMlQTglRTUlODUlQUIlRTYlOUMlODglRTUlOEQlODElRTQlQkElOTQlRTUlOEYlQjclRTUlODUlQUMlRTUlOEYlQjglRTYlOTQlQkUlRTUlODElODclRTQlQjglODklRTUlQTQlQTklRUYlQkMlODElRTMlODAlODAlM0MlMkZwJTNFJTNDcCUzRSVFMyU4MCU4MCUyNm5ic3AlM0IlMjAlMjZuYnNwJTNCJTIwJTI2bmJzcCUzQiUyMCUyNm5ic3AlM0IlMjAlMjZuYnNwJTNCJTIwJTI2bmJzcCUzQiUyMCUyNm5ic3AlM0IlMjAlMjZuYnNwJTNCJTIwJTI2bmJzcCUzQiUyMCUyNm5ic3AlM0IlMjAlMjZuYnNwJTNCJTIwJTI2bmJzcCUzQiUyMCUyNm5ic3AlM0IlMjAlMjZuYnNwJTNCJTIwJTI2bmJzcCUzQiUyMCUyNm5ic3AlM0IlMjAlMjZuYnNwJTNCJTIwJTI2bmJzcCUzQiUyMCVFMyU4MCU4MCVFMyU4MCU4MDIwMjElRTUlQjklQjQ4JUU2JTlDJTg4MSVFNSU4RiVCNyUzQyUyRnAlM0UlM0NwJTNFJTI2bmJzcCUzQiUyMCUyNm5ic3AlM0IlMjAlMjZuYnNwJTNCJTIwJTI2bmJzcCUzQiUyMCUyNm5ic3AlM0IlMjAlMjZuYnNwJTNCJTIwJTI2bmJzcCUzQiUyMCUyNm5ic3AlM0IlMjAlMjZuYnNwJTNCJTIwJTI2bmJzcCUzQiUyMCUyNm5ic3AlM0IlMjAlMjZuYnNwJTNCJTIwJTI2bmJzcCUzQiUyMCUyNm5ic3AlM0IlMjAlMjZuYnNwJTNCJTIwJTI2bmJzcCUzQiUyMCUyNm5ic3AlM0IlMjAlMjZuYnNwJTNCJTIwJTI2bmJzcCUzQiUyMCUyNm5ic3AlM0IlMjAlMjZuYnNwJTNCJTIwJTI2bmJzcCUzQiUyMCUyNm5ic3AlM0IlMjAlMjZuYnNwJTNCJTIwJTI2bmJzcCUzQiVFNCVCOCVCQiVFNCVCQiU5OSVFNCVCOCVCOSVFNiU4MCVCQiVFOSU4MyVBOCUyNm5ic3AlM0IlM0MlMkZwJTNF', 1)
GO
INSERT [dbo].[News] ([New_id], [New_content], [New_Show]) VALUES (1118, N'JTNDcCUzRSUzQ2ltZyUyMHNyYyUzRCUyMiUyRkltZ3MlMkZDZy00cTFVRWpSS0lUZE1UQUFDbGc2OFJPSkVBQUV0dUFCR255Y0FBS1diODA5LmpwZyUyMiUyMGFsdCUzRCUyMnVuZGVmaW5lZCUyMiUzRSUzQ2JyJTNFJTNDJTJGcCUzRSUzQ3AlM0UlRTUlQjAlOEElRTYlOTUlQUMlRTclOUElODQlRTUlQUUlQjYlRTklOTUlQkYlRTYlOUMlOEIlRTUlOEYlOEIlRTQlQkIlQUMlRUYlQkMlOUElMjAlRTMlODAlODAlM0MlMkZwJTNFJTNDcCUzRSVFMyU4MCU4MCUyNm5ic3AlM0IlMjAlMjZuYnNwJTNCJUUyJTgwJTlDJUU0JUI4JUJFJUU2JTlEJUFGJUU5JTgyJTgwJUU2JTk4JThFJUU2JTlDJTg4JUVGJUJDJThDJUU1JTg1JUIxJUU1JUJBJTg2JUU0JUJEJUIzJUU4JThBJTgyJUU2JTk3JUI2JUUyJTgwJTlEJUVGJUJDJThDJUU0JUI4JTgwJUU1JUI5JUI0JUU0JUI4JTgwJUU1JUJBJUE2JUU3JTlBJTg0JUU0JUI4JUFEJUU3JUE3JThCJUU4JThBJTgyJUU1JThEJUIzJUU1JUIwJTg2JUU2JTlEJUE1JUU0JUI4JUI0JUVGJUJDJThDJUU0JUI4JUFEJUU3JUE3JThCJUU4JThBJTgyJUUyJTgwJTk0JUUyJTgwJTk0JUU0JUI4JUFEJUU1JTlCJUJEJUU0JUJDJUEwJUU3JUJCJTlGJUU4JThBJTgyJUU2JTk3JUE1JUU0JUI5JThCJUU0JUI4JTgwJUVGJUJDJThDJTIwJUU0JUI4JUJBJUU2JUFGJThGJUU1JUI5JUI0JUU1JTg2JTlDJUU1JThFJTg2JUU1JTg1JUFCJUU2JTlDJTg4JUU1JThEJTgxJUU0JUJBJTk0JUVGJUJDJThDJUU2JTk1JTg1JUU2JUIwJTkxJUU5JTk3JUI0JUU3JUE3JUIwJUU0JUI4JUJBJUU0JUI4JUFEJUU3JUE3JThCJUVGJUJDJThDJUU1JThGJTg4JUU3JUE3JUIwJUU3JUE3JThCJUU1JUE0JTk1JUUzJTgwJTgxJUU1JTg1JUFCJUU2JTlDJTg4JUU4JThBJTgyJUUzJTgwJTgxJUU1JTg1JUFCJUU2JTlDJTg4JUU1JThEJThBJUUzJTgwJTgxJUU2JTlDJTg4JUU1JUE0JTk1JUUzJTgwJTgxJUU2JTlDJTg4JUU4JThBJTgyJUVGJUJDJThDJUU1JThGJTg4JUU1JTlCJUEwJUU4JUJGJTk5JUU0JUI4JTgwJUU1JUE0JUE5JUU2JTlDJTg4JTIwJUU0JUJBJUFFJUU2JUJCJUExJUU1JTlDJTg2JUVGJUJDJThDJUU4JUIxJUExJUU1JUJFJTgxJUU1JTlCJUEyJUU1JTlDJTg2JUVGJUJDJThDJUU1JThGJTg4JUU3JUE3JUIwJUU0JUI4JUJBJUU1JTlCJUEyJUU1JTlDJTg2JUU4JThBJTgyJUUzJTgwJTgyJUU2JTg5JTgwJUU0JUJCJUE1JUU1JTlDJUE4JUU1JTg1JUFCJUU2JTlDJTg4JUU1JThEJTgxJUU0JUJBJTk0JUU1JThGJUI3JUU1JTg1JUFDJUU1JThGJUI4JUU2JTk0JUJFJUU1JTgxJTg3JUU0JUI4JTg5JUU1JUE0JUE5JUVGJUJDJTgxJUUzJTgwJTgwJTNDJTJGcCUzRSUzQ3AlM0UlRTMlODAlODAlMjZuYnNwJTNCJTIwJTI2bmJzcCUzQiUyMCUyNm5ic3AlM0IlMjAlMjZuYnNwJTNCJTIwJTI2bmJzcCUzQiUyMCUyNm5ic3AlM0IlMjAlMjZuYnNwJTNCJTIwJTI2bmJzcCUzQiUyMCUyNm5ic3AlM0IlMjAlMjZuYnNwJTNCJTIwJTI2bmJzcCUzQiUyMCUyNm5ic3AlM0IlMjAlMjZuYnNwJTNCJTIwJTI2bmJzcCUzQiUyMCUyNm5ic3AlM0IlMjAlMjZuYnNwJTNCJTIwJTI2bmJzcCUzQiUyMCUyNm5ic3AlM0IlMjAlRTMlODAlODAlRTMlODAlODAyMDIxJUU1JUI5JUI0OCVFNiU5QyU4ODElRTUlOEYlQjclM0MlMkZwJTNFJTNDcCUzRSUyNm5ic3AlM0IlMjAlMjZuYnNwJTNCJTIwJTI2bmJzcCUzQiUyMCUyNm5ic3AlM0IlMjAlMjZuYnNwJTNCJTIwJTI2bmJzcCUzQiUyMCUyNm5ic3AlM0IlMjAlMjZuYnNwJTNCJTIwJTI2bmJzcCUzQiUyMCUyNm5ic3AlM0IlMjAlMjZuYnNwJTNCJTIwJTI2bmJzcCUzQiUyMCUyNm5ic3AlM0IlMjAlMjZuYnNwJTNCJTIwJTI2bmJzcCUzQiUyMCUyNm5ic3AlM0IlMjAlMjZuYnNwJTNCJTIwJTI2bmJzcCUzQiUyMCUyNm5ic3AlM0IlMjAlMjZuYnNwJTNCJTIwJTI2bmJzcCUzQiUyMCUyNm5ic3AlM0IlMjAlMjZuYnNwJTNCJTIwJTI2bmJzcCUzQiUyMCUyNm5ic3AlM0IlRTQlQjglQkIlRTQlQkIlOTklRTQlQjglQjklRTYlODAlQkIlRTklODMlQTglM0MlMkZwJTNF', 1)
GO
INSERT [dbo].[News] ([New_id], [New_content], [New_Show]) VALUES (1119, N'NzY1NzU3Ng==', 1)
GO
SET IDENTITY_INSERT [dbo].[News] OFF
GO
SET IDENTITY_INSERT [dbo].[Role] ON 
GO
INSERT [dbo].[Role] ([Role_id], [Role_Name]) VALUES (1, N'管理员')
GO
INSERT [dbo].[Role] ([Role_id], [Role_Name]) VALUES (2, N'店部管理者')
GO
INSERT [dbo].[Role] ([Role_id], [Role_Name]) VALUES (3, N'普通员工')
GO
SET IDENTITY_INSERT [dbo].[Role] OFF
GO
INSERT [dbo].[Staff] ([Staff_id], [Staff_Pwd], [Staff_Name], [Sraff_State], [Role_id], [Grade_Id], [Department_Id], [Staff_Sex], [Staff_Address], [Staff_Phone], [Store_Id], [Staff_Email], [Staff_hiredate], [Staff_Remark]) VALUES (200101900, N'123456', N'屈大哥', N'在职', 3, 2, 1, 0, N'湖南省岳阳', N'18927838728', 1, N'237182@qq.com', CAST(N'2021-07-22' AS Date), N'帅哥')
GO
INSERT [dbo].[Staff] ([Staff_id], [Staff_Pwd], [Staff_Name], [Sraff_State], [Role_id], [Grade_Id], [Department_Id], [Staff_Sex], [Staff_Address], [Staff_Phone], [Store_Id], [Staff_Email], [Staff_hiredate], [Staff_Remark]) VALUES (202105200, N'1234567', N'枫若oo', N'在职', 1, 2, 6, 1, N'湖南长沙', N'15696358461', 3, N'5698465@qq.com', CAST(N'2018-01-02' AS Date), NULL)
GO
INSERT [dbo].[Staff] ([Staff_id], [Staff_Pwd], [Staff_Name], [Sraff_State], [Role_id], [Grade_Id], [Department_Id], [Staff_Sex], [Staff_Address], [Staff_Phone], [Store_Id], [Staff_Email], [Staff_hiredate], [Staff_Remark]) VALUES (202105204, N'123456', N'刘城玉', N'在职', 1, 2, 1, 0, N'湖南长沙市长沙县', N'13762058041', 1, N'914654258@qq.com', CAST(N'2021-06-16' AS Date), N'无')
GO
INSERT [dbo].[Staff] ([Staff_id], [Staff_Pwd], [Staff_Name], [Sraff_State], [Role_id], [Grade_Id], [Department_Id], [Staff_Sex], [Staff_Address], [Staff_Phone], [Store_Id], [Staff_Email], [Staff_hiredate], [Staff_Remark]) VALUES (202105251, N'123456', N'熊少坤', N'在职', 2, 1, 1, 0, N'湖南邵阳', N'13698564273', 1, N'45678955@qq.com', CAST(N'2018-01-02' AS Date), N'无')
GO
INSERT [dbo].[Staff] ([Staff_id], [Staff_Pwd], [Staff_Name], [Sraff_State], [Role_id], [Grade_Id], [Department_Id], [Staff_Sex], [Staff_Address], [Staff_Phone], [Store_Id], [Staff_Email], [Staff_hiredate], [Staff_Remark]) VALUES (202105252, N'123456', N'刘戴式', N'在职', 3, 2, 1, 0, N'湖南长沙', N'15698355648', 1, N'914654258@qq.com', CAST(N'2021-01-02' AS Date), N'无')
GO
INSERT [dbo].[Staff] ([Staff_id], [Staff_Pwd], [Staff_Name], [Sraff_State], [Role_id], [Grade_Id], [Department_Id], [Staff_Sex], [Staff_Address], [Staff_Phone], [Store_Id], [Staff_Email], [Staff_hiredate], [Staff_Remark]) VALUES (202105253, N'123456', N'刘城玉', N'离职', 1, 2, 1, 0, N'湖南长沙开福区小区三号楼', N'12387678765', 1, N'91878657289@qq.com', CAST(N'2021-06-08' AS Date), N'混子')
GO
INSERT [dbo].[Staff] ([Staff_id], [Staff_Pwd], [Staff_Name], [Sraff_State], [Role_id], [Grade_Id], [Department_Id], [Staff_Sex], [Staff_Address], [Staff_Phone], [Store_Id], [Staff_Email], [Staff_hiredate], [Staff_Remark]) VALUES (202105254, N'123456', N'大斌各', N'在职', 2, 4, 6, 0, N'长沙师范第一为主', N'16787678888', 3, N'9182828@qq.com', CAST(N'2021-06-16' AS Date), N'无')
GO
INSERT [dbo].[Staff] ([Staff_id], [Staff_Pwd], [Staff_Name], [Sraff_State], [Role_id], [Grade_Id], [Department_Id], [Staff_Sex], [Staff_Address], [Staff_Phone], [Store_Id], [Staff_Email], [Staff_hiredate], [Staff_Remark]) VALUES (202105258, N'1234567', N'李妮妮', N'在职', 1, 1, 1, 1, N'长沙市芙蓉区五一广场98号', N'17867272729', 12, N'987123@163.com', CAST(N'2021-07-14' AS Date), N'胖妹')
GO
SET IDENTITY_INSERT [dbo].[Store] ON 
GO
INSERT [dbo].[Store] ([Store_Id], [Store_Name], [Store_Address], [StoreLeader], [Store_state], [Store_Remarks]) VALUES (1, N'诚财店(万家丽广场店)', N'长沙万家丽广场店', N'刘文霸霸', N'营业', N'无')
GO
INSERT [dbo].[Store] ([Store_Id], [Store_Name], [Store_Address], [StoreLeader], [Store_state], [Store_Remarks]) VALUES (3, N'诚财(总部)', N'长沙ifs国际中心', N'吴越', N'营业', N'诚财总部')
GO
INSERT [dbo].[Store] ([Store_Id], [Store_Name], [Store_Address], [StoreLeader], [Store_state], [Store_Remarks]) VALUES (12, N'诚财（五一广场店）', N'长沙五一广场100号', N'李妮妮', N'营业', N'无')
GO
SET IDENTITY_INSERT [dbo].[Store] OFF
GO
SET IDENTITY_INSERT [dbo].[Subsidy] ON 
GO
INSERT [dbo].[Subsidy] ([Subsidy_id], [Subsidy_Name], [Subsidy_pirce]) VALUES (1, N'时间补贴', CAST(150 AS Decimal(18, 0)))
GO
INSERT [dbo].[Subsidy] ([Subsidy_id], [Subsidy_Name], [Subsidy_pirce]) VALUES (2, N'高温补贴', CAST(300 AS Decimal(18, 0)))
GO
INSERT [dbo].[Subsidy] ([Subsidy_id], [Subsidy_Name], [Subsidy_pirce]) VALUES (10, N'加班补贴', CAST(100 AS Decimal(18, 0)))
GO
INSERT [dbo].[Subsidy] ([Subsidy_id], [Subsidy_Name], [Subsidy_pirce]) VALUES (14, N'餐食补贴', CAST(301 AS Decimal(18, 0)))
GO
SET IDENTITY_INSERT [dbo].[Subsidy] OFF
GO
SET IDENTITY_INSERT [dbo].[Subsidy_Records] ON 
GO
INSERT [dbo].[Subsidy_Records] ([SR_Id], [Staff_id], [Subsidy_id], [SR_date]) VALUES (1, 202105200, 1, CAST(N'2019-01-02' AS Date))
GO
INSERT [dbo].[Subsidy_Records] ([SR_Id], [Staff_id], [Subsidy_id], [SR_date]) VALUES (9, 202105200, 2, CAST(N'2019-10-03' AS Date))
GO
INSERT [dbo].[Subsidy_Records] ([SR_Id], [Staff_id], [Subsidy_id], [SR_date]) VALUES (10, 202105251, 1, CAST(N'2021-06-16' AS Date))
GO
INSERT [dbo].[Subsidy_Records] ([SR_Id], [Staff_id], [Subsidy_id], [SR_date]) VALUES (13, 202105200, 2, CAST(N'2021-06-01' AS Date))
GO
INSERT [dbo].[Subsidy_Records] ([SR_Id], [Staff_id], [Subsidy_id], [SR_date]) VALUES (14, 202105251, 1, CAST(N'2021-05-01' AS Date))
GO
INSERT [dbo].[Subsidy_Records] ([SR_Id], [Staff_id], [Subsidy_id], [SR_date]) VALUES (23, 202105251, 1, CAST(N'2021-06-27' AS Date))
GO
INSERT [dbo].[Subsidy_Records] ([SR_Id], [Staff_id], [Subsidy_id], [SR_date]) VALUES (24, 202105251, 1, CAST(N'2021-06-27' AS Date))
GO
INSERT [dbo].[Subsidy_Records] ([SR_Id], [Staff_id], [Subsidy_id], [SR_date]) VALUES (26, 202105258, 14, CAST(N'2021-07-14' AS Date))
GO
SET IDENTITY_INSERT [dbo].[Subsidy_Records] OFF
GO
SET IDENTITY_INSERT [dbo].[Wages_Records] ON 
GO
INSERT [dbo].[Wages_Records] ([WR_id], [Staff_id], [Grade_Id], [Store_Id], [SubsidyAmount], [WR_Bonus], [Deduction], [WR_Pay], [Real_Wage], [pay_of], [WR_remarks]) VALUES (6, 202105251, 1, 1, CAST(450.00 AS Decimal(18, 2)), CAST(1000.00 AS Decimal(18, 2)), CAST(466.66 AS Decimal(18, 2)), CAST(7983.33 AS Decimal(18, 2)), CAST(8450.00 AS Decimal(18, 2)), N'已发', N'2021-06份工资')
GO
INSERT [dbo].[Wages_Records] ([WR_id], [Staff_id], [Grade_Id], [Store_Id], [SubsidyAmount], [WR_Bonus], [Deduction], [WR_Pay], [Real_Wage], [pay_of], [WR_remarks]) VALUES (9, 202105252, 2, 1, CAST(0.00 AS Decimal(18, 2)), CAST(1000.00 AS Decimal(18, 2)), CAST(58.33 AS Decimal(18, 2)), CAST(4441.66 AS Decimal(18, 2)), CAST(4500.00 AS Decimal(18, 2)), N'已发', N'2021-05份工资')
GO
INSERT [dbo].[Wages_Records] ([WR_id], [Staff_id], [Grade_Id], [Store_Id], [SubsidyAmount], [WR_Bonus], [Deduction], [WR_Pay], [Real_Wage], [pay_of], [WR_remarks]) VALUES (10, 202105200, 4, 3, CAST(300.00 AS Decimal(18, 2)), CAST(500.00 AS Decimal(18, 2)), CAST(108.50 AS Decimal(18, 2)), CAST(7201.50 AS Decimal(18, 2)), CAST(7310.00 AS Decimal(18, 2)), N'已发', N'2021-05份工资')
GO
INSERT [dbo].[Wages_Records] ([WR_id], [Staff_id], [Grade_Id], [Store_Id], [SubsidyAmount], [WR_Bonus], [Deduction], [WR_Pay], [Real_Wage], [pay_of], [WR_remarks]) VALUES (11, 202105252, 2, 1, CAST(0.00 AS Decimal(18, 2)), CAST(1000.00 AS Decimal(18, 2)), CAST(59.34 AS Decimal(18, 2)), CAST(4441.66 AS Decimal(18, 2)), CAST(4500.00 AS Decimal(18, 2)), N'已发', N'2021-06份工资')
GO
INSERT [dbo].[Wages_Records] ([WR_id], [Staff_id], [Grade_Id], [Store_Id], [SubsidyAmount], [WR_Bonus], [Deduction], [WR_Pay], [Real_Wage], [pay_of], [WR_remarks]) VALUES (12, 202105204, 2, 1, CAST(0.00 AS Decimal(18, 2)), CAST(0.00 AS Decimal(18, 2)), CAST(0.00 AS Decimal(18, 2)), CAST(3500.00 AS Decimal(18, 2)), CAST(3500.00 AS Decimal(18, 2)), N'已发', N'2021-05份工资')
GO
INSERT [dbo].[Wages_Records] ([WR_id], [Staff_id], [Grade_Id], [Store_Id], [SubsidyAmount], [WR_Bonus], [Deduction], [WR_Pay], [Real_Wage], [pay_of], [WR_remarks]) VALUES (13, 202105251, 1, 1, CAST(450.00 AS Decimal(18, 2)), CAST(20011111.00 AS Decimal(18, 2)), CAST(1166.66 AS Decimal(18, 2)), CAST(20017394.33 AS Decimal(18, 2)), CAST(20018561.00 AS Decimal(18, 2)), N'已发', N'2021-05份工资')
GO
INSERT [dbo].[Wages_Records] ([WR_id], [Staff_id], [Grade_Id], [Store_Id], [SubsidyAmount], [WR_Bonus], [Deduction], [WR_Pay], [Real_Wage], [pay_of], [WR_remarks]) VALUES (14, 202105254, 2, 1, CAST(0.00 AS Decimal(18, 2)), CAST(0.00 AS Decimal(18, 2)), CAST(0.00 AS Decimal(18, 2)), CAST(3500.00 AS Decimal(18, 2)), CAST(3500.00 AS Decimal(18, 2)), N'已发', N'2021-05份工资')
GO
INSERT [dbo].[Wages_Records] ([WR_id], [Staff_id], [Grade_Id], [Store_Id], [SubsidyAmount], [WR_Bonus], [Deduction], [WR_Pay], [Real_Wage], [pay_of], [WR_remarks]) VALUES (15, 202105200, 2, 3, CAST(300.00 AS Decimal(18, 2)), CAST(20031122.00 AS Decimal(18, 2)), CAST(700.00 AS Decimal(18, 2)), CAST(20034222.00 AS Decimal(18, 2)), CAST(20034922.00 AS Decimal(18, 2)), N'已发', N'2021-06份工资')
GO
INSERT [dbo].[Wages_Records] ([WR_id], [Staff_id], [Grade_Id], [Store_Id], [SubsidyAmount], [WR_Bonus], [Deduction], [WR_Pay], [Real_Wage], [pay_of], [WR_remarks]) VALUES (16, 202105254, 4, 3, CAST(0.00 AS Decimal(18, 2)), CAST(0.00 AS Decimal(18, 2)), CAST(0.00 AS Decimal(18, 2)), CAST(6510.00 AS Decimal(18, 2)), CAST(6510.00 AS Decimal(18, 2)), N'已发', N'2021-05份工资')
GO
INSERT [dbo].[Wages_Records] ([WR_id], [Staff_id], [Grade_Id], [Store_Id], [SubsidyAmount], [WR_Bonus], [Deduction], [WR_Pay], [Real_Wage], [pay_of], [WR_remarks]) VALUES (17, 202105258, 1, 12, CAST(300.00 AS Decimal(18, 2)), CAST(3300.00 AS Decimal(18, 2)), CAST(699.99 AS Decimal(18, 2)), CAST(9900.00 AS Decimal(18, 2)), CAST(10600.00 AS Decimal(18, 2)), N'已发', N'2021-07份工资')
GO
INSERT [dbo].[Wages_Records] ([WR_id], [Staff_id], [Grade_Id], [Store_Id], [SubsidyAmount], [WR_Bonus], [Deduction], [WR_Pay], [Real_Wage], [pay_of], [WR_remarks]) VALUES (18, 200101900, 2, 1, CAST(0.00 AS Decimal(18, 2)), CAST(0.00 AS Decimal(18, 2)), CAST(0.00 AS Decimal(18, 2)), CAST(3500.00 AS Decimal(18, 2)), CAST(3500.00 AS Decimal(18, 2)), N'已发', N'2021-07份工资')
GO
INSERT [dbo].[Wages_Records] ([WR_id], [Staff_id], [Grade_Id], [Store_Id], [SubsidyAmount], [WR_Bonus], [Deduction], [WR_Pay], [Real_Wage], [pay_of], [WR_remarks]) VALUES (19, 202105204, 2, 1, CAST(0.00 AS Decimal(18, 2)), CAST(0.00 AS Decimal(18, 2)), CAST(0.00 AS Decimal(18, 2)), CAST(3500.00 AS Decimal(18, 2)), CAST(3500.00 AS Decimal(18, 2)), N'已发', N'2021-07份工资')
GO
INSERT [dbo].[Wages_Records] ([WR_id], [Staff_id], [Grade_Id], [Store_Id], [SubsidyAmount], [WR_Bonus], [Deduction], [WR_Pay], [Real_Wage], [pay_of], [WR_remarks]) VALUES (20, 202105251, 1, 1, CAST(0.00 AS Decimal(18, 2)), CAST(0.00 AS Decimal(18, 2)), CAST(466.66 AS Decimal(18, 2)), CAST(6533.33 AS Decimal(18, 2)), CAST(7000.00 AS Decimal(18, 2)), N'已发', N'2021-07份工资')
GO
INSERT [dbo].[Wages_Records] ([WR_id], [Staff_id], [Grade_Id], [Store_Id], [SubsidyAmount], [WR_Bonus], [Deduction], [WR_Pay], [Real_Wage], [pay_of], [WR_remarks]) VALUES (21, 202105252, 2, 1, CAST(0.00 AS Decimal(18, 2)), CAST(0.00 AS Decimal(18, 2)), CAST(116.66 AS Decimal(18, 2)), CAST(3383.33 AS Decimal(18, 2)), CAST(3500.00 AS Decimal(18, 2)), N'已发', N'2021-07份工资')
GO
SET IDENTITY_INSERT [dbo].[Wages_Records] OFF
GO
ALTER TABLE [dbo].[Bonus]  WITH CHECK ADD  CONSTRAINT [FK_Bonus_Bonus] FOREIGN KEY([Bonus_Id])
REFERENCES [dbo].[Bonus] ([Bonus_Id])
GO
ALTER TABLE [dbo].[Bonus] CHECK CONSTRAINT [FK_Bonus_Bonus]
GO
ALTER TABLE [dbo].[Bonus_Records]  WITH CHECK ADD  CONSTRAINT [FK_Bonus_Records_Staff] FOREIGN KEY([Bonus_Id])
REFERENCES [dbo].[Bonus] ([Bonus_Id])
ON UPDATE CASCADE
ON DELETE CASCADE
GO
ALTER TABLE [dbo].[Bonus_Records] CHECK CONSTRAINT [FK_Bonus_Records_Staff]
GO
ALTER TABLE [dbo].[Bonus_Records]  WITH NOCHECK ADD  CONSTRAINT [FK_Bonus_Records_Staff1] FOREIGN KEY([Staff_id])
REFERENCES [dbo].[Staff] ([Staff_id])
GO
ALTER TABLE [dbo].[Bonus_Records] CHECK CONSTRAINT [FK_Bonus_Records_Staff1]
GO
ALTER TABLE [dbo].[Cwa_Records]  WITH CHECK ADD  CONSTRAINT [FK_Cwa_Records_Cwa] FOREIGN KEY([Cwa_id])
REFERENCES [dbo].[Cwa] ([Cwa_id])
GO
ALTER TABLE [dbo].[Cwa_Records] CHECK CONSTRAINT [FK_Cwa_Records_Cwa]
GO
ALTER TABLE [dbo].[Cwa_Records]  WITH CHECK ADD  CONSTRAINT [FK_Cwa_Records_Staff1] FOREIGN KEY([Staff_id])
REFERENCES [dbo].[Staff] ([Staff_id])
GO
ALTER TABLE [dbo].[Cwa_Records] CHECK CONSTRAINT [FK_Cwa_Records_Staff1]
GO
ALTER TABLE [dbo].[Role]  WITH CHECK ADD  CONSTRAINT [FK_Role_Role] FOREIGN KEY([Role_id])
REFERENCES [dbo].[Role] ([Role_id])
GO
ALTER TABLE [dbo].[Role] CHECK CONSTRAINT [FK_Role_Role]
GO
ALTER TABLE [dbo].[Staff]  WITH CHECK ADD  CONSTRAINT [FK_Staff_Department] FOREIGN KEY([Department_Id])
REFERENCES [dbo].[Department] ([Department_Id])
GO
ALTER TABLE [dbo].[Staff] CHECK CONSTRAINT [FK_Staff_Department]
GO
ALTER TABLE [dbo].[Staff]  WITH CHECK ADD  CONSTRAINT [FK_Staff_Grade] FOREIGN KEY([Grade_Id])
REFERENCES [dbo].[Grade] ([Grade_Id])
ON DELETE CASCADE
GO
ALTER TABLE [dbo].[Staff] CHECK CONSTRAINT [FK_Staff_Grade]
GO
ALTER TABLE [dbo].[Staff]  WITH CHECK ADD  CONSTRAINT [FK_Staff_Role] FOREIGN KEY([Role_id])
REFERENCES [dbo].[Role] ([Role_id])
GO
ALTER TABLE [dbo].[Staff] CHECK CONSTRAINT [FK_Staff_Role]
GO
ALTER TABLE [dbo].[Staff]  WITH CHECK ADD  CONSTRAINT [FK_Staff_Store] FOREIGN KEY([Store_Id])
REFERENCES [dbo].[Store] ([Store_Id])
GO
ALTER TABLE [dbo].[Staff] CHECK CONSTRAINT [FK_Staff_Store]
GO
ALTER TABLE [dbo].[Subsidy_Records]  WITH CHECK ADD  CONSTRAINT [FK_Subsidy_Records_Staff] FOREIGN KEY([Subsidy_id])
REFERENCES [dbo].[Subsidy] ([Subsidy_id])
GO
ALTER TABLE [dbo].[Subsidy_Records] CHECK CONSTRAINT [FK_Subsidy_Records_Staff]
GO
ALTER TABLE [dbo].[Subsidy_Records]  WITH CHECK ADD  CONSTRAINT [FK_Subsidy_Records_Staff1] FOREIGN KEY([Staff_id])
REFERENCES [dbo].[Staff] ([Staff_id])
GO
ALTER TABLE [dbo].[Subsidy_Records] CHECK CONSTRAINT [FK_Subsidy_Records_Staff1]
GO
ALTER TABLE [dbo].[Wages_Records]  WITH CHECK ADD  CONSTRAINT [FK_Wages_Records_Grade] FOREIGN KEY([Grade_Id])
REFERENCES [dbo].[Grade] ([Grade_Id])
GO
ALTER TABLE [dbo].[Wages_Records] CHECK CONSTRAINT [FK_Wages_Records_Grade]
GO
ALTER TABLE [dbo].[Wages_Records]  WITH CHECK ADD  CONSTRAINT [FK_Wages_Records_Staff] FOREIGN KEY([Staff_id])
REFERENCES [dbo].[Staff] ([Staff_id])
GO
ALTER TABLE [dbo].[Wages_Records] CHECK CONSTRAINT [FK_Wages_Records_Staff]
GO
ALTER TABLE [dbo].[Wages_Records]  WITH CHECK ADD  CONSTRAINT [FK_Wages_Records_Store] FOREIGN KEY([Store_Id])
REFERENCES [dbo].[Store] ([Store_Id])
GO
ALTER TABLE [dbo].[Wages_Records] CHECK CONSTRAINT [FK_Wages_Records_Store]
GO
EXEC sys.sp_addextendedproperty @name=N'MS_DiagramPane1', @value=N'[0E232FF0-B466-11cf-A24F-00AA00A3EFFF, 1.00]
Begin DesignProperties = 
   Begin PaneConfigurations = 
      Begin PaneConfiguration = 0
         NumPanes = 4
         Configuration = "(H (1[40] 4[20] 2[20] 3) )"
      End
      Begin PaneConfiguration = 1
         NumPanes = 3
         Configuration = "(H (1 [50] 4 [25] 3))"
      End
      Begin PaneConfiguration = 2
         NumPanes = 3
         Configuration = "(H (1 [50] 2 [25] 3))"
      End
      Begin PaneConfiguration = 3
         NumPanes = 3
         Configuration = "(H (4 [30] 2 [40] 3))"
      End
      Begin PaneConfiguration = 4
         NumPanes = 2
         Configuration = "(H (1 [56] 3))"
      End
      Begin PaneConfiguration = 5
         NumPanes = 2
         Configuration = "(H (2 [66] 3))"
      End
      Begin PaneConfiguration = 6
         NumPanes = 2
         Configuration = "(H (4 [50] 3))"
      End
      Begin PaneConfiguration = 7
         NumPanes = 1
         Configuration = "(V (3))"
      End
      Begin PaneConfiguration = 8
         NumPanes = 3
         Configuration = "(H (1[56] 4[18] 2) )"
      End
      Begin PaneConfiguration = 9
         NumPanes = 2
         Configuration = "(H (1 [75] 4))"
      End
      Begin PaneConfiguration = 10
         NumPanes = 2
         Configuration = "(H (1[66] 2) )"
      End
      Begin PaneConfiguration = 11
         NumPanes = 2
         Configuration = "(H (4 [60] 2))"
      End
      Begin PaneConfiguration = 12
         NumPanes = 1
         Configuration = "(H (1) )"
      End
      Begin PaneConfiguration = 13
         NumPanes = 1
         Configuration = "(V (4))"
      End
      Begin PaneConfiguration = 14
         NumPanes = 1
         Configuration = "(V (2))"
      End
      ActivePaneConfig = 0
   End
   Begin DiagramPane = 
      Begin Origin = 
         Top = 0
         Left = 0
      End
      Begin Tables = 
         Begin Table = "Bonus_Records"
            Begin Extent = 
               Top = 7
               Left = 48
               Bottom = 170
               Right = 209
            End
            DisplayFlags = 280
            TopColumn = 0
         End
         Begin Table = "Bonus"
            Begin Extent = 
               Top = 7
               Left = 257
               Bottom = 148
               Right = 440
            End
            DisplayFlags = 280
            TopColumn = 0
         End
         Begin Table = "Staff"
            Begin Extent = 
               Top = 7
               Left = 488
               Bottom = 170
               Right = 692
            End
            DisplayFlags = 280
            TopColumn = 2
         End
         Begin Table = "Store"
            Begin Extent = 
               Top = 7
               Left = 740
               Bottom = 170
               Right = 944
            End
            DisplayFlags = 280
            TopColumn = 0
         End
      End
   End
   Begin SQLPane = 
   End
   Begin DataPane = 
      Begin ParameterDefaults = ""
      End
      Begin ColumnWidths = 9
         Width = 284
         Width = 1200
         Width = 1200
         Width = 1200
         Width = 1200
         Width = 1200
         Width = 1200
         Width = 1200
         Width = 1200
      End
   End
   Begin CriteriaPane = 
      Begin ColumnWidths = 11
         Column = 1440
         Alias = 900
         Table = 1176
         Output = 720
         Append = 1400
         NewValue = 1170
         SortType = 1356
         SortOrder = 1416
         GroupBy = 1350
         Filter = 1356
         Or = 1350
         Or = 1350
         Or = 1350
      End
   En' , @level0type=N'SCHEMA',@level0name=N'dbo', @level1type=N'VIEW',@level1name=N'Bonus_Rd_View'
GO
EXEC sys.sp_addextendedproperty @name=N'MS_DiagramPane2', @value=N'd
End
' , @level0type=N'SCHEMA',@level0name=N'dbo', @level1type=N'VIEW',@level1name=N'Bonus_Rd_View'
GO
EXEC sys.sp_addextendedproperty @name=N'MS_DiagramPaneCount', @value=2 , @level0type=N'SCHEMA',@level0name=N'dbo', @level1type=N'VIEW',@level1name=N'Bonus_Rd_View'
GO
EXEC sys.sp_addextendedproperty @name=N'MS_DiagramPane1', @value=N'[0E232FF0-B466-11cf-A24F-00AA00A3EFFF, 1.00]
Begin DesignProperties = 
   Begin PaneConfigurations = 
      Begin PaneConfiguration = 0
         NumPanes = 4
         Configuration = "(H (1[41] 4[20] 2[20] 3) )"
      End
      Begin PaneConfiguration = 1
         NumPanes = 3
         Configuration = "(H (1 [50] 4 [25] 3))"
      End
      Begin PaneConfiguration = 2
         NumPanes = 3
         Configuration = "(H (1 [50] 2 [25] 3))"
      End
      Begin PaneConfiguration = 3
         NumPanes = 3
         Configuration = "(H (4 [30] 2 [40] 3))"
      End
      Begin PaneConfiguration = 4
         NumPanes = 2
         Configuration = "(H (1 [56] 3))"
      End
      Begin PaneConfiguration = 5
         NumPanes = 2
         Configuration = "(H (2 [66] 3))"
      End
      Begin PaneConfiguration = 6
         NumPanes = 2
         Configuration = "(H (4 [50] 3))"
      End
      Begin PaneConfiguration = 7
         NumPanes = 1
         Configuration = "(V (3))"
      End
      Begin PaneConfiguration = 8
         NumPanes = 3
         Configuration = "(H (1[56] 4[18] 2) )"
      End
      Begin PaneConfiguration = 9
         NumPanes = 2
         Configuration = "(H (1 [75] 4))"
      End
      Begin PaneConfiguration = 10
         NumPanes = 2
         Configuration = "(H (1[66] 2) )"
      End
      Begin PaneConfiguration = 11
         NumPanes = 2
         Configuration = "(H (4 [60] 2))"
      End
      Begin PaneConfiguration = 12
         NumPanes = 1
         Configuration = "(H (1) )"
      End
      Begin PaneConfiguration = 13
         NumPanes = 1
         Configuration = "(V (4))"
      End
      Begin PaneConfiguration = 14
         NumPanes = 1
         Configuration = "(V (2))"
      End
      ActivePaneConfig = 0
   End
   Begin DiagramPane = 
      Begin Origin = 
         Top = 0
         Left = 0
      End
      Begin Tables = 
         Begin Table = "Store"
            Begin Extent = 
               Top = 7
               Left = 769
               Bottom = 170
               Right = 973
            End
            DisplayFlags = 280
            TopColumn = 0
         End
         Begin Table = "Cwa"
            Begin Extent = 
               Top = 7
               Left = 48
               Bottom = 148
               Right = 223
            End
            DisplayFlags = 280
            TopColumn = 0
         End
         Begin Table = "Staff"
            Begin Extent = 
               Top = 7
               Left = 517
               Bottom = 170
               Right = 721
            End
            DisplayFlags = 280
            TopColumn = 0
         End
         Begin Table = "Cwa_Records"
            Begin Extent = 
               Top = 7
               Left = 271
               Bottom = 170
               Right = 469
            End
            DisplayFlags = 280
            TopColumn = 0
         End
      End
   End
   Begin SQLPane = 
   End
   Begin DataPane = 
      Begin ParameterDefaults = ""
      End
      Begin ColumnWidths = 9
         Width = 284
         Width = 1200
         Width = 1200
         Width = 1200
         Width = 1200
         Width = 1200
         Width = 1200
         Width = 1200
         Width = 1200
      End
   End
   Begin CriteriaPane = 
      Begin ColumnWidths = 11
         Column = 1440
         Alias = 900
         Table = 1176
         Output = 720
         Append = 1400
         NewValue = 1170
         SortType = 1356
         SortOrder = 1416
         GroupBy = 1350
         Filter = 1356
         Or = 1350
         Or = 1350
         Or = 1350
      End
   End
E' , @level0type=N'SCHEMA',@level0name=N'dbo', @level1type=N'VIEW',@level1name=N'Cwa_Rd_View'
GO
EXEC sys.sp_addextendedproperty @name=N'MS_DiagramPane2', @value=N'nd
' , @level0type=N'SCHEMA',@level0name=N'dbo', @level1type=N'VIEW',@level1name=N'Cwa_Rd_View'
GO
EXEC sys.sp_addextendedproperty @name=N'MS_DiagramPaneCount', @value=2 , @level0type=N'SCHEMA',@level0name=N'dbo', @level1type=N'VIEW',@level1name=N'Cwa_Rd_View'
GO
EXEC sys.sp_addextendedproperty @name=N'MS_DiagramPane1', @value=N'[0E232FF0-B466-11cf-A24F-00AA00A3EFFF, 1.00]
Begin DesignProperties = 
   Begin PaneConfigurations = 
      Begin PaneConfiguration = 0
         NumPanes = 4
         Configuration = "(H (1[41] 4[20] 2[12] 3) )"
      End
      Begin PaneConfiguration = 1
         NumPanes = 3
         Configuration = "(H (1 [50] 4 [25] 3))"
      End
      Begin PaneConfiguration = 2
         NumPanes = 3
         Configuration = "(H (1 [50] 2 [25] 3))"
      End
      Begin PaneConfiguration = 3
         NumPanes = 3
         Configuration = "(H (4 [30] 2 [40] 3))"
      End
      Begin PaneConfiguration = 4
         NumPanes = 2
         Configuration = "(H (1 [56] 3))"
      End
      Begin PaneConfiguration = 5
         NumPanes = 2
         Configuration = "(H (2 [66] 3))"
      End
      Begin PaneConfiguration = 6
         NumPanes = 2
         Configuration = "(H (4 [50] 3))"
      End
      Begin PaneConfiguration = 7
         NumPanes = 1
         Configuration = "(V (3))"
      End
      Begin PaneConfiguration = 8
         NumPanes = 3
         Configuration = "(H (1[56] 4[18] 2) )"
      End
      Begin PaneConfiguration = 9
         NumPanes = 2
         Configuration = "(H (1 [75] 4))"
      End
      Begin PaneConfiguration = 10
         NumPanes = 2
         Configuration = "(H (1[66] 2) )"
      End
      Begin PaneConfiguration = 11
         NumPanes = 2
         Configuration = "(H (4 [60] 2))"
      End
      Begin PaneConfiguration = 12
         NumPanes = 1
         Configuration = "(H (1) )"
      End
      Begin PaneConfiguration = 13
         NumPanes = 1
         Configuration = "(V (4))"
      End
      Begin PaneConfiguration = 14
         NumPanes = 1
         Configuration = "(V (2))"
      End
      ActivePaneConfig = 0
   End
   Begin DiagramPane = 
      Begin Origin = 
         Top = 0
         Left = 0
      End
      Begin Tables = 
         Begin Table = "Store"
            Begin Extent = 
               Top = 7
               Left = 48
               Bottom = 170
               Right = 252
            End
            DisplayFlags = 280
            TopColumn = 0
         End
         Begin Table = "Staff"
            Begin Extent = 
               Top = 7
               Left = 300
               Bottom = 170
               Right = 504
            End
            DisplayFlags = 280
            TopColumn = 10
         End
         Begin Table = "Role"
            Begin Extent = 
               Top = 7
               Left = 552
               Bottom = 126
               Right = 730
            End
            DisplayFlags = 280
            TopColumn = 0
         End
         Begin Table = "Grade"
            Begin Extent = 
               Top = 7
               Left = 778
               Bottom = 148
               Right = 961
            End
            DisplayFlags = 280
            TopColumn = 0
         End
         Begin Table = "Department"
            Begin Extent = 
               Top = 7
               Left = 1009
               Bottom = 126
               Right = 1213
            End
            DisplayFlags = 280
            TopColumn = 0
         End
      End
   End
   Begin SQLPane = 
   End
   Begin DataPane = 
      Begin ParameterDefaults = ""
      End
      Begin ColumnWidths = 14
         Width = 284
         Width = 1200
         Width = 1200
         Width = 1200
         Width = 1200
         Width = 1200
         Width = 1200
         Width = 1200
         Width = 1200
         Width = 1200
         Width = 1200
         Width = 1200
         Width = 1200
         Width = 1200
      End
   End
   ' , @level0type=N'SCHEMA',@level0name=N'dbo', @level1type=N'VIEW',@level1name=N'Staff_View'
GO
EXEC sys.sp_addextendedproperty @name=N'MS_DiagramPane2', @value=N'Begin CriteriaPane = 
      Begin ColumnWidths = 11
         Column = 1440
         Alias = 900
         Table = 1176
         Output = 720
         Append = 1400
         NewValue = 1170
         SortType = 1356
         SortOrder = 1416
         GroupBy = 1356
         Filter = 1356
         Or = 1350
         Or = 1350
         Or = 1350
      End
   End
End
' , @level0type=N'SCHEMA',@level0name=N'dbo', @level1type=N'VIEW',@level1name=N'Staff_View'
GO
EXEC sys.sp_addextendedproperty @name=N'MS_DiagramPaneCount', @value=2 , @level0type=N'SCHEMA',@level0name=N'dbo', @level1type=N'VIEW',@level1name=N'Staff_View'
GO
EXEC sys.sp_addextendedproperty @name=N'MS_DiagramPane1', @value=N'[0E232FF0-B466-11cf-A24F-00AA00A3EFFF, 1.00]
Begin DesignProperties = 
   Begin PaneConfigurations = 
      Begin PaneConfiguration = 0
         NumPanes = 4
         Configuration = "(H (1[40] 4[20] 2[20] 3) )"
      End
      Begin PaneConfiguration = 1
         NumPanes = 3
         Configuration = "(H (1 [50] 4 [25] 3))"
      End
      Begin PaneConfiguration = 2
         NumPanes = 3
         Configuration = "(H (1 [50] 2 [25] 3))"
      End
      Begin PaneConfiguration = 3
         NumPanes = 3
         Configuration = "(H (4 [30] 2 [40] 3))"
      End
      Begin PaneConfiguration = 4
         NumPanes = 2
         Configuration = "(H (1 [56] 3))"
      End
      Begin PaneConfiguration = 5
         NumPanes = 2
         Configuration = "(H (2 [66] 3))"
      End
      Begin PaneConfiguration = 6
         NumPanes = 2
         Configuration = "(H (4 [50] 3))"
      End
      Begin PaneConfiguration = 7
         NumPanes = 1
         Configuration = "(V (3))"
      End
      Begin PaneConfiguration = 8
         NumPanes = 3
         Configuration = "(H (1[56] 4[18] 2) )"
      End
      Begin PaneConfiguration = 9
         NumPanes = 2
         Configuration = "(H (1 [75] 4))"
      End
      Begin PaneConfiguration = 10
         NumPanes = 2
         Configuration = "(H (1[66] 2) )"
      End
      Begin PaneConfiguration = 11
         NumPanes = 2
         Configuration = "(H (4 [60] 2))"
      End
      Begin PaneConfiguration = 12
         NumPanes = 1
         Configuration = "(H (1) )"
      End
      Begin PaneConfiguration = 13
         NumPanes = 1
         Configuration = "(V (4))"
      End
      Begin PaneConfiguration = 14
         NumPanes = 1
         Configuration = "(V (2))"
      End
      ActivePaneConfig = 0
   End
   Begin DiagramPane = 
      Begin Origin = 
         Top = 0
         Left = 0
      End
      Begin Tables = 
         Begin Table = "Subsidy"
            Begin Extent = 
               Top = 7
               Left = 48
               Bottom = 148
               Right = 250
            End
            DisplayFlags = 280
            TopColumn = 0
         End
         Begin Table = "Subsidy_Records"
            Begin Extent = 
               Top = 7
               Left = 298
               Bottom = 170
               Right = 471
            End
            DisplayFlags = 280
            TopColumn = 0
         End
         Begin Table = "Staff"
            Begin Extent = 
               Top = 7
               Left = 519
               Bottom = 170
               Right = 723
            End
            DisplayFlags = 280
            TopColumn = 0
         End
      End
   End
   Begin SQLPane = 
   End
   Begin DataPane = 
      Begin ParameterDefaults = ""
      End
   End
   Begin CriteriaPane = 
      Begin ColumnWidths = 11
         Column = 1440
         Alias = 900
         Table = 1176
         Output = 720
         Append = 1400
         NewValue = 1170
         SortType = 1356
         SortOrder = 1416
         GroupBy = 1350
         Filter = 1356
         Or = 1350
         Or = 1350
         Or = 1350
      End
   End
End
' , @level0type=N'SCHEMA',@level0name=N'dbo', @level1type=N'VIEW',@level1name=N'Subsidy_View'
GO
EXEC sys.sp_addextendedproperty @name=N'MS_DiagramPaneCount', @value=1 , @level0type=N'SCHEMA',@level0name=N'dbo', @level1type=N'VIEW',@level1name=N'Subsidy_View'
GO
EXEC sys.sp_addextendedproperty @name=N'MS_DiagramPane1', @value=N'[0E232FF0-B466-11cf-A24F-00AA00A3EFFF, 1.00]
Begin DesignProperties = 
   Begin PaneConfigurations = 
      Begin PaneConfiguration = 0
         NumPanes = 4
         Configuration = "(H (1[32] 4[29] 2[20] 3) )"
      End
      Begin PaneConfiguration = 1
         NumPanes = 3
         Configuration = "(H (1 [50] 4 [25] 3))"
      End
      Begin PaneConfiguration = 2
         NumPanes = 3
         Configuration = "(H (1 [50] 2 [25] 3))"
      End
      Begin PaneConfiguration = 3
         NumPanes = 3
         Configuration = "(H (4 [30] 2 [40] 3))"
      End
      Begin PaneConfiguration = 4
         NumPanes = 2
         Configuration = "(H (1 [56] 3))"
      End
      Begin PaneConfiguration = 5
         NumPanes = 2
         Configuration = "(H (2 [66] 3))"
      End
      Begin PaneConfiguration = 6
         NumPanes = 2
         Configuration = "(H (4 [50] 3))"
      End
      Begin PaneConfiguration = 7
         NumPanes = 1
         Configuration = "(V (3))"
      End
      Begin PaneConfiguration = 8
         NumPanes = 3
         Configuration = "(H (1[56] 4[18] 2) )"
      End
      Begin PaneConfiguration = 9
         NumPanes = 2
         Configuration = "(H (1 [75] 4))"
      End
      Begin PaneConfiguration = 10
         NumPanes = 2
         Configuration = "(H (1[66] 2) )"
      End
      Begin PaneConfiguration = 11
         NumPanes = 2
         Configuration = "(H (4 [60] 2))"
      End
      Begin PaneConfiguration = 12
         NumPanes = 1
         Configuration = "(H (1) )"
      End
      Begin PaneConfiguration = 13
         NumPanes = 1
         Configuration = "(V (4))"
      End
      Begin PaneConfiguration = 14
         NumPanes = 1
         Configuration = "(V (2))"
      End
      ActivePaneConfig = 0
   End
   Begin DiagramPane = 
      Begin Origin = 
         Top = 0
         Left = 0
      End
      Begin Tables = 
         Begin Table = "Grade"
            Begin Extent = 
               Top = 7
               Left = 48
               Bottom = 148
               Right = 231
            End
            DisplayFlags = 280
            TopColumn = 0
         End
         Begin Table = "Store"
            Begin Extent = 
               Top = 7
               Left = 279
               Bottom = 170
               Right = 483
            End
            DisplayFlags = 280
            TopColumn = 0
         End
         Begin Table = "Staff"
            Begin Extent = 
               Top = 7
               Left = 790
               Bottom = 170
               Right = 994
            End
            DisplayFlags = 280
            TopColumn = 0
         End
         Begin Table = "Wages_Records"
            Begin Extent = 
               Top = 7
               Left = 531
               Bottom = 170
               Right = 742
            End
            DisplayFlags = 280
            TopColumn = 7
         End
      End
   End
   Begin SQLPane = 
   End
   Begin DataPane = 
      Begin ParameterDefaults = ""
      End
      Begin ColumnWidths = 13
         Width = 284
         Width = 1200
         Width = 1200
         Width = 1200
         Width = 1200
         Width = 1200
         Width = 1200
         Width = 1200
         Width = 1200
         Width = 1200
         Width = 1200
         Width = 1200
         Width = 1200
      End
   End
   Begin CriteriaPane = 
      Begin ColumnWidths = 11
         Column = 1440
         Alias = 900
         Table = 1176
         Output = 720
         Append = 1400
         NewValue = 1170
         SortType = 1356
         SortOrder = 1416
         GroupBy = 1350
       ' , @level0type=N'SCHEMA',@level0name=N'dbo', @level1type=N'VIEW',@level1name=N'Wages_View'
GO
EXEC sys.sp_addextendedproperty @name=N'MS_DiagramPane2', @value=N'  Filter = 1356
         Or = 1350
         Or = 1350
         Or = 1350
      End
   End
End
' , @level0type=N'SCHEMA',@level0name=N'dbo', @level1type=N'VIEW',@level1name=N'Wages_View'
GO
EXEC sys.sp_addextendedproperty @name=N'MS_DiagramPaneCount', @value=2 , @level0type=N'SCHEMA',@level0name=N'dbo', @level1type=N'VIEW',@level1name=N'Wages_View'
GO
USE [master]
GO
ALTER DATABASE [Wagemanagement] SET  READ_WRITE 
GO
